icao24,callsign,dep_icao,dep_iata,dep_city,arr_icao,arr_iata,arr_city,dep_time_unix,arr_time_unix,dep_time_utc,arr_time_utc,dep_date,arr_date,duration_s
c080e0,WJA114,CYVR,YVR,Vancouver,CYYC,YYC,Calgary,1756761282,1756765459,2025-09-01T21:14:42+00:00,2025-09-01T22:24:19+00:00,2025-09-01,2025-09-01,4177
c050ae,ACA216,CYVR,YVR,Vancouver,CYYC,YYC,Calgary,1756758033,1756762090,2025-09-01T20:20:33+00:00,2025-09-01T21:28:10+00:00,2025-09-01,2025-09-01,4057
c03bf5,WJA112,CYVR,YVR,Vancouver,CYYC,YYC,Calgary,1756756363,1756760374,2025-09-01T19:52:43+00:00,2025-09-01T20:59:34+00:00,2025-09-01,2025-09-01,4011
c01e1f,FLE816,CYVR,YVR,Vancouver,CYYC,YYC,Calgary,1756753740,1756757438,2025-09-01T19:09:00+00:00,2025-09-01T20:10:38+00:00,2025-09-01,2025-09-01,3698
c07ef2,WJA166,CYVR,YVR,Vancouver,CYEG,YEG,Edmonton,1756753453,1756757592,2025-09-01T19:04:13+00:00,2025-09-01T20:13:12+00:00,2025-09-01,2025-09-01,4139
c080a6,WJA110,CYVR,YVR,Vancouver,CYYC,YYC,Calgary,1756752484,1756756273,2025-09-01T18:48:04+00:00,2025-09-01T19:51:13+00:00,2025-09-01,2025-09-01,3789
c007d0,ACA238,CYVR,YVR,Vancouver,CYEG,YEG,Edmonton,1756752375,1756756305,2025-09-01T18:46:15+00:00,2025-09-01T19:51:45+00:00,2025-09-01,2025-09-01,3930
c04688,ASP816,CYVR,YVR,Vancouver,CYYC,YYC,Calgary,1756751616,1756755239,2025-09-01T18:33:36+00:00,2025-09-01T19:33:59+00:00,2025-09-01,2025-09-01,3623
c02fb4,ASP814,CYVR,YVR,Vancouver,CYEG,YEG,Edmonton,1756749770,1756753757,2025-09-01T18:02:50+00:00,2025-09-01T19:09:17+00:00,2025-09-01,2025-09-01,3987
c00e5c,FLE806,CYVR,YVR,Vancouver,CYYC,YYC,Calgary,1756749499,1756753277,2025-09-01T17:58:19+00:00,2025-09-01T19:01:17+00:00,2025-09-01,2025-09-01,3778
c08862,POE304,CYVR,YVR,Vancouver,CYYZ,YYZ,Toronto,1756749161,1756764689,2025-09-01T17:52:41+00:00,2025-09-01T22:11:29+00:00,2025-09-01,2025-09-01,15528
c00734,WJA108,CYVR,YVR,Vancouver,CYYC,YYC,Calgary,1756748361,1756752020,2025-09-01T17:39:21+00:00,2025-09-01T18:40:20+00:00,2025-09-01,2025-09-01,3659
c028cd,WJA162,CYVR,YVR,Vancouver,CYEG,YEG,Edmonton,1756748059,1756752347,2025-09-01T17:34:19+00:00,2025-09-01T18:45:47+00:00,2025-09-01,2025-09-01,4288
c05030,ACA210,CYVR,YVR,Vancouver,CYYC,YYC,Calgary,1756746913,1756750879,2025-09-01T17:15:13+00:00,2025-09-01T18:21:19+00:00,2025-09-01,2025-09-01,3966
c03bfb,WJA708,CYVR,YVR,Vancouver,CYYZ,YYZ,Toronto,1756746536,1756761366,2025-09-01T17:08:56+00:00,2025-09-01T21:16:06+00:00,2025-09-01,2025-09-01,14830
c07f47,WEN3174,CYVR,YVR,Vancouver,CYYC,YYC,Calgary,1756745334,1756755809,2025-09-01T16:48:54+00:00,2025-09-01T19:43:29+00:00,2025-09-01,2025-09-01,10475
c00ec2,WJA106,CYVR,YVR,Vancouver,CYYC,YYC,Calgary,1756744830,1756748558,2025-09-01T16:40:30+00:00,2025-09-01T17:42:38+00:00,2025-09-01,2025-09-01,3728
c006ec,ACA236,CYVR,YVR,Vancouver,CYEG,YEG,Edmonton,1756744744,1756748683,2025-09-01T16:39:04+00:00,2025-09-01T17:44:43+00:00,2025-09-01,2025-09-01,3939
c052d3,WJA706,CYVR,YVR,Vancouver,CYYZ,YYZ,Toronto,1756743654,1756758503,2025-09-01T16:20:54+00:00,2025-09-01T20:28:23+00:00,2025-09-01,2025-09-01,14849
c01729,ACA34,CYVR,YVR,Vancouver,CYYZ,YYZ,Toronto,1756743376,1756757369,2025-09-01T16:16:16+00:00,2025-09-01T20:09:29+00:00,2025-09-01,2025-09-01,13993
c0618e,POE372,CYVR,YVR,Vancouver,CYUL,YUL,Montreal,1756743257,1756760106,2025-09-01T16:14:17+00:00,2025-09-01T20:55:06+00:00,2025-09-01,2025-09-01,16849
c007d8,ACA204,CYVR,YVR,Vancouver,CYYC,YYC,Calgary,1756742044,1756745754,2025-09-01T15:54:04+00:00,2025-09-01T16:55:54+00:00,2025-09-01,2025-09-01,3710
c0187a,JZA7776,CYVR,YVR,Vancouver,CYEG,YEG,Edmonton,1756741812,1756745989,2025-09-01T15:50:12+00:00,2025-09-01T16:59:49+00:00,2025-09-01,2025-09-01,4177
c03bf7,WJA107,CYVR,YVR,Vancouver,CYYC,YYC,Calgary,1756741419,1756745216,2025-09-01T15:43:39+00:00,2025-09-01T16:46:56+00:00,2025-09-01,2025-09-01,3797
c080ac,WJA164,CYVR,YVR,Vancouver,CYEG,YEG,Edmonton,1756740030,1756744089,2025-09-01T15:20:30+00:00,2025-09-01T16:28:09+00:00,2025-09-01,2025-09-01,4059
c01d7e,FLE800,CYVR,YVR,Vancouver,CYYC,YYC,Calgary,1756738662,1756742450,2025-09-01T14:57:42+00:00,2025-09-01T16:00:50+00:00,2025-09-01,2025-09-01,3788
c02fed,ACA104,CYVR,YVR,Vancouver,CYYZ,YYZ,Toronto,1756738575,1756753313,2025-09-01T14:56:15+00:00,2025-09-01T19:01:53+00:00,2025-09-01,2025-09-01,14738
c08857,POE302,CYVR,YVR,Vancouver,CYYZ,YYZ,Toronto,1756738320,1756753884,2025-09-01T14:52:00+00:00,2025-09-01T19:11:24+00:00,2025-09-01,2025-09-01,15564
c00700,ACA232,CYVR,YVR,Vancouver,CYEG,YEG,Edmonton,1756738029,1756742003,2025-09-01T14:47:09+00:00,2025-09-01T15:53:23+00:00,2025-09-01,2025-09-01,3974
c010cb,ACA302,CYVR,YVR,Vancouver,CYUL,YUL,Montreal,1756737961,1756754546,2025-09-01T14:46:01+00:00,2025-09-01T19:22:26+00:00,2025-09-01,2025-09-01,16585
c066dd,ACA202,CYVR,YVR,Vancouver,CYYC,YYC,Calgary,1756735746,1756739501,2025-09-01T14:09:06+00:00,2025-09-01T15:11:41+00:00,2025-09-01,2025-09-01,3755
c01cae,WJA102,CYVR,YVR,Vancouver,CYYC,YYC,Calgary,1756735600,1756739334,2025-09-01T14:06:40+00:00,2025-09-01T15:08:54+00:00,2025-09-01,2025-09-01,3734
c01e1f,FLE822,CYVR,YVR,Vancouver,CYEG,YEG,Edmonton,1756735417,1756739637,2025-09-01T14:03:37+00:00,2025-09-01T15:13:57+00:00,2025-09-01,2025-09-01,4220
c02f21,WJA100,CYVR,YVR,Vancouver,CYYC,YYC,Calgary,1756735117,1756738679,2025-09-01T13:58:37+00:00,2025-09-01T14:57:59+00:00,2025-09-01,2025-09-01,3562
c08106,WJA700,CYVR,YVR,Vancouver,CYYZ,YYZ,Toronto,1756733223,1756748366,2025-09-01T13:27:03+00:00,2025-09-01T17:39:26+00:00,2025-09-01,2025-09-01,15143
c07ef2,WJA160,CYVR,YVR,Vancouver,CYEG,YEG,Edmonton,1756733002,1756737088,2025-09-01T13:23:22+00:00,2025-09-01T14:31:28+00:00,2025-09-01,2025-09-01,4086
c05eb1,ACA100,CYVR,YVR,Vancouver,CYYZ,YYZ,Toronto,1756732216,1756747378,2025-09-01T13:10:16+00:00,2025-09-01T17:22:58+00:00,2025-09-01,2025-09-01,15162
c041b9,WJA136,CYVR,YVR,Vancouver,CYYC,YYC,Calgary,1756732050,1756735755,2025-09-01T13:07:30+00:00,2025-09-01T14:09:15+00:00,2025-09-01,2025-09-01,3705
c058d5,ACA182,CYVR,YVR,Vancouver,CYYZ,YYZ,Toronto,1756714081,1756728363,2025-09-01T08:08:01+00:00,2025-09-01T12:06:03+00:00,2025-09-01,2025-09-01,14282
c0473b,CJT2385,CYVR,YVR,Vancouver,CYYC,YYC,Calgary,1756712597,1756715987,2025-09-01T07:43:17+00:00,2025-09-01T08:39:47+00:00,2025-09-01,2025-09-01,3390
c0307c,ACA188,CYVR,YVR,Vancouver,CYYZ,YYZ,Toronto,1756712346,1756727543,2025-09-01T07:39:06+00:00,2025-09-01T11:52:23+00:00,2025-09-01,2025-09-01,15197
c0534e,FLE602,CYVR,YVR,Vancouver,CYYZ,YYZ,Toronto,1756711849,1756727249,2025-09-01T07:30:49+00:00,2025-09-01T11:47:29+00:00,2025-09-01,2025-09-01,15400
c05067,ACA314,CYVR,YVR,Vancouver,CYUL,YUL,Montreal,1756711567,1756727892,2025-09-01T07:26:07+00:00,2025-09-01T11:58:12+00:00,2025-09-01,2025-09-01,16325
c03f37,WJA564,CYVR,YVR,Vancouver,CYUL,YUL,Montreal,1756710275,1756726738,2025-09-01T07:04:35+00:00,2025-09-01T11:38:58+00:00,2025-09-01,2025-09-01,16463
c0583a,ACA128,CYVR,YVR,Vancouver,CYYZ,YYZ,Toronto,1756708564,1756723258,2025-09-01T06:36:04+00:00,2025-09-01T10:40:58+00:00,2025-09-01,2025-09-01,14694
c00e5c,FLE600,CYVR,YVR,Vancouver,CYYZ,YYZ,Toronto,1756708088,1756723790,2025-09-01T06:28:08+00:00,2025-09-01T10:49:50+00:00,2025-09-01,2025-09-01,15702
c0360e,WJA724,CYVR,YVR,Vancouver,CYYZ,YYZ,Toronto,1756707823,1756723670,2025-09-01T06:23:43+00:00,2025-09-01T10:47:50+00:00,2025-09-01,2025-09-01,15847
c0501e,ACA126,CYVR,YVR,Vancouver,CYYZ,YYZ,Toronto,1756705320,1756720491,2025-09-01T05:42:00+00:00,2025-09-01T09:54:51+00:00,2025-09-01,2025-09-01,15171
c0332c,ACA228,CYVR,YVR,Vancouver,CYYC,YYC,Calgary,1756704630,1756708169,2025-09-01T05:30:30+00:00,2025-09-01T06:29:29+00:00,2025-09-01,2025-09-01,3539
c03bfb,WJA132,CYVR,YVR,Vancouver,CYYC,YYC,Calgary,1756703858,1756707428,2025-09-01T05:17:38+00:00,2025-09-01T06:17:08+00:00,2025-09-01,2025-09-01,3570
c06175,POE318,CYVR,YVR,Vancouver,CYYZ,YYZ,Toronto,1756703742,1756719563,2025-09-01T05:15:42+00:00,2025-09-01T09:39:23+00:00,2025-09-01,2025-09-01,15821
c08260,WJA128,CYVR,YVR,Vancouver,CYYC,YYC,Calgary,1756699926,1756703626,2025-09-01T04:12:06+00:00,2025-09-01T05:13:46+00:00,2025-09-01,2025-09-01,3700
c04eb6,ACA7202,CYVR,YVR,Vancouver,CYYZ,YYZ,Toronto,1756698873,1756713998,2025-09-01T03:54:33+00:00,2025-09-01T08:06:38+00:00,2025-09-01,2025-09-01,15125
c05030,ACA226,CYVR,YVR,Vancouver,CYYC,YYC,Calgary,1756695109,1756698920,2025-09-01T02:51:49+00:00,2025-09-01T03:55:20+00:00,2025-09-01,2025-09-01,3811
c02ae3,WJA126,CYVR,YVR,Vancouver,CYYC,YYC,Calgary,1756694870,1756698762,2025-09-01T02:47:50+00:00,2025-09-01T03:52:42+00:00,2025-09-01,2025-09-01,3892
c08081,WJA124,CYVR,YVR,Vancouver,CYYC,YYC,Calgary,1756691624,1756695545,2025-09-01T01:53:44+00:00,2025-09-01T02:59:05+00:00,2025-09-01,2025-09-01,3921
c052d3,WJA122,CYVR,YVR,Vancouver,CYYC,YYC,Calgary,1756690863,1756694489,2025-09-01T01:41:03+00:00,2025-09-01T02:41:29+00:00,2025-09-01,2025-09-01,3626
c05086,ACA224,CYVR,YVR,Vancouver,CYYC,YYC,Calgary,1756690151,1756694003,2025-09-01T01:29:11+00:00,2025-09-01T02:33:23+00:00,2025-09-01,2025-09-01,3852
c01e11,FLE804,CYVR,YVR,Vancouver,CYYC,YYC,Calgary,1756689559,1756693370,2025-09-01T01:19:19+00:00,2025-09-01T02:22:50+00:00,2025-09-01,2025-09-01,3811
c010f6,ACA124,CYVR,YVR,Vancouver,CYYZ,YYZ,Toronto,1756687159,1756702333,2025-09-01T00:39:19+00:00,2025-09-01T04:52:13+00:00,2025-09-01,2025-09-01,15174
c03517,WJA722,CYVR,YVR,Vancouver,CYYZ,YYZ,Toronto,1756685948,1756701989,2025-09-01T00:19:08+00:00,2025-09-01T04:46:29+00:00,2025-09-01,2025-09-01,16041
c00d51,FLE612,CYVR,YVR,Vancouver,CYYZ,YYZ,Toronto,1756685746,1756701464,2025-09-01T00:15:46+00:00,2025-09-01T04:37:44+00:00,2025-09-01,2025-09-01,15718
c05ea6,ACA186,CYVR,YVR,Vancouver,CYYZ,YYZ,Toronto,1756685363,1756700932,2025-09-01T00:09:23+00:00,2025-09-01T04:28:52+00:00,2025-09-01,2025-09-01,15569
c01e28,ACA312,CYVR,YVR,Vancouver,CYUL,YUL,Montreal,1756684978,1756701504,2025-09-01T00:02:58+00:00,2025-09-01T04:38:24+00:00,2025-09-01,2025-09-01,16526
c0618c,POE308,CYVR,YVR,Vancouver,CYYZ,YYZ,Toronto,1756684808,1756700106,2025-09-01T00:00:08+00:00,2025-09-01T04:15:06+00:00,2025-09-01,2025-09-01,15298
c07fb0,WJA119,CYYC,YYC,Calgary,CYVR,YVR,Vancouver,1756760745,1756764431,2025-09-01T21:05:45+00:00,2025-09-01T22:07:11+00:00,2025-09-01,2025-09-01,3686
c00e5c,FLE807,CYYC,YYC,Calgary,CYVR,YVR,Vancouver,1756758225,1756762049,2025-09-01T20:23:45+00:00,2025-09-01T21:27:29+00:00,2025-09-01,2025-09-01,3824
c00734,WJA117,CYYC,YYC,Calgary,CYVR,YVR,Vancouver,1756757520,1756761199,2025-09-01T20:12:00+00:00,2025-09-01T21:13:19+00:00,2025-09-01,2025-09-01,3679
c049e9,WJA253,CYYC,YYC,Calgary,CYEG,YEG,Edmonton,1756757160,1756758898,2025-09-01T20:06:00+00:00,2025-09-01T20:34:58+00:00,2025-09-01,2025-09-01,1738
c05030,ACA217,CYYC,YYC,Calgary,CYVR,YVR,Vancouver,1756756114,1756759734,2025-09-01T19:48:34+00:00,2025-09-01T20:48:54+00:00,2025-09-01,2025-09-01,3620
c0637c,WJA115,CYYC,YYC,Calgary,CYVR,YVR,Vancouver,1756754748,1756758529,2025-09-01T19:25:48+00:00,2025-09-01T20:28:49+00:00,2025-09-01,2025-09-01,3781
c063fe,NCB9870,CYYC,YYC,Calgary,CYEG,YEG,Edmonton,1756754493,1756756889,2025-09-01T19:21:33+00:00,2025-09-01T20:01:29+00:00,2025-09-01,2025-09-01,2396
c049fd,WJA664,CYYC,YYC,Calgary,CYYZ,YYZ,Toronto,1756754081,1756766653,2025-09-01T19:14:41+00:00,2025-09-01T22:44:13+00:00,2025-09-01,2025-09-01,12572
c041b9,WJA239,CYYC,YYC,Calgary,CYEG,YEG,Edmonton,1756753930,1756755884,2025-09-01T19:12:10+00:00,2025-09-01T19:44:44+00:00,2025-09-01,2025-09-01,1954
c0243e,NCB9860,CYYC,YYC,Calgary,CYEG,YEG,Edmonton,1756753196,1756755576,2025-09-01T18:59:56+00:00,2025-09-01T19:39:36+00:00,2025-09-01,2025-09-01,2380
c0583a,ACA146,CYYC,YYC,Calgary,CYYZ,YYZ,Toronto,1756752335,1756764227,2025-09-01T18:45:35+00:00,2025-09-01T22:03:47+00:00,2025-09-01,2025-09-01,11892
c05efd,JZA133,CYYC,YYC,Calgary,CYEG,YEG,Edmonton,1756751940,1756754068,2025-09-01T18:39:00+00:00,2025-09-01T19:14:28+00:00,2025-09-01,2025-09-01,2128
c03bf7,WJA113,CYYC,YYC,Calgary,CYVR,YVR,Vancouver,1756751882,1756756127,2025-09-01T18:38:02+00:00,2025-09-01T19:48:47+00:00,2025-09-01,2025-09-01,4245
c00088,CNK381,CYYC,YYC,Calgary,CYEG,YEG,Edmonton,1756750950,1756753302,2025-09-01T18:22:30+00:00,2025-09-01T19:01:42+00:00,2025-09-01,2025-09-01,2352
c05054,ACA324,CYYC,YYC,Calgary,CYUL,YUL,Montreal,1756750809,1756764798,2025-09-01T18:20:09+00:00,2025-09-01T22:13:18+00:00,2025-09-01,2025-09-01,13989
c007d8,ACA211,CYYC,YYC,Calgary,CYVR,YVR,Vancouver,1756750657,1756754689,2025-09-01T18:17:37+00:00,2025-09-01T19:24:49+00:00,2025-09-01,2025-09-01,4032
c063c2,CWA922,CYYC,YYC,Calgary,CYEG,YEG,Edmonton,1756749780,1756752222,2025-09-01T18:03:00+00:00,2025-09-01T18:43:42+00:00,2025-09-01,2025-09-01,2442
c080a4,WJA660,CYYC,YYC,Calgary,CYYZ,YYZ,Toronto,1756748621,1756761025,2025-09-01T17:43:41+00:00,2025-09-01T21:10:25+00:00,2025-09-01,2025-09-01,12404
c063c8,CWA927,CYYC,YYC,Calgary,CYEG,YEG,Edmonton,1756748470,1756750810,2025-09-01T17:41:10+00:00,2025-09-01T18:20:10+00:00,2025-09-01,2025-09-01,2340
c03bf5,WJA111,CYYC,YYC,Calgary,CYVR,YVR,Vancouver,1756747870,1756751994,2025-09-01T17:31:10+00:00,2025-09-01T18:39:54+00:00,2025-09-01,2025-09-01,4124
c01d7e,FLE801,CYYC,YYC,Calgary,CYVR,YVR,Vancouver,1756747200,1756751272,2025-09-01T17:20:00+00:00,2025-09-01T18:27:52+00:00,2025-09-01,2025-09-01,4072
c0256e,WEN3317,CYYC,YYC,Calgary,CYEG,YEG,Edmonton,1756745611,1756747718,2025-09-01T16:53:31+00:00,2025-09-01T17:28:38+00:00,2025-09-01,2025-09-01,2107
c066dd,ACA209,CYYC,YYC,Calgary,CYVR,YVR,Vancouver,1756745295,1756749536,2025-09-01T16:48:15+00:00,2025-09-01T17:58:56+00:00,2025-09-01,2025-09-01,4241
c05bcf,ACA142,CYYC,YYC,Calgary,CYYZ,YYZ,Toronto,1756744730,1756757005,2025-09-01T16:38:50+00:00,2025-09-01T20:03:25+00:00,2025-09-01,2025-09-01,12275
c07ee8,WJA212,CYYC,YYC,Calgary,CYUL,YUL,Montreal,1756744554,1756758890,2025-09-01T16:35:54+00:00,2025-09-01T20:34:50+00:00,2025-09-01,2025-09-01,14336
c040e8,WJA658,CYYC,YYC,Calgary,CYYZ,YYZ,Toronto,1756744200,1756756798,2025-09-01T16:30:00+00:00,2025-09-01T19:59:58+00:00,2025-09-01,2025-09-01,12598
c02f21,WJA109,CYYC,YYC,Calgary,CYVR,YVR,Vancouver,1756743497,1756747484,2025-09-01T16:18:17+00:00,2025-09-01T17:24:44+00:00,2025-09-01,2025-09-01,3987
c05d7b,WJA910,CYYC,YYC,Calgary,CYYZ,YYZ,Toronto,1756742577,1756755021,2025-09-01T16:02:57+00:00,2025-09-01T19:30:21+00:00,2025-09-01,2025-09-01,12444
c04d13,WEN3173,CYYC,YYC,Calgary,CYVR,YVR,Vancouver,1756742297,1756755987,2025-09-01T15:58:17+00:00,2025-09-01T19:46:27+00:00,2025-09-01,2025-09-01,13690
c010f6,ACA138,CYYC,YYC,Calgary,CYYZ,YYZ,Toronto,1756741610,1756754501,2025-09-01T15:46:50+00:00,2025-09-01T19:21:41+00:00,2025-09-01,2025-09-01,12891
c07ee6,WJA656,CYYC,YYC,Calgary,CYYZ,YYZ,Toronto,1756739977,1756752582,2025-09-01T15:19:37+00:00,2025-09-01T18:49:42+00:00,2025-09-01,2025-09-01,12605
c00734,WJA107,CYYC,YYC,Calgary,CYVR,YVR,Vancouver,1756739811,1756743771,2025-09-01T15:16:51+00:00,2025-09-01T16:22:51+00:00,2025-09-01,2025-09-01,3960
c05030,ACA205,CYYC,YYC,Calgary,CYVR,YVR,Vancouver,1756737782,1756741669,2025-09-01T14:43:02+00:00,2025-09-01T15:47:49+00:00,2025-09-01,2025-09-01,3887
c035cc,WJA654,CYYC,YYC,Calgary,CYYZ,YYZ,Toronto,1756736593,1756749414,2025-09-01T14:23:13+00:00,2025-09-01T17:56:54+00:00,2025-09-01,2025-09-01,12821
c05eac,ACA136,CYYC,YYC,Calgary,CYYZ,YYZ,Toronto,1756736294,1756749088,2025-09-01T14:18:14+00:00,2025-09-01T17:51:28+00:00,2025-09-01,2025-09-01,12794
c060c6,POE384,CYYC,YYC,Calgary,CYUL,YUL,Montreal,1756736021,1756750679,2025-09-01T14:13:41+00:00,2025-09-01T18:17:59+00:00,2025-09-01,2025-09-01,14658
c03bfb,WJA105,CYYC,YYC,Calgary,CYVR,YVR,Vancouver,1756735844,1756739753,2025-09-01T14:10:44+00:00,2025-09-01T15:15:53+00:00,2025-09-01,2025-09-01,3909
c04463,WJA103,CYYC,YYC,Calgary,CYVR,YVR,Vancouver,1756733189,1756737372,2025-09-01T13:26:29+00:00,2025-09-01T14:36:12+00:00,2025-09-01,2025-09-01,4183
c05044,ACA203,CYYC,YYC,Calgary,CYVR,YVR,Vancouver,1756733130,1756737138,2025-09-01T13:25:30+00:00,2025-09-01T14:32:18+00:00,2025-09-01,2025-09-01,4008
c050a0,WEN3395,CYYC,YYC,Calgary,CYEG,YEG,Edmonton,1756733037,1756735258,2025-09-01T13:23:57+00:00,2025-09-01T14:00:58+00:00,2025-09-01,2025-09-01,2221
c060c4,POE352,CYYC,YYC,Calgary,CYYZ,YYZ,Toronto,1756732920,1756745532,2025-09-01T13:22:00+00:00,2025-09-01T16:52:12+00:00,2025-09-01,2025-09-01,12612
c08497,ACA134,CYYC,YYC,Calgary,CYYZ,YYZ,Toronto,1756732840,1756745265,2025-09-01T13:20:40+00:00,2025-09-01T16:47:45+00:00,2025-09-01,2025-09-01,12425
c01ebb,FLE622,CYYC,YYC,Calgary,CYYZ,YYZ,Toronto,1756732546,1756745625,2025-09-01T13:15:46+00:00,2025-09-01T16:53:45+00:00,2025-09-01,2025-09-01,13079
c00088,CNK381,CYYC,YYC,Calgary,CYEG,YEG,Edmonton,1756730657,1756732969,2025-09-01T12:44:17+00:00,2025-09-01T13:22:49+00:00,2025-09-01,2025-09-01,2312
c052d5,WJA650,CYYC,YYC,Calgary,CYYZ,YYZ,Toronto,1756730315,1756742991,2025-09-01T12:38:35+00:00,2025-09-01T16:09:51+00:00,2025-09-01,2025-09-01,12676
c05086,ACA201,CYYC,YYC,Calgary,CYVR,YVR,Vancouver,1756730031,1756734158,2025-09-01T12:33:51+00:00,2025-09-01T13:42:38+00:00,2025-09-01,2025-09-01,4127
c013d1,NCB1796,CYYC,YYC,Calgary,CYEG,YEG,Edmonton,1756729895,1756733385,2025-09-01T12:31:35+00:00,2025-09-01T13:29:45+00:00,2025-09-01,2025-09-01,3490
c013de,AKT1708,CYYC,YYC,Calgary,CYEG,YEG,Edmonton,1756728809,1756730564,2025-09-01T12:13:29+00:00,2025-09-01T12:42:44+00:00,2025-09-01,2025-09-01,1755
c0332c,ACA318,CYYC,YYC,Calgary,CYUL,YUL,Montreal,1756728637,1756742664,2025-09-01T12:10:37+00:00,2025-09-01T16:04:24+00:00,2025-09-01,2025-09-01,14027
c010ec,ACA130,CYYC,YYC,Calgary,CYYZ,YYZ,Toronto,1756728428,1756740834,2025-09-01T12:07:08+00:00,2025-09-01T15:33:54+00:00,2025-09-01,2025-09-01,12406
c02029,MAL7055,CYYC,YYC,Calgary,CYVR,YVR,Vancouver,1756723455,1756727313,2025-09-01T10:44:15+00:00,2025-09-01T11:48:33+00:00,2025-09-01,2025-09-01,3858
c0583f,ACA316,CYYC,YYC,Calgary,CYUL,YUL,Montreal,1756712533,1756725706,2025-09-01T07:42:13+00:00,2025-09-01T11:21:46+00:00,2025-09-01,2025-09-01,13173
c05bd6,ACA132,CYYC,YYC,Calgary,CYYZ,YYZ,Toronto,1756711838,1756724789,2025-09-01T07:30:38+00:00,2025-09-01T11:06:29+00:00,2025-09-01,2025-09-01,12951
c06156,WJA646,CYYC,YYC,Calgary,CYYZ,YYZ,Toronto,1756711182,1756724549,2025-09-01T07:19:42+00:00,2025-09-01T11:02:29+00:00,2025-09-01,2025-09-01,13367
c01e1a,FLE628,CYYC,YYC,Calgary,CYYZ,YYZ,Toronto,1756710069,1756723229,2025-09-01T07:01:09+00:00,2025-09-01T10:40:29+00:00,2025-09-01,2025-09-01,13160
c02207,WJA652,CYYC,YYC,Calgary,CYYZ,YYZ,Toronto,1756708298,1756720739,2025-09-01T06:31:38+00:00,2025-09-01T09:58:59+00:00,2025-09-01,2025-09-01,12441
c060bc,POE364,CYYC,YYC,Calgary,CYYZ,YYZ,Toronto,1756706867,1756719799,2025-09-01T06:07:47+00:00,2025-09-01T09:43:19+00:00,2025-09-01,2025-09-01,12932
c05bd2,ACA154,CYYC,YYC,Calgary,CYYZ,YYZ,Toronto,1756705953,1756718815,2025-09-01T05:52:33+00:00,2025-09-01T09:26:55+00:00,2025-09-01,2025-09-01,12862
c0153b,WJA135,CYYC,YYC,Calgary,CYVR,YVR,Vancouver,1756705783,1756709873,2025-09-01T05:49:43+00:00,2025-09-01T06:57:53+00:00,2025-09-01,2025-09-01,4090
c00ec2,WJA133,CYYC,YYC,Calgary,CYVR,YVR,Vancouver,1756702219,1756706185,2025-09-01T04:50:19+00:00,2025-09-01T05:56:25+00:00,2025-09-01,2025-09-01,3966
c052d3,WJA131,CYYC,YYC,Calgary,CYVR,YVR,Vancouver,1756700820,1756704832,2025-09-01T04:27:00+00:00,2025-09-01T05:33:52+00:00,2025-09-01,2025-09-01,4012
c00757,ACA227,CYYC,YYC,Calgary,CYVR,YVR,Vancouver,1756699150,1756703383,2025-09-01T03:59:10+00:00,2025-09-01T05:09:43+00:00,2025-09-01,2025-09-01,4233
c0473b,CJT2385,CYYC,YYC,Calgary,CYVR,YVR,Vancouver,1756698392,1756702497,2025-09-01T03:46:32+00:00,2025-09-01T04:54:57+00:00,2025-09-01,2025-09-01,4105
c01e11,FLE805,CYYC,YYC,Calgary,CYVR,YVR,Vancouver,1756697858,1756702008,2025-09-01T03:37:38+00:00,2025-09-01T04:46:48+00:00,2025-09-01,2025-09-01,4150
c06080,ACA158,CYYC,YYC,Calgary,CYYZ,YYZ,Toronto,1756694344,1756706734,2025-09-01T02:39:04+00:00,2025-09-01T06:05:34+00:00,2025-09-01,2025-09-01,12390
c080a2,WJA129,CYYC,YYC,Calgary,CYVR,YVR,Vancouver,1756693655,1756697603,2025-09-01T02:27:35+00:00,2025-09-01T03:33:23+00:00,2025-09-01,2025-09-01,3948
c01d7e,FLE809,CYYC,YYC,Calgary,CYVR,YVR,Vancouver,1756691784,1756695743,2025-09-01T01:56:24+00:00,2025-09-01T03:02:23+00:00,2025-09-01,2025-09-01,3959
c08260,WJA127,CYYC,YYC,Calgary,CYVR,YVR,Vancouver,1756691267,1756695136,2025-09-01T01:47:47+00:00,2025-09-01T02:52:16+00:00,2025-09-01,2025-09-01,3869
c004e9,WJA676,CYYC,YYC,Calgary,CYYZ,YYZ,Toronto,1756688270,1756700959,2025-09-01T00:57:50+00:00,2025-09-01T04:29:19+00:00,2025-09-01,2025-09-01,12689
c080ae,WJA125,CYYC,YYC,Calgary,CYVR,YVR,Vancouver,1756687626,1756691502,2025-09-01T00:47:06+00:00,2025-09-01T01:51:42+00:00,2025-09-01,2025-09-01,3876
c066b6,WJA214,CYYC,YYC,Calgary,CYUL,YUL,Montreal,1756687208,1756701140,2025-09-01T00:40:08+00:00,2025-09-01T04:32:20+00:00,2025-09-01,2025-09-01,13932
c05bcf,ACA152,CYYC,YYC,Calgary,CYYZ,YYZ,Toronto,1756686563,1756699311,2025-09-01T00:29:23+00:00,2025-09-01T04:01:51+00:00,2025-09-01,2025-09-01,12748
c05030,ACA223,CYYC,YYC,Calgary,CYVR,YVR,Vancouver,1756686045,1756689822,2025-09-01T00:20:45+00:00,2025-09-01T01:23:42+00:00,2025-09-01,2025-09-01,3777
c00dce,FLE626,CYYC,YYC,Calgary,CYYZ,YYZ,Toronto,1756685393,1756698615,2025-09-01T00:09:53+00:00,2025-09-01T03:50:15+00:00,2025-09-01,2025-09-01,13222
c049e9,WJA244,CYEG,YEG,Edmonton,CYYC,YYC,Calgary,1756765320,1756767263,2025-09-01T22:22:00+00:00,2025-09-01T22:54:23+00:00,2025-09-01,2025-09-01,1943
c07ef2,WJA171,CYEG,YEG,Edmonton,CYVR,YVR,Vancouver,1756762401,1756766530,2025-09-01T21:33:21+00:00,2025-09-01T22:42:10+00:00,2025-09-01,2025-09-01,4129
c063c8,CWA927,CYEG,YEG,Edmonton,CYYC,YYC,Calgary,1756761540,1756763721,2025-09-01T21:19:00+00:00,2025-09-01T21:55:21+00:00,2025-09-01,2025-09-01,2181
c007d0,ACA243,CYEG,YEG,Edmonton,CYVR,YVR,Vancouver,1756761279,1756765405,2025-09-01T21:14:39+00:00,2025-09-01T22:23:25+00:00,2025-09-01,2025-09-01,4126
c013dc,1506,CYEG,YEG,Edmonton,CYYC,YYC,Calgary,1756760805,1756762714,2025-09-01T21:06:45+00:00,2025-09-01T21:38:34+00:00,2025-09-01,2025-09-01,1909
c041b9,WJA152,CYEG,YEG,Edmonton,CYYC,YYC,Calgary,1756760359,1756762247,2025-09-01T20:59:19+00:00,2025-09-01T21:30:47+00:00,2025-09-01,2025-09-01,1888
c063c2,CWA922,CYEG,YEG,Edmonton,CYYC,YYC,Calgary,1756717176,1756719403,2025-09-01T08:59:36+00:00,2025-09-01T09:36:43+00:00,2025-09-01,2025-09-01,2227
c05054,ACA332,CYEG,YEG,Edmonton,CYUL,YUL,Montreal,1756711230,1756725054,2025-09-01T07:20:30+00:00,2025-09-01T11:10:54+00:00,2025-09-01,2025-09-01,13824
c084a3,ACA178,CYEG,YEG,Edmonton,CYYZ,YYZ,Toronto,1756711059,1756724060,2025-09-01T07:17:39+00:00,2025-09-01T10:54:20+00:00,2025-09-01,2025-09-01,13001
c01dcb,FLE630,CYEG,YEG,Edmonton,CYYZ,YYZ,Toronto,1756710708,1756723882,2025-09-01T07:11:48+00:00,2025-09-01T10:51:22+00:00,2025-09-01,2025-09-01,13174
c060bd,POE410,CYEG,YEG,Edmonton,CYYZ,YYZ,Toronto,1756707445,1756720767,2025-09-01T06:17:25+00:00,2025-09-01T09:59:27+00:00,2025-09-01,2025-09-01,13322
c01cae,WJA177,CYEG,YEG,Edmonton,CYVR,YVR,Vancouver,1756699876,1756704316,2025-09-01T04:11:16+00:00,2025-09-01T05:25:16+00:00,2025-09-01,2025-09-01,4440
c00e5c,FLE833,CYEG,YEG,Edmonton,CYVR,YVR,Vancouver,1756697095,1756701618,2025-09-01T03:24:55+00:00,2025-09-01T04:40:18+00:00,2025-09-01,2025-09-01,4523
c055d2,JZA7130,CYEG,YEG,Edmonton,CYVR,YVR,Vancouver,1756695425,1756701496,2025-09-01T02:57:05+00:00,2025-09-01T04:38:16+00:00,2025-09-01,2025-09-01,6071
c07eee,WJA240,CYEG,YEG,Edmonton,CYYC,YYC,Calgary,1756694892,1756697009,2025-09-01T02:48:12+00:00,2025-09-01T03:23:29+00:00,2025-09-01,2025-09-01,2117
c0192e,ACA176,CYEG,YEG,Edmonton,CYYZ,YYZ,Toronto,1756693174,1756705337,2025-09-01T02:19:34+00:00,2025-09-01T05:42:17+00:00,2025-09-01,2025-09-01,12163
c050ae,ACA245,CYEG,YEG,Edmonton,CYVR,YVR,Vancouver,1756690715,1756695239,2025-09-01T01:38:35+00:00,2025-09-01T02:53:59+00:00,2025-09-01,2025-09-01,4524
c03c05,WJA438,CYEG,YEG,Edmonton,CYYZ,YYZ,Toronto,1756688350,1756701262,2025-09-01T00:59:10+00:00,2025-09-01T04:34:22+00:00,2025-09-01,2025-09-01,12912
c03af2,WJA175,CYEG,YEG,Edmonton,CYVR,YVR,Vancouver,1756687534,1756691728,2025-09-01T00:45:34+00:00,2025-09-01T01:55:28+00:00,2025-09-01,2025-09-01,4194
c080d9,ACA174,CYEG,YEG,Edmonton,CYYZ,YYZ,Toronto,1756684934,1756697661,2025-09-01T00:02:14+00:00,2025-09-01T03:34:21+00:00,2025-09-01,2025-09-01,12727
c01f52,WJA316,CYEG,YEG,Edmonton,CYYC,YYC,Calgary,1756684856,1756686863,2025-09-01T00:00:56+00:00,2025-09-01T00:34:23+00:00,2025-09-01,2025-09-01,2007
c008f0,JZA7781,CYEG,YEG,Edmonton,CYVR,YVR,Vancouver,1756684805,1756688996,2025-09-01T00:00:05+00:00,2025-09-01T01:09:56+00:00,2025-09-01,2025-09-01,4191
c04fbb,ACA8XC,CYYZ,YYZ,Toronto,CYUL,YUL,Montreal,1756761060,1756765109,2025-09-01T21:11:00+00:00,2025-09-01T22:18:29+00:00,2025-09-01,2025-09-01,4049
c060c8,POE125,CYYZ,YYZ,Toronto,CYUL,YUL,Montreal,1756758609,1756762455,2025-09-01T20:30:09+00:00,2025-09-01T21:34:15+00:00,2025-09-01,2025-09-01,3846
c06a7d,TSC411,CYYZ,YYZ,Toronto,CYUL,YUL,Montreal,1756757347,1756761180,2025-09-01T20:09:07+00:00,2025-09-01T21:13:00+00:00,2025-09-01,2025-09-01,3833
c00821,ACA418,CYYZ,YYZ,Toronto,CYUL,YUL,Montreal,1756757314,1756760976,2025-09-01T20:08:34+00:00,2025-09-01T21:09:36+00:00,2025-09-01,2025-09-01,3662
c07b05,ACA416,CYYZ,YYZ,Toronto,CYUL,YUL,Montreal,1756753929,1756758430,2025-09-01T19:12:09+00:00,2025-09-01T20:27:10+00:00,2025-09-01,2025-09-01,4501
c05eb1,ACA145,CYYZ,YYZ,Toronto,CYYC,YYC,Calgary,1756753366,1756767005,2025-09-01T19:02:46+00:00,2025-09-01T22:50:05+00:00,2025-09-01,2025-09-01,13639
c01ebb,FLE627,CYYZ,YYZ,Toronto,CYYC,YYC,Calgary,1756752698,1756766863,2025-09-01T18:51:38+00:00,2025-09-01T22:47:43+00:00,2025-09-01,2025-09-01,14165
c01dcb,FLE623,CYYZ,YYZ,Toronto,CYYC,YYC,Calgary,1756751255,1756765562,2025-09-01T18:27:35+00:00,2025-09-01T22:26:02+00:00,2025-09-01,2025-09-01,14307
c0669e,WJA715,CYYZ,YYZ,Toronto,CYVR,YVR,Vancouver,1756750834,1756767579,2025-09-01T18:20:34+00:00,2025-09-01T22:59:39+00:00,2025-09-01,2025-09-01,16745
c08497,ACA115,CYYZ,YYZ,Toronto,CYVR,YVR,Vancouver,1756750831,1756766653,2025-09-01T18:20:31+00:00,2025-09-01T22:44:13+00:00,2025-09-01,2025-09-01,15822
c010ec,ACA113,CYYZ,YYZ,Toronto,CYVR,YVR,Vancouver,1756748619,1756765267,2025-09-01T17:43:39+00:00,2025-09-01T22:21:07+00:00,2025-09-01,2025-09-01,16648
c0885e,POE307,CYYZ,YYZ,Toronto,CYVR,YVR,Vancouver,1756748226,1756764810,2025-09-01T17:37:06+00:00,2025-09-01T22:13:30+00:00,2025-09-01,2025-09-01,16584
c052d5,WJA661,CYYZ,YYZ,Toronto,CYYC,YYC,Calgary,1756748101,1756761832,2025-09-01T17:35:01+00:00,2025-09-01T21:23:52+00:00,2025-09-01,2025-09-01,13731
c08864,POE357,CYYZ,YYZ,Toronto,CYYC,YYC,Calgary,1756747681,1756761509,2025-09-01T17:28:01+00:00,2025-09-01T21:18:29+00:00,2025-09-01,2025-09-01,13828
c00dea,ACA143,CYYZ,YYZ,Toronto,CYYC,YYC,Calgary,1756746822,1756760174,2025-09-01T17:13:42+00:00,2025-09-01T20:56:14+00:00,2025-09-01,2025-09-01,13352
c030fd,ACA111,CYYZ,YYZ,Toronto,CYVR,YVR,Vancouver,1756745513,1756761298,2025-09-01T16:51:53+00:00,2025-09-01T21:14:58+00:00,2025-09-01,2025-09-01,15785
c06b6a,WJA913,CYYZ,YYZ,Toronto,CYEG,YEG,Edmonton,1756744984,1756757778,2025-09-01T16:43:04+00:00,2025-09-01T20:16:18+00:00,2025-09-01,2025-09-01,12794
c06175,POE301,CYYZ,YYZ,Toronto,CYVR,YVR,Vancouver,1756744383,1756760768,2025-09-01T16:33:03+00:00,2025-09-01T21:06:08+00:00,2025-09-01,2025-09-01,16385
c006b1,WJA711,CYYZ,YYZ,Toronto,CYVR,YVR,Vancouver,1756742614,1756758717,2025-09-01T16:03:34+00:00,2025-09-01T20:31:57+00:00,2025-09-01,2025-09-01,16103
c06080,ACA141,CYYZ,YYZ,Toronto,CYYC,YYC,Calgary,1756742535,1756755565,2025-09-01T16:02:15+00:00,2025-09-01T19:39:25+00:00,2025-09-01,2025-09-01,13030
c05ea6,ACA410,CYYZ,YYZ,Toronto,CYUL,YUL,Montreal,1756742462,1756746074,2025-09-01T16:01:02+00:00,2025-09-01T17:01:14+00:00,2025-09-01,2025-09-01,3612
740822,RJA272,CYYZ,YYZ,Toronto,CYUL,YUL,Montreal,1756740820,1756745055,2025-09-01T15:33:40+00:00,2025-09-01T16:44:15+00:00,2025-09-01,2025-09-01,4235
c01e28,ACA117,CYYZ,YYZ,Toronto,CYVR,YVR,Vancouver,1756739550,1756755608,2025-09-01T15:12:30+00:00,2025-09-01T19:40:08+00:00,2025-09-01,2025-09-01,16058
c084a3,ACA408,CYYZ,YYZ,Toronto,CYUL,YUL,Montreal,1756739503,1756743073,2025-09-01T15:11:43+00:00,2025-09-01T16:11:13+00:00,2025-09-01,2025-09-01,3570
c03c02,WJA919,CYYZ,YYZ,Toronto,CYVR,YVR,Vancouver,1756738901,1756755731,2025-09-01T15:01:41+00:00,2025-09-01T19:42:11+00:00,2025-09-01,2025-09-01,16830
c04453,WJA657,CYYZ,YYZ,Toronto,CYYC,YYC,Calgary,1756738350,1756751735,2025-09-01T14:52:30+00:00,2025-09-01T18:35:35+00:00,2025-09-01,2025-09-01,13385
c05edb,ACA167,CYYZ,YYZ,Toronto,CYEG,YEG,Edmonton,1756737606,1756750459,2025-09-01T14:40:06+00:00,2025-09-01T18:14:19+00:00,2025-09-01,2025-09-01,12853
c00e55,FLE625,CYYZ,YYZ,Toronto,CYYC,YYC,Calgary,1756737580,1756751033,2025-09-01T14:39:40+00:00,2025-09-01T18:23:53+00:00,2025-09-01,2025-09-01,13453
c03cf4,ACA137,CYYZ,YYZ,Toronto,CYYC,YYC,Calgary,1756736944,1756749489,2025-09-01T14:29:04+00:00,2025-09-01T17:58:09+00:00,2025-09-01,2025-09-01,12545
c01e1a,FLE637,CYYZ,YYZ,Toronto,CYEG,YEG,Edmonton,1756736822,1756750638,2025-09-01T14:27:02+00:00,2025-09-01T18:17:18+00:00,2025-09-01,2025-09-01,13816
c02fd8,ACA109,CYYZ,YYZ,Toronto,CYVR,YVR,Vancouver,1756736232,1756752534,2025-09-01T14:17:12+00:00,2025-09-01T18:48:54+00:00,2025-09-01,2025-09-01,16302
c06738,WJA655,CYYZ,YYZ,Toronto,CYYC,YYC,Calgary,1756736008,1756749020,2025-09-01T14:13:28+00:00,2025-09-01T17:50:20+00:00,2025-09-01,2025-09-01,13012
c080e0,WJA707,CYYZ,YYZ,Toronto,CYVR,YVR,Vancouver,1756735711,1756751819,2025-09-01T14:08:31+00:00,2025-09-01T18:36:59+00:00,2025-09-01,2025-09-01,16108
c0534e,FLE609,CYYZ,YYZ,Toronto,CYVR,YVR,Vancouver,1756735361,1756751589,2025-09-01T14:02:41+00:00,2025-09-01T18:33:09+00:00,2025-09-01,2025-09-01,16228
c023c9,ACA107,CYYZ,YYZ,Toronto,CYVR,YVR,Vancouver,1756735035,1756750259,2025-09-01T13:57:15+00:00,2025-09-01T18:10:59+00:00,2025-09-01,2025-09-01,15224
c05bd6,ACA404,CYYZ,YYZ,Toronto,CYUL,YUL,Montreal,1756734452,1756737869,2025-09-01T13:47:32+00:00,2025-09-01T14:44:29+00:00,2025-09-01,2025-09-01,3417
c060c5,POE403,CYYZ,YYZ,Toronto,CYEG,YEG,Edmonton,1756734339,1756746574,2025-09-01T13:45:39+00:00,2025-09-01T17:09:34+00:00,2025-09-01,2025-09-01,12235
c03001,ACA103,CYYZ,YYZ,Toronto,CYVR,YVR,Vancouver,1756734187,1756750165,2025-09-01T13:43:07+00:00,2025-09-01T18:09:25+00:00,2025-09-01,2025-09-01,15978
c0618c,POE303,CYYZ,YYZ,Toronto,CYVR,YVR,Vancouver,1756734046,1756750463,2025-09-01T13:40:46+00:00,2025-09-01T18:14:23+00:00,2025-09-01,2025-09-01,16417
c0307c,ACA105,CYYZ,YYZ,Toronto,CYVR,YVR,Vancouver,1756733804,1756749869,2025-09-01T13:36:44+00:00,2025-09-01T18:04:29+00:00,2025-09-01,2025-09-01,16065
c084b9,ACA165,CYYZ,YYZ,Toronto,CYEG,YEG,Edmonton,1756732680,1756745366,2025-09-01T13:18:00+00:00,2025-09-01T16:49:26+00:00,2025-09-01,2025-09-01,12686
c03488,WJA421,CYYZ,YYZ,Toronto,CYEG,YEG,Edmonton,1756732354,1756745099,2025-09-01T13:12:34+00:00,2025-09-01T16:44:59+00:00,2025-09-01,2025-09-01,12745
c08861,POE305,CYYZ,YYZ,Toronto,CYVR,YVR,Vancouver,1756732160,1756748999,2025-09-01T13:09:20+00:00,2025-09-01T17:49:59+00:00,2025-09-01,2025-09-01,16839
c049fd,WJA651,CYYZ,YYZ,Toronto,CYYC,YYC,Calgary,1756731907,1756744810,2025-09-01T13:05:07+00:00,2025-09-01T16:40:10+00:00,2025-09-01,2025-09-01,12903
c0583a,ACA135,CYYZ,YYZ,Toronto,CYYC,YYC,Calgary,1756731078,1756744485,2025-09-01T12:51:18+00:00,2025-09-01T16:34:45+00:00,2025-09-01,2025-09-01,13407
c03c0c,CFWTF,CYYZ,YYZ,Toronto,CYYC,YYC,Calgary,1756730479,1756743993,2025-09-01T12:41:19+00:00,2025-09-01T16:26:33+00:00,2025-09-01,2025-09-01,13514
c02207,WJA649,CYYZ,YYZ,Toronto,CYYC,YYC,Calgary,1756729723,1756742613,2025-09-01T12:28:43+00:00,2025-09-01T16:03:33+00:00,2025-09-01,2025-09-01,12890
c080a6,WJA703,CYYZ,YYZ,Toronto,CYVR,YVR,Vancouver,1756728932,1756745804,2025-09-01T12:15:32+00:00,2025-09-01T16:56:44+00:00,2025-09-01,2025-09-01,16872
c00e5c,FLE601,CYYZ,YYZ,Toronto,CYVR,YVR,Vancouver,1756728300,1756744258,2025-09-01T12:05:00+00:00,2025-09-01T16:30:58+00:00,2025-09-01,2025-09-01,15958
c0192e,ACA402,CYYZ,YYZ,Toronto,CYUL,YUL,Montreal,1756728187,1756731747,2025-09-01T12:03:07+00:00,2025-09-01T13:02:27+00:00,2025-09-01,2025-09-01,3560
c06175,POE111,CYYZ,YYZ,Toronto,CYUL,YUL,Montreal,1756727101,1756730713,2025-09-01T11:45:01+00:00,2025-09-01T12:45:13+00:00,2025-09-01,2025-09-01,3612
c05bcf,ACA133,CYYZ,YYZ,Toronto,CYYC,YYC,Calgary,1756725547,1756738554,2025-09-01T11:19:07+00:00,2025-09-01T14:55:54+00:00,2025-09-01,2025-09-01,13007
c05ea2,ACA2320,CYYZ,YYZ,Toronto,CYUL,YUL,Montreal,1756725542,1756730906,2025-09-01T11:19:02+00:00,2025-09-01T12:48:26+00:00,2025-09-01,2025-09-01,5364
c03f85,WJA419,CYYZ,YYZ,Toronto,CYEG,YEG,Edmonton,1756725145,1756737594,2025-09-01T11:12:25+00:00,2025-09-01T14:39:54+00:00,2025-09-01,2025-09-01,12449
c05ea6,ACA400,CYYZ,YYZ,Toronto,CYUL,YUL,Montreal,1756724610,1756728263,2025-09-01T11:03:30+00:00,2025-09-01T12:04:23+00:00,2025-09-01,2025-09-01,3653
c005c5,ACA161,CYYZ,YYZ,Toronto,CYEG,YEG,Edmonton,1756724147,1756736748,2025-09-01T10:55:47+00:00,2025-09-01T14:25:48+00:00,2025-09-01,2025-09-01,12601
c03517,WJA701,CYYZ,YYZ,Toronto,CYVR,YVR,Vancouver,1756722870,1756739865,2025-09-01T10:34:30+00:00,2025-09-01T15:17:45+00:00,2025-09-01,2025-09-01,16995
c03069,ACA480,CYYZ,YYZ,Toronto,CYUL,YUL,Montreal,1756722765,1756725985,2025-09-01T10:32:45+00:00,2025-09-01T11:26:25+00:00,2025-09-01,2025-09-01,3220
c080a5,WJA653,CYYZ,YYZ,Toronto,CYYC,YYC,Calgary,1756722688,1756736393,2025-09-01T10:31:28+00:00,2025-09-01T14:19:53+00:00,2025-09-01,2025-09-01,13705
c010f6,ACA131,CYYZ,YYZ,Toronto,CYYC,YYC,Calgary,1756722541,1756736837,2025-09-01T10:29:01+00:00,2025-09-01T14:27:17+00:00,2025-09-01,2025-09-01,14296
c038ca,ACA181,CYYZ,YYZ,Toronto,CYVR,YVR,Vancouver,1756721948,1756737893,2025-09-01T10:19:08+00:00,2025-09-01T14:44:53+00:00,2025-09-01,2025-09-01,15945
a2b337,N273SF,CYYZ,YYZ,Toronto,CYUL,YUL,Montreal,1756701391,1756705169,2025-09-01T04:36:31+00:00,2025-09-01T05:39:29+00:00,2025-09-01,2025-09-01,3778
c035d4,JZA7774,CYYZ,YYZ,Toronto,CYUL,YUL,Montreal,1756701120,1756704666,2025-09-01T04:32:00+00:00,2025-09-01T05:31:06+00:00,2025-09-01,2025-09-01,3546
c010ec,ACA159,CYYZ,YYZ,Toronto,CYYC,YYC,Calgary,1756698457,1756711400,2025-09-01T03:47:37+00:00,2025-09-01T07:23:20+00:00,2025-09-01,2025-09-01,12943
c08864,POE135,CYYZ,YYZ,Toronto,CYUL,YUL,Montreal,1756697460,1756701075,2025-09-01T03:31:00+00:00,2025-09-01T04:31:15+00:00,2025-09-01,2025-09-01,3615
c07e32,ACA432,CYYZ,YYZ,Toronto,CYUL,YUL,Montreal,1756696929,1756700489,2025-09-01T03:22:09+00:00,2025-09-01T04:21:29+00:00,2025-09-01,2025-09-01,3560
c03488,WJA598,CYYZ,YYZ,Toronto,CYUL,YUL,Montreal,1756696097,1756699965,2025-09-01T03:08:17+00:00,2025-09-01T04:12:45+00:00,2025-09-01,2025-09-01,3868
c05eb1,ACA187,CYYZ,YYZ,Toronto,CYVR,YVR,Vancouver,1756695523,1756712200,2025-09-01T02:58:43+00:00,2025-09-01T07:36:40+00:00,2025-09-01,2025-09-01,16677
c0730e,ACA7058,CYYZ,YYZ,Toronto,CYUL,YUL,Montreal,1756694670,1756698740,2025-09-01T02:44:30+00:00,2025-09-01T03:52:20+00:00,2025-09-01,2025-09-01,4070
c052d5,WJA679,CYYZ,YYZ,Toronto,CYYC,YYC,Calgary,1756694457,1756707622,2025-09-01T02:40:57+00:00,2025-09-01T06:20:22+00:00,2025-09-01,2025-09-01,13165
c08497,ACA151,CYYZ,YYZ,Toronto,CYYC,YYC,Calgary,1756694152,1756707324,2025-09-01T02:35:52+00:00,2025-09-01T06:15:24+00:00,2025-09-01,2025-09-01,13172
c060c6,POE367,CYYZ,YYZ,Toronto,CYYC,YYC,Calgary,1756693424,1756706688,2025-09-01T02:23:44+00:00,2025-09-01T06:04:48+00:00,2025-09-01,2025-09-01,13264
c041b9,WJA731,CYYZ,YYZ,Toronto,CYVR,YVR,Vancouver,1756693423,1756710316,2025-09-01T02:23:43+00:00,2025-09-01T07:05:16+00:00,2025-09-01,2025-09-01,16893
c058d5,ACA129,CYYZ,YYZ,Toronto,CYVR,YVR,Vancouver,1756692342,1756707649,2025-09-01T02:05:42+00:00,2025-09-01T06:20:49+00:00,2025-09-01,2025-09-01,15307
c05bd6,ACA155,CYYZ,YYZ,Toronto,CYYC,YYC,Calgary,1756692118,1756705018,2025-09-01T02:01:58+00:00,2025-09-01T05:36:58+00:00,2025-09-01,2025-09-01,12900
c01d72,FLE629,CYYZ,YYZ,Toronto,CYYC,YYC,Calgary,1756691326,1756704375,2025-09-01T01:48:46+00:00,2025-09-01T05:26:15+00:00,2025-09-01,2025-09-01,13049
c0618e,POE313,CYYZ,YYZ,Toronto,CYVR,YVR,Vancouver,1756691269,1756708438,2025-09-01T01:47:49+00:00,2025-09-01T06:33:58+00:00,2025-09-01,2025-09-01,17169
c0534e,FLE603,CYYZ,YYZ,Toronto,CYVR,YVR,Vancouver,1756689656,1756706458,2025-09-01T01:20:56+00:00,2025-09-01T06:00:58+00:00,2025-09-01,2025-09-01,16802
c05ed0,ACA426,CYYZ,YYZ,Toronto,CYUL,YUL,Montreal,1756687008,1756690745,2025-09-01T00:36:48+00:00,2025-09-01T01:39:05+00:00,2025-09-01,2025-09-01,3737
c02207,WJA675,CYYZ,YYZ,Toronto,CYYC,YYC,Calgary,1756686118,1756699614,2025-09-01T00:21:58+00:00,2025-09-01T04:06:54+00:00,2025-09-01,2025-09-01,13496
c07721,TSC671,CYYZ,YYZ,Toronto,CYUL,YUL,Montreal,1756685296,1756689896,2025-09-01T00:08:16+00:00,2025-09-01T01:24:56+00:00,2025-09-01,2025-09-01,4600
c05ec7,ACA424,CYYZ,YYZ,Toronto,CYUL,YUL,Montreal,1756685203,1756689535,2025-09-01T00:06:43+00:00,2025-09-01T01:18:55+00:00,2025-09-01,2025-09-01,4332
c08862,POE129,CYYZ,YYZ,Toronto,CYUL,YUL,Montreal,1756685099,1756689119,2025-09-01T00:04:59+00:00,2025-09-01T01:11:59+00:00,2025-09-01,2025-09-01,4020
c07b09,ACA421,CYUL,YUL,Montreal,CYYZ,YYZ,Toronto,1756762771,1756766001,2025-09-01T21:39:31+00:00,2025-09-01T22:33:21+00:00,2025-09-01,2025-09-01,3230
c07998,TSC410,CYUL,YUL,Montreal,CYYZ,YYZ,Toronto,1756760319,1756764501,2025-09-01T20:58:39+00:00,2025-09-01T22:08:21+00:00,2025-09-01,2025-09-01,4182
c051e6,ACA895,CYUL,YUL,Montreal,CYYZ,YYZ,Toronto,1756759790,1756762856,2025-09-01T20:49:50+00:00,2025-09-01T21:40:56+00:00,2025-09-01,2025-09-01,3066
c058bb,ACA489,CYUL,YUL,Montreal,CYYZ,YYZ,Toronto,1756757416,1756760804,2025-09-01T20:10:16+00:00,2025-09-01T21:06:44+00:00,2025-09-01,2025-09-01,3388
c060c6,POE120,CYUL,YUL,Montreal,CYYZ,YYZ,Toronto,1756756005,1756759129,2025-09-01T19:46:45+00:00,2025-09-01T20:38:49+00:00,2025-09-01,2025-09-01,3124
c07c7b,ACA487,CYUL,YUL,Montreal,CYYZ,YYZ,Toronto,1756755782,1756759012,2025-09-01T19:43:02+00:00,2025-09-01T20:36:52+00:00,2025-09-01,2025-09-01,3230
c05ea6,ACA415,CYUL,YUL,Montreal,CYYZ,YYZ,Toronto,1756750620,1756753919,2025-09-01T18:17:00+00:00,2025-09-01T19:11:59+00:00,2025-09-01,2025-09-01,3299
c00b35,ACA323,CYUL,YUL,Montreal,CYYC,YYC,Calgary,1756749731,1756762842,2025-09-01T18:02:11+00:00,2025-09-01T21:40:42+00:00,2025-09-01,2025-09-01,13111
c00a0b,ACA305,CYUL,YUL,Montreal,CYVR,YVR,Vancouver,1756749243,1756766215,2025-09-01T17:54:03+00:00,2025-09-01T22:36:55+00:00,2025-09-01,2025-09-01,16972
c084a3,ACA413,CYUL,YUL,Montreal,CYYZ,YYZ,Toronto,1756748222,1756751459,2025-09-01T17:37:02+00:00,2025-09-01T18:30:59+00:00,2025-09-01,2025-09-01,3237
c05bd6,ACA409,CYUL,YUL,Montreal,CYYZ,YYZ,Toronto,1756742500,1756745908,2025-09-01T16:01:40+00:00,2025-09-01T16:58:28+00:00,2025-09-01,2025-09-01,3408
c05dc3,GJNE,CYUL,YUL,Montreal,CYYZ,YYZ,Toronto,1756741836,1756746207,2025-09-01T15:50:36+00:00,2025-09-01T17:03:27+00:00,2025-09-01,2025-09-01,4371
c0192e,ACA407,CYUL,YUL,Montreal,CYYZ,YYZ,Toronto,1756736800,1756739874,2025-09-01T14:26:40+00:00,2025-09-01T15:17:54+00:00,2025-09-01,2025-09-01,3074
c06175,POE112,CYUL,YUL,Montreal,CYYZ,YYZ,Toronto,1756736221,1756739286,2025-09-01T14:17:01+00:00,2025-09-01T15:08:06+00:00,2025-09-01,2025-09-01,3065
c05ea6,ACA405,CYUL,YUL,Montreal,CYYZ,YYZ,Toronto,1756734048,1756737291,2025-09-01T13:40:48+00:00,2025-09-01T14:34:51+00:00,2025-09-01,2025-09-01,3243
c03f37,WJA589,CYUL,YUL,Montreal,CYVR,YVR,Vancouver,1756732299,1756749148,2025-09-01T13:11:39+00:00,2025-09-01T17:52:28+00:00,2025-09-01,2025-09-01,16849
c01c52,ACA303,CYUL,YUL,Montreal,CYVR,YVR,Vancouver,1756730571,1756746869,2025-09-01T12:42:51+00:00,2025-09-01T17:14:29+00:00,2025-09-01,2025-09-01,16298
c05054,ACA321,CYUL,YUL,Montreal,CYYC,YYC,Calgary,1756730262,1756743819,2025-09-01T12:37:42+00:00,2025-09-01T16:23:39+00:00,2025-09-01,2025-09-01,13557
c050c4,ACA331,CYUL,YUL,Montreal,CYEG,YEG,Edmonton,1756729717,1756743329,2025-09-01T12:28:37+00:00,2025-09-01T16:15:29+00:00,2025-09-01,2025-09-01,13612
740822,RJA271,CYUL,YUL,Montreal,CYYZ,YYZ,Toronto,1756729099,1756732026,2025-09-01T12:18:19+00:00,2025-09-01T13:07:06+00:00,2025-09-01,2025-09-01,2927
c04fdd,ACA301,CYUL,YUL,Montreal,CYVR,YVR,Vancouver,1756727380,1756743959,2025-09-01T11:49:40+00:00,2025-09-01T16:25:59+00:00,2025-09-01,2025-09-01,16579
c08862,POE373,CYUL,YUL,Montreal,CYVR,YVR,Vancouver,1756725978,1756743438,2025-09-01T11:26:18+00:00,2025-09-01T16:17:18+00:00,2025-09-01,2025-09-01,17460
c08864,POE102,CYUL,YUL,Montreal,CYYZ,YYZ,Toronto,1756725435,1756728562,2025-09-01T11:17:15+00:00,2025-09-01T12:09:22+00:00,2025-09-01,2025-09-01,3127
c01e28,ACA401,CYUL,YUL,Montreal,CYYZ,YYZ,Toronto,1756724871,1756728350,2025-09-01T11:07:51+00:00,2025-09-01T12:05:50+00:00,2025-09-01,2025-09-01,3479
c03488,WJA579,CYUL,YUL,Montreal,CYYZ,YYZ,Toronto,1756724460,1756727786,2025-09-01T11:01:00+00:00,2025-09-01T11:56:26+00:00,2025-09-01,2025-09-01,3326
c05edf,ACA481,CYUL,YUL,Montreal,CYYZ,YYZ,Toronto,1756722574,1756726006,2025-09-01T10:29:34+00:00,2025-09-01T11:26:46+00:00,2025-09-01,2025-09-01,3432
c02e9b,JZA7773,CYUL,YUL,Montreal,CYYZ,YYZ,Toronto,1756722426,1756725982,2025-09-01T10:27:06+00:00,2025-09-01T11:26:22+00:00,2025-09-01,2025-09-01,3556
c05ed0,ACA431,CYUL,YUL,Montreal,CYYZ,YYZ,Toronto,1756697374,1756701117,2025-09-01T03:29:34+00:00,2025-09-01T04:31:57+00:00,2025-09-01,2025-09-01,3743
c02fed,ACA313,CYUL,YUL,Montreal,CYVR,YVR,Vancouver,1756695489,1756712360,2025-09-01T02:58:09+00:00,2025-09-01T07:39:20+00:00,2025-09-01,2025-09-01,16871
c00821,ACA429,CYUL,YUL,Montreal,CYYZ,YYZ,Toronto,1756692550,1756695868,2025-09-01T02:09:10+00:00,2025-09-01T03:04:28+00:00,2025-09-01,2025-09-01,3318
c0583f,ACA327,CYUL,YUL,Montreal,CYYC,YYC,Calgary,1756690416,1756704099,2025-09-01T01:33:36+00:00,2025-09-01T05:21:39+00:00,2025-09-01,2025-09-01,13683
c06171,POE389,CYUL,YUL,Montreal,CYYC,YYC,Calgary,1756689675,1756703358,2025-09-01T01:21:15+00:00,2025-09-01T05:09:18+00:00,2025-09-01,2025-09-01,13683
c06a7b,TSC670,CYUL,YUL,Montreal,CYYZ,YYZ,Toronto,1756686857,1756689988,2025-09-01T00:34:17+00:00,2025-09-01T01:26:28+00:00,2025-09-01,2025-09-01,3131
c06081,ACA427,CYUL,YUL,Montreal,CYYZ,YYZ,Toronto,1756686733,1756689657,2025-09-01T00:32:13+00:00,2025-09-01T01:20:57+00:00,2025-09-01,2025-09-01,2924
c001ea,ASP812,CYUL,YUL,Montreal,CYYZ,YYZ,Toronto,1756686650,1756690049,2025-09-01T00:30:50+00:00,2025-09-01T01:27:29+00:00,2025-09-01,2025-09-01,3399
c00cd6,WJA116,CYVR,YVR,Vancouver,CYYC,YYC,Calgary,1756849650,1756853841,2025-09-02T21:47:30+00:00,2025-09-02T22:57:21+00:00,2025-09-02,2025-09-02,4191
c03af2,WJA168,CYVR,YVR,Vancouver,CYEG,YEG,Edmonton,1756846340,1756850531,2025-09-02T20:52:20+00:00,2025-09-02T22:02:11+00:00,2025-09-02,2025-09-02,4191
c05d9d,WJA114,CYVR,YVR,Vancouver,CYYC,YYC,Calgary,1756845734,1756849692,2025-09-02T20:42:14+00:00,2025-09-02T21:48:12+00:00,2025-09-02,2025-09-02,3958
c05086,ACA216,CYVR,YVR,Vancouver,CYYC,YYC,Calgary,1756844714,1756848654,2025-09-02T20:25:14+00:00,2025-09-02T21:30:54+00:00,2025-09-02,2025-09-02,3940
c01cae,WJA112,CYVR,YVR,Vancouver,CYYC,YYC,Calgary,1756844363,1756848349,2025-09-02T20:19:23+00:00,2025-09-02T21:25:49+00:00,2025-09-02,2025-09-02,3986
c00734,WJA110,CYVR,YVR,Vancouver,CYYC,YYC,Calgary,1756842750,1756846766,2025-09-02T19:52:30+00:00,2025-09-02T20:59:26+00:00,2025-09-02,2025-09-02,4016
c01d7e,FLE820,CYVR,YVR,Vancouver,CYEG,YEG,Edmonton,1756842481,1756846782,2025-09-02T19:48:01+00:00,2025-09-02T20:59:42+00:00,2025-09-02,2025-09-02,4301
c07eda,WJA166,CYVR,YVR,Vancouver,CYEG,YEG,Edmonton,1756840463,1756844691,2025-09-02T19:14:23+00:00,2025-09-02T20:24:51+00:00,2025-09-02,2025-09-02,4228
c00da8,FLE816,CYVR,YVR,Vancouver,CYYC,YYC,Calgary,1756840113,1756844232,2025-09-02T19:08:33+00:00,2025-09-02T20:17:12+00:00,2025-09-02,2025-09-02,4119
c00700,ACA238,CYVR,YVR,Vancouver,CYEG,YEG,Edmonton,1756839234,1756843254,2025-09-02T18:53:54+00:00,2025-09-02T20:00:54+00:00,2025-09-02,2025-09-02,4020
c07fe9,WJA710,CYVR,YVR,Vancouver,CYYZ,YYZ,Toronto,1756838255,1756853557,2025-09-02T18:37:35+00:00,2025-09-02T22:52:37+00:00,2025-09-02,2025-09-02,15302
c0617d,POE304,CYVR,YVR,Vancouver,CYYZ,YYZ,Toronto,1756837821,1756852966,2025-09-02T18:30:21+00:00,2025-09-02T22:42:46+00:00,2025-09-02,2025-09-02,15145
c006b1,WJA108,CYVR,YVR,Vancouver,CYYC,YYC,Calgary,1756837612,1756841781,2025-09-02T18:26:52+00:00,2025-09-02T19:36:21+00:00,2025-09-02,2025-09-02,4169
c01e1f,FLE806,CYVR,YVR,Vancouver,CYYC,YYC,Calgary,1756836620,1756840684,2025-09-02T18:10:20+00:00,2025-09-02T19:18:04+00:00,2025-09-02,2025-09-02,4064
c05bd6,ACA108,CYVR,YVR,Vancouver,CYYZ,YYZ,Toronto,1756834804,1756850364,2025-09-02T17:40:04+00:00,2025-09-02T21:59:24+00:00,2025-09-02,2025-09-02,15560
c0524c,WJA162,CYVR,YVR,Vancouver,CYEG,YEG,Edmonton,1756834269,1756838501,2025-09-02T17:31:09+00:00,2025-09-02T18:41:41+00:00,2025-09-02,2025-09-02,4232
c018d3,CFJKK713,CYVR,YVR,Vancouver,CYYC,YYC,Calgary,1756833501,1756843030,2025-09-02T17:18:21+00:00,2025-09-02T19:57:10+00:00,2025-09-02,2025-09-02,9529
c02fd8,ACA210,CYVR,YVR,Vancouver,CYYC,YYC,Calgary,1756833045,1756836730,2025-09-02T17:10:45+00:00,2025-09-02T18:12:10+00:00,2025-09-02,2025-09-02,3685
c0153b,WJA708,CYVR,YVR,Vancouver,CYYZ,YYZ,Toronto,1756832960,1756848252,2025-09-02T17:09:20+00:00,2025-09-02T21:24:12+00:00,2025-09-02,2025-09-02,15292
c05d08,JZA7776,CYVR,YVR,Vancouver,CYEG,YEG,Edmonton,1756831354,1756835631,2025-09-02T16:42:34+00:00,2025-09-02T17:53:51+00:00,2025-09-02,2025-09-02,4277
c023aa,ACA34,CYVR,YVR,Vancouver,CYYZ,YYZ,Toronto,1756830871,1756845500,2025-09-02T16:34:31+00:00,2025-09-02T20:38:20+00:00,2025-09-02,2025-09-02,14629
c080cd,WEN3174,CYVR,YVR,Vancouver,CYYC,YYC,Calgary,1756830780,1756843271,2025-09-02T16:33:00+00:00,2025-09-02T20:01:11+00:00,2025-09-02,2025-09-02,12491
c06403,WJA706,CYVR,YVR,Vancouver,CYYZ,YYZ,Toronto,1756829676,1756844788,2025-09-02T16:14:36+00:00,2025-09-02T20:26:28+00:00,2025-09-02,2025-09-02,15112
c03517,WJA104,CYVR,YVR,Vancouver,CYYC,YYC,Calgary,1756827848,1756831688,2025-09-02T15:44:08+00:00,2025-09-02T16:48:08+00:00,2025-09-02,2025-09-02,3840
c007d8,ACA234,CYVR,YVR,Vancouver,CYEG,YEG,Edmonton,1756827693,1756831566,2025-09-02T15:41:33+00:00,2025-09-02T16:46:06+00:00,2025-09-02,2025-09-02,3873
c01f28,FLE826,CYVR,YVR,Vancouver,CYEG,YEG,Edmonton,1756827631,1756831966,2025-09-02T15:40:31+00:00,2025-09-02T16:52:46+00:00,2025-09-02,2025-09-02,4335
c00757,ACA204,CYVR,YVR,Vancouver,CYYC,YYC,Calgary,1756827553,1756831348,2025-09-02T15:39:13+00:00,2025-09-02T16:42:28+00:00,2025-09-02,2025-09-02,3795
c0616e,POE372,CYVR,YVR,Vancouver,CYUL,YUL,Montreal,1756826853,1756843711,2025-09-02T15:27:33+00:00,2025-09-02T20:08:31+00:00,2025-09-02,2025-09-02,16858
c00cd6,WJA164,CYVR,YVR,Vancouver,CYEG,YEG,Edmonton,1756826731,1756830970,2025-09-02T15:25:31+00:00,2025-09-02T16:36:10+00:00,2025-09-02,2025-09-02,4239
c2b571,CFC2543,CYVR,YVR,Vancouver,CYEG,YEG,Edmonton,1756825061,1756830614,2025-09-02T14:57:41+00:00,2025-09-02T16:30:14+00:00,2025-09-02,2025-09-02,5553
c01d7e,FLE800,CYVR,YVR,Vancouver,CYYC,YYC,Calgary,1756825009,1756828961,2025-09-02T14:56:49+00:00,2025-09-02T16:02:41+00:00,2025-09-02,2025-09-02,3952
c06081,ACA302,CYVR,YVR,Vancouver,CYUL,YUL,Montreal,1756824751,1756840954,2025-09-02T14:52:31+00:00,2025-09-02T19:22:34+00:00,2025-09-02,2025-09-02,16203
c060c8,POE302,CYVR,YVR,Vancouver,CYYZ,YYZ,Toronto,1756824424,1756841247,2025-09-02T14:47:04+00:00,2025-09-02T19:27:27+00:00,2025-09-02,2025-09-02,16823
c010f6,ACA104,CYVR,YVR,Vancouver,CYYZ,YYZ,Toronto,1756824307,1756839355,2025-09-02T14:45:07+00:00,2025-09-02T18:55:55+00:00,2025-09-02,2025-09-02,15048
c02fd5,ACA232,CYVR,YVR,Vancouver,CYEG,YEG,Edmonton,1756824032,1756828259,2025-09-02T14:40:32+00:00,2025-09-02T15:50:59+00:00,2025-09-02,2025-09-02,4227
c05da4,WJA102,CYVR,YVR,Vancouver,CYYC,YYC,Calgary,1756822059,1756825876,2025-09-02T14:07:39+00:00,2025-09-02T15:11:16+00:00,2025-09-02,2025-09-02,3817
c07973,ACA202,CYVR,YVR,Vancouver,CYYC,YYC,Calgary,1756821822,1756825612,2025-09-02T14:03:42+00:00,2025-09-02T15:06:52+00:00,2025-09-02,2025-09-02,3790
c00da8,FLE822,CYVR,YVR,Vancouver,CYEG,YEG,Edmonton,1756821511,1756825794,2025-09-02T13:58:31+00:00,2025-09-02T15:09:54+00:00,2025-09-02,2025-09-02,4283
c02f6a,WJA700,CYVR,YVR,Vancouver,CYYZ,YYZ,Toronto,1756819504,1756834828,2025-09-02T13:25:04+00:00,2025-09-02T17:40:28+00:00,2025-09-02,2025-09-02,15324
c050c4,ACA100,CYVR,YVR,Vancouver,CYYZ,YYZ,Toronto,1756819269,1756834374,2025-09-02T13:21:09+00:00,2025-09-02T17:32:54+00:00,2025-09-02,2025-09-02,15105
c085e0,WJA100,CYVR,YVR,Vancouver,CYYC,YYC,Calgary,1756819094,1756822848,2025-09-02T13:18:14+00:00,2025-09-02T14:20:48+00:00,2025-09-02,2025-09-02,3754
c08095,WJA160,CYVR,YVR,Vancouver,CYEG,YEG,Edmonton,1756818241,1756822513,2025-09-02T13:04:01+00:00,2025-09-02T14:15:13+00:00,2025-09-02,2025-09-02,4272
c03a5a,WJA136,CYVR,YVR,Vancouver,CYYC,YYC,Calgary,1756814821,1756818646,2025-09-02T12:07:01+00:00,2025-09-02T13:10:46+00:00,2025-09-02,2025-09-02,3825
c05030,ACA314,CYVR,YVR,Vancouver,CYUL,YUL,Montreal,1756799176,1756816339,2025-09-02T07:46:16+00:00,2025-09-02T12:32:19+00:00,2025-09-02,2025-09-02,17163
c03068,ACA182,CYVR,YVR,Vancouver,CYYZ,YYZ,Toronto,1756799040,1756814398,2025-09-02T07:44:00+00:00,2025-09-02T11:59:58+00:00,2025-09-02,2025-09-02,15358
c0473b,CJT2382,CYVR,YVR,Vancouver,CYYC,YYC,Calgary,1756798329,1756801734,2025-09-02T07:32:09+00:00,2025-09-02T08:28:54+00:00,2025-09-02,2025-09-02,3405
c01e1a,FLE602,CYVR,YVR,Vancouver,CYYZ,YYZ,Toronto,1756797810,1756813228,2025-09-02T07:23:30+00:00,2025-09-02T11:40:28+00:00,2025-09-02,2025-09-02,15418
c084a3,ACA2128,CYVR,YVR,Vancouver,CYYZ,YYZ,Toronto,1756796827,1756812079,2025-09-02T07:07:07+00:00,2025-09-02T11:21:19+00:00,2025-09-02,2025-09-02,15252
c01e1f,FLE600,CYVR,YVR,Vancouver,CYYZ,YYZ,Toronto,1756795924,1756811271,2025-09-02T06:52:04+00:00,2025-09-02T11:07:51+00:00,2025-09-02,2025-09-02,15347
c0307c,ACA126,CYVR,YVR,Vancouver,CYYZ,YYZ,Toronto,1756792763,1756808083,2025-09-02T05:59:23+00:00,2025-09-02T10:14:43+00:00,2025-09-02,2025-09-02,15320
c07fe9,WJA724,CYVR,YVR,Vancouver,CYYZ,YYZ,Toronto,1756792305,1756807696,2025-09-02T05:51:45+00:00,2025-09-02T10:08:16+00:00,2025-09-02,2025-09-02,15391
c05044,ACA228,CYVR,YVR,Vancouver,CYYC,YYC,Calgary,1756791153,1756794746,2025-09-02T05:32:33+00:00,2025-09-02T06:32:26+00:00,2025-09-02,2025-09-02,3593
c060bc,POE318,CYVR,YVR,Vancouver,CYYZ,YYZ,Toronto,1756790924,1756806413,2025-09-02T05:28:44+00:00,2025-09-02T09:46:53+00:00,2025-09-02,2025-09-02,15489
c04cf4,WJA132,CYVR,YVR,Vancouver,CYYC,YYC,Calgary,1756790725,1756794329,2025-09-02T05:25:25+00:00,2025-09-02T06:25:29+00:00,2025-09-02,2025-09-02,3604
c0540c,WJA178,CYVR,YVR,Vancouver,CYEG,YEG,Edmonton,1756787017,1756791173,2025-09-02T04:23:37+00:00,2025-09-02T05:32:53+00:00,2025-09-02,2025-09-02,4156
c006ec,ACA250,CYVR,YVR,Vancouver,CYEG,YEG,Edmonton,1756786377,1756790562,2025-09-02T04:12:57+00:00,2025-09-02T05:22:42+00:00,2025-09-02,2025-09-02,4185
c0737c,WJA128,CYVR,YVR,Vancouver,CYYC,YYC,Calgary,1756786270,1756789900,2025-09-02T04:11:10+00:00,2025-09-02T05:11:40+00:00,2025-09-02,2025-09-02,3630
c04463,WJA722,CYVR,YVR,Vancouver,CYYZ,YYZ,Toronto,1756782531,1756798516,2025-09-02T03:08:51+00:00,2025-09-02T07:35:16+00:00,2025-09-02,2025-09-02,15985
c035cc,WJA126,CYVR,YVR,Vancouver,CYYC,YYC,Calgary,1756782008,1756785899,2025-09-02T03:00:08+00:00,2025-09-02T04:04:59+00:00,2025-09-02,2025-09-02,3891
c08558,N,CYVR,YVR,Vancouver,CYYC,YYC,Calgary,1756781337,1756785256,2025-09-02T02:48:57+00:00,2025-09-02T03:54:16+00:00,2025-09-02,2025-09-02,3919
c030fd,ACA226,CYVR,YVR,Vancouver,CYYC,YYC,Calgary,1756780767,1756785553,2025-09-02T02:39:27+00:00,2025-09-02T03:59:13+00:00,2025-09-02,2025-09-02,4786
c080aa,WJA124,CYVR,YVR,Vancouver,CYYC,YYC,Calgary,1756777821,1756781577,2025-09-02T01:50:21+00:00,2025-09-02T02:52:57+00:00,2025-09-02,2025-09-02,3756
c050ae,ACA224,CYVR,YVR,Vancouver,CYYC,YYC,Calgary,1756777163,1756781116,2025-09-02T01:39:23+00:00,2025-09-02T02:45:16+00:00,2025-09-02,2025-09-02,3953
c01e1f,FLE804,CYVR,YVR,Vancouver,CYYC,YYC,Calgary,1756777001,1756781001,2025-09-02T01:36:41+00:00,2025-09-02T02:43:21+00:00,2025-09-02,2025-09-02,4000
c01e28,ACA118,CYVR,YVR,Vancouver,CYYZ,YYZ,Toronto,1756774808,1756790609,2025-09-02T01:00:08+00:00,2025-09-02T05:23:29+00:00,2025-09-02,2025-09-02,15801
c08497,ACA124,CYVR,YVR,Vancouver,CYYZ,YYZ,Toronto,1756774492,1756789589,2025-09-02T00:54:52+00:00,2025-09-02T05:06:29+00:00,2025-09-02,2025-09-02,15097
c0173e,ACA114,CYVR,YVR,Vancouver,CYYZ,YYZ,Toronto,1756774353,1756789161,2025-09-02T00:52:33+00:00,2025-09-02T04:59:21+00:00,2025-09-02,2025-09-02,14808
c0174f,ACA2104,CYVR,YVR,Vancouver,CYUL,YUL,Montreal,1756773458,1756789302,2025-09-02T00:37:38+00:00,2025-09-02T05:01:42+00:00,2025-09-02,2025-09-02,15844
c0669e,WJA122,CYVR,YVR,Vancouver,CYYC,YYC,Calgary,1756773335,1756777469,2025-09-02T00:35:35+00:00,2025-09-02T01:44:29+00:00,2025-09-02,2025-09-02,4134
c010ec,ACA186,CYVR,YVR,Vancouver,CYYZ,YYZ,Toronto,1756771940,1756787576,2025-09-02T00:12:20+00:00,2025-09-02T04:32:56+00:00,2025-09-02,2025-09-02,15636
c00a0b,ACA312,CYVR,YVR,Vancouver,CYUL,YUL,Montreal,1756771507,1756788525,2025-09-02T00:05:07+00:00,2025-09-02T04:48:45+00:00,2025-09-02,2025-09-02,17018
c01b4f,WJA203,CYYC,YYC,Calgary,CYEG,YEG,Edmonton,1756851150,1756853097,2025-09-02T22:12:30+00:00,2025-09-02T22:44:57+00:00,2025-09-02,2025-09-02,1947
c054a0,JZA138,CYYC,YYC,Calgary,CYEG,YEG,Edmonton,1756850856,1756852946,2025-09-02T22:07:36+00:00,2025-09-02T22:42:26+00:00,2025-09-02,2025-09-02,2090
c08106,WJA119,CYYC,YYC,Calgary,CYVR,YVR,Vancouver,1756847745,1756851509,2025-09-02T21:15:45+00:00,2025-09-02T22:18:29+00:00,2025-09-02,2025-09-02,3764
c023e4,CJT301,CYYC,YYC,Calgary,CYVR,YVR,Vancouver,1756847610,1756851184,2025-09-02T21:13:30+00:00,2025-09-02T22:13:04+00:00,2025-09-02,2025-09-02,3574
c035cc,WJA117,CYYC,YYC,Calgary,CYVR,YVR,Vancouver,1756845012,1756848742,2025-09-02T20:30:12+00:00,2025-09-02T21:32:22+00:00,2025-09-02,2025-09-02,3730
c01e1f,FLE807,CYYC,YYC,Calgary,CYVR,YVR,Vancouver,1756844689,1756848443,2025-09-02T20:24:49+00:00,2025-09-02T21:27:23+00:00,2025-09-02,2025-09-02,3754
c080a6,WJA253,CYYC,YYC,Calgary,CYEG,YEG,Edmonton,1756844177,1756846047,2025-09-02T20:16:17+00:00,2025-09-02T20:47:27+00:00,2025-09-02,2025-09-02,1870
c02fd8,ACA217,CYYC,YYC,Calgary,CYVR,YVR,Vancouver,1756842570,1756846244,2025-09-02T19:49:30+00:00,2025-09-02T20:50:44+00:00,2025-09-02,2025-09-02,3674
c04c36,WJA115,CYYC,YYC,Calgary,CYVR,YVR,Vancouver,1756840801,1756844561,2025-09-02T19:20:01+00:00,2025-09-02T20:22:41+00:00,2025-09-02,2025-09-02,3760
c036b1,WJA664,CYYC,YYC,Calgary,CYYZ,YYZ,Toronto,1756840445,1756852469,2025-09-02T19:14:05+00:00,2025-09-02T22:34:29+00:00,2025-09-02,2025-09-02,12024
c0041d,CFBOM,CYYC,YYC,Calgary,CYEG,YEG,Edmonton,1756839927,1756842755,2025-09-02T19:05:27+00:00,2025-09-02T19:52:35+00:00,2025-09-02,2025-09-02,2828
c0757a,SYB088,CYYC,YYC,Calgary,CYYZ,YYZ,Toronto,1756839438,1756851507,2025-09-02T18:57:18+00:00,2025-09-02T22:18:27+00:00,2025-09-02,2025-09-02,12069
c060ba,POE356,CYYC,YYC,Calgary,CYYZ,YYZ,Toronto,1756838666,1756851072,2025-09-02T18:44:26+00:00,2025-09-02T22:11:12+00:00,2025-09-02,2025-09-02,12406
c07ee8,WJA113,CYYC,YYC,Calgary,CYVR,YVR,Vancouver,1756838491,1756842474,2025-09-02T18:41:31+00:00,2025-09-02T19:47:54+00:00,2025-09-02,2025-09-02,3983
c05bcf,ACA146,CYYC,YYC,Calgary,CYYZ,YYZ,Toronto,1756838299,1756850988,2025-09-02T18:38:19+00:00,2025-09-02T22:09:48+00:00,2025-09-02,2025-09-02,12689
c05efd,JZA134,CYYC,YYC,Calgary,CYEG,YEG,Edmonton,1756838222,1756840319,2025-09-02T18:37:02+00:00,2025-09-02T19:11:59+00:00,2025-09-02,2025-09-02,2097
c013da,AKT1720,CYYC,YYC,Calgary,CYEG,YEG,Edmonton,1756837572,1756839435,2025-09-02T18:26:12+00:00,2025-09-02T18:57:15+00:00,2025-09-02,2025-09-02,1863
c0653d,ACA324,CYYC,YYC,Calgary,CYUL,YUL,Montreal,1756837412,1756850714,2025-09-02T18:23:32+00:00,2025-09-02T22:05:14+00:00,2025-09-02,2025-09-02,13302
c00757,ACA211,CYYC,YYC,Calgary,CYVR,YVR,Vancouver,1756836981,1756840611,2025-09-02T18:16:21+00:00,2025-09-02T19:16:51+00:00,2025-09-02,2025-09-02,3630
c03488,WJA660,CYYC,YYC,Calgary,CYYZ,YYZ,Toronto,1756835240,1756847153,2025-09-02T17:47:20+00:00,2025-09-02T21:05:53+00:00,2025-09-02,2025-09-02,11913
c01cae,WJA111,CYYC,YYC,Calgary,CYVR,YVR,Vancouver,1756834980,1756838784,2025-09-02T17:43:00+00:00,2025-09-02T18:46:24+00:00,2025-09-02,2025-09-02,3804
c01d7e,FLE801,CYYC,YYC,Calgary,CYVR,YVR,Vancouver,1756833346,1756837222,2025-09-02T17:15:46+00:00,2025-09-02T18:20:22+00:00,2025-09-02,2025-09-02,3876
c07f32,WEN3317,CYYC,YYC,Calgary,CYEG,YEG,Edmonton,1756831623,1756833560,2025-09-02T16:47:03+00:00,2025-09-02T17:19:20+00:00,2025-09-02,2025-09-02,1937
c01e28,ACA142,CYYC,YYC,Calgary,CYYZ,YYZ,Toronto,1756831424,1756843527,2025-09-02T16:43:44+00:00,2025-09-02T20:05:27+00:00,2025-09-02,2025-09-02,12103
c028cd,WJA212,CYYC,YYC,Calgary,CYUL,YUL,Montreal,1756831291,1756844893,2025-09-02T16:41:31+00:00,2025-09-02T20:28:13+00:00,2025-09-02,2025-09-02,13602
c07973,ACA209,CYYC,YYC,Calgary,CYVR,YVR,Vancouver,1756830442,1756834408,2025-09-02T16:27:22+00:00,2025-09-02T17:33:28+00:00,2025-09-02,2025-09-02,3966
c03b15,WJA658,CYYC,YYC,Calgary,CYYZ,YYZ,Toronto,1756830053,1756842351,2025-09-02T16:20:53+00:00,2025-09-02T19:45:51+00:00,2025-09-02,2025-09-02,12298
c05d9d,WJA109,CYYC,YYC,Calgary,CYVR,YVR,Vancouver,1756829863,1756834004,2025-09-02T16:17:43+00:00,2025-09-02T17:26:44+00:00,2025-09-02,2025-09-02,4141
c0807f,WEN3173,CYYC,YYC,Calgary,CYVR,YVR,Vancouver,1756829647,1756842235,2025-09-02T16:14:07+00:00,2025-09-02T19:43:55+00:00,2025-09-02,2025-09-02,12588
c05efd,JZA128,CYYC,YYC,Calgary,CYEG,YEG,Edmonton,1756826988,1756829001,2025-09-02T15:29:48+00:00,2025-09-02T16:03:21+00:00,2025-09-02,2025-09-02,2013
c012bd,WJA656,CYYC,YYC,Calgary,CYYZ,YYZ,Toronto,1756826940,1756839117,2025-09-02T15:29:00+00:00,2025-09-02T18:51:57+00:00,2025-09-02,2025-09-02,12177
c05214,,CYYC,YYC,Calgary,CYEG,YEG,Edmonton,1756826024,1756828522,2025-09-02T15:13:44+00:00,2025-09-02T15:55:22+00:00,2025-09-02,2025-09-02,2498
c00734,WJA107,CYYC,YYC,Calgary,CYVR,YVR,Vancouver,1756825951,1756829755,2025-09-02T15:12:31+00:00,2025-09-02T16:15:55+00:00,2025-09-02,2025-09-02,3804
c07396,HRT475,CYYC,YYC,Calgary,CYEG,YEG,Edmonton,1756824876,1756827428,2025-09-02T14:54:36+00:00,2025-09-02T15:37:08+00:00,2025-09-02,2025-09-02,2552
c02fd8,ACA205,CYYC,YYC,Calgary,CYVR,YVR,Vancouver,1756823872,1756827777,2025-09-02T14:37:52+00:00,2025-09-02T15:42:57+00:00,2025-09-02,2025-09-02,3905
c06174,POE384,CYYC,YYC,Calgary,CYUL,YUL,Montreal,1756822275,1756835998,2025-09-02T14:11:15+00:00,2025-09-02T17:59:58+00:00,2025-09-02,2025-09-02,13723
c021f6,WJA654,CYYC,YYC,Calgary,CYYZ,YYZ,Toronto,1756821993,1756834848,2025-09-02T14:06:33+00:00,2025-09-02T17:40:48+00:00,2025-09-02,2025-09-02,12855
c001e4,ASP519,CYYC,YYC,Calgary,CYEG,YEG,Edmonton,1756821066,1756823005,2025-09-02T13:51:06+00:00,2025-09-02T14:23:25+00:00,2025-09-02,2025-09-02,1939
c01dcb,FLE622,CYYC,YYC,Calgary,CYYZ,YYZ,Toronto,1756819641,1756832069,2025-09-02T13:27:21+00:00,2025-09-02T16:54:29+00:00,2025-09-02,2025-09-02,12428
c018d3,CFJKK713,CYYC,YYC,Calgary,CYVR,YVR,Vancouver,1756819569,1756830406,2025-09-02T13:26:09+00:00,2025-09-02T16:26:46+00:00,2025-09-02,2025-09-02,10837
c05bd2,ACA134,CYYC,YYC,Calgary,CYYZ,YYZ,Toronto,1756819178,1756831666,2025-09-02T13:19:38+00:00,2025-09-02T16:47:46+00:00,2025-09-02,2025-09-02,12488
c05ce2,WEN3395,CYYC,YYC,Calgary,CYEG,YEG,Edmonton,1756818976,1756820967,2025-09-02T13:16:16+00:00,2025-09-02T13:49:27+00:00,2025-09-02,2025-09-02,1991
c060be,POE352,CYYC,YYC,Calgary,CYYZ,YYZ,Toronto,1756818585,1756831223,2025-09-02T13:09:45+00:00,2025-09-02T16:40:23+00:00,2025-09-02,2025-09-02,12638
c07eda,WJA103,CYYC,YYC,Calgary,CYVR,YVR,Vancouver,1756818420,1756822323,2025-09-02T13:07:00+00:00,2025-09-02T14:12:03+00:00,2025-09-02,2025-09-02,3903
c05044,ACA201,CYYC,YYC,Calgary,CYVR,YVR,Vancouver,1756816428,1756820639,2025-09-02T12:33:48+00:00,2025-09-02T13:43:59+00:00,2025-09-02,2025-09-02,4211
c07fb1,WJA650,CYYC,YYC,Calgary,CYYZ,YYZ,Toronto,1756816211,1756828787,2025-09-02T12:30:11+00:00,2025-09-02T15:59:47+00:00,2025-09-02,2025-09-02,12576
c03003,ACA318,CYYC,YYC,Calgary,CYUL,YUL,Montreal,1756815290,1756828733,2025-09-02T12:14:50+00:00,2025-09-02T15:58:53+00:00,2025-09-02,2025-09-02,13443
c07566,CNK33,CYYC,YYC,Calgary,CYEG,YEG,Edmonton,1756815122,1756817519,2025-09-02T12:12:02+00:00,2025-09-02T12:51:59+00:00,2025-09-02,2025-09-02,2397
c035cc,WJA646,CYYC,YYC,Calgary,CYYZ,YYZ,Toronto,1756797714,1756810468,2025-09-02T07:21:54+00:00,2025-09-02T10:54:28+00:00,2025-09-02,2025-09-02,12754
c01d2d,FLE628,CYYC,YYC,Calgary,CYYZ,YYZ,Toronto,1756797181,1756809958,2025-09-02T07:13:01+00:00,2025-09-02T10:45:58+00:00,2025-09-02,2025-09-02,12777
c080aa,WJA652,CYYC,YYC,Calgary,CYYZ,YYZ,Toronto,1756795050,1756807949,2025-09-02T06:37:30+00:00,2025-09-02T10:12:29+00:00,2025-09-02,2025-09-02,12899
c030fd,ACA156,CYYC,YYC,Calgary,CYYZ,YYZ,Toronto,1756794840,1756807311,2025-09-02T06:34:00+00:00,2025-09-02T10:01:51+00:00,2025-09-02,2025-09-02,12471
c03cf4,ACA154,CYYC,YYC,Calgary,CYYZ,YYZ,Toronto,1756793523,1756805939,2025-09-02T06:12:03+00:00,2025-09-02T09:38:59+00:00,2025-09-02,2025-09-02,12416
c0618e,POE364,CYYC,YYC,Calgary,CYYZ,YYZ,Toronto,1756793032,1756805831,2025-09-02T06:03:52+00:00,2025-09-02T09:37:11+00:00,2025-09-02,2025-09-02,12799
c00741,WJA237,CYYC,YYC,Calgary,CYEG,YEG,Edmonton,1756792064,1756793692,2025-09-02T05:47:44+00:00,2025-09-02T06:14:52+00:00,2025-09-02,2025-09-02,1628
c02f6a,WJA135,CYYC,YYC,Calgary,CYVR,YVR,Vancouver,1756791671,1756795493,2025-09-02T05:41:11+00:00,2025-09-02T06:44:53+00:00,2025-09-02,2025-09-02,3822
c05da4,WJA133,CYYC,YYC,Calgary,CYVR,YVR,Vancouver,1756788861,1756792880,2025-09-02T04:54:21+00:00,2025-09-02T06:01:20+00:00,2025-09-02,2025-09-02,4019
c045f1,WJA131,CYYC,YYC,Calgary,CYVR,YVR,Vancouver,1756787745,1756791670,2025-09-02T04:35:45+00:00,2025-09-02T05:41:10+00:00,2025-09-02,2025-09-02,3925
c01e1f,FLE805,CYYC,YYC,Calgary,CYVR,YVR,Vancouver,1756785971,1756789992,2025-09-02T04:06:11+00:00,2025-09-02T05:13:12+00:00,2025-09-02,2025-09-02,4021
c0473b,CJT2389,CYYC,YYC,Calgary,CYVR,YVR,Vancouver,1756785215,1756788863,2025-09-02T03:53:35+00:00,2025-09-02T04:54:23+00:00,2025-09-02,2025-09-02,3648
c007d0,ACA227,CYYC,YYC,Calgary,CYVR,YVR,Vancouver,1756782911,1756786979,2025-09-02T03:15:11+00:00,2025-09-02T04:22:59+00:00,2025-09-02,2025-09-02,4068
c07fb9,WJA129,CYYC,YYC,Calgary,CYVR,YVR,Vancouver,1756779462,1756783556,2025-09-02T02:17:42+00:00,2025-09-02T03:25:56+00:00,2025-09-02,2025-09-02,4094
c0737c,WJA127,CYYC,YYC,Calgary,CYVR,YVR,Vancouver,1756776363,1756780340,2025-09-02T01:26:03+00:00,2025-09-02T02:32:20+00:00,2025-09-02,2025-09-02,3977
c01e13,FLE809,CYYC,YYC,Calgary,CYVR,YVR,Vancouver,1756775451,1756779350,2025-09-02T01:10:51+00:00,2025-09-02T02:15:50+00:00,2025-09-02,2025-09-02,3899
c0440e,ACA158,CYYC,YYC,Calgary,CYYZ,YYZ,Toronto,1756775097,1756787713,2025-09-02T01:04:57+00:00,2025-09-02T04:35:13+00:00,2025-09-02,2025-09-02,12616
c08887,WJA214,CYYC,YYC,Calgary,CYUL,YUL,Montreal,1756774577,1756788659,2025-09-02T00:56:17+00:00,2025-09-02T04:50:59+00:00,2025-09-02,2025-09-02,14082
c041b9,WJA676,CYYC,YYC,Calgary,CYYZ,YYZ,Toronto,1756774396,1756787309,2025-09-02T00:53:16+00:00,2025-09-02T04:28:29+00:00,2025-09-02,2025-09-02,12913
c085e0,WJA125,CYYC,YYC,Calgary,CYVR,YVR,Vancouver,1756774330,1756778391,2025-09-02T00:52:10+00:00,2025-09-02T01:59:51+00:00,2025-09-02,2025-09-02,4061
c055f2,JZA391,CYYC,YYC,Calgary,CYVR,YVR,Vancouver,1756774124,1756783919,2025-09-02T00:48:44+00:00,2025-09-02T03:31:59+00:00,2025-09-02,2025-09-02,9795
c006ec,ACA223,CYYC,YYC,Calgary,CYVR,YVR,Vancouver,1756773341,1756777465,2025-09-02T00:35:41+00:00,2025-09-02T01:44:25+00:00,2025-09-02,2025-09-02,4124
c05eb1,ACA152,CYYC,YYC,Calgary,CYYZ,YYZ,Toronto,1756772889,1756785229,2025-09-02T00:28:09+00:00,2025-09-02T03:53:49+00:00,2025-09-02,2025-09-02,12340
c01ebb,FLE626,CYYC,YYC,Calgary,CYYZ,YYZ,Toronto,1756772488,1756785498,2025-09-02T00:21:28+00:00,2025-09-02T03:58:18+00:00,2025-09-02,2025-09-02,13010
c0041d,CFBOM,CYEG,YEG,Edmonton,CYYC,YYC,Calgary,1756849922,1756852581,2025-09-02T21:52:02+00:00,2025-09-02T22:36:21+00:00,2025-09-02,2025-09-02,2659
c001e4,ASP519,CYEG,YEG,Edmonton,CYVR,YVR,Vancouver,1756827224,1756832050,2025-09-02T15:33:44+00:00,2025-09-02T16:54:10+00:00,2025-09-02,2025-09-02,4826
c05488,JZA127,CYEG,YEG,Edmonton,CYYC,YYC,Calgary,1756820835,1756823110,2025-09-02T13:47:15+00:00,2025-09-02T14:25:10+00:00,2025-09-02,2025-09-02,2275
c03a5a,WJA177,CYEG,YEG,Edmonton,CYVR,YVR,Vancouver,1756785834,1756790399,2025-09-02T04:03:54+00:00,2025-09-02T05:19:59+00:00,2025-09-02,2025-09-02,4565
c01d7e,FLE833,CYEG,YEG,Edmonton,CYVR,YVR,Vancouver,1756783270,1756787866,2025-09-02T03:21:10+00:00,2025-09-02T04:37:46+00:00,2025-09-02,2025-09-02,4596
c0228a,CFNCB,CYEG,YEG,Edmonton,CYYC,YYC,Calgary,1756781674,1756783872,2025-09-02T02:54:34+00:00,2025-09-02T03:31:12+00:00,2025-09-02,2025-09-02,2198
c07ee4,WJA240,CYEG,YEG,Edmonton,CYYC,YYC,Calgary,1756781569,1756784108,2025-09-02T02:52:49+00:00,2025-09-02T03:35:08+00:00,2025-09-02,2025-09-02,2539
c005c5,ACA176,CYEG,YEG,Edmonton,CYYZ,YYZ,Toronto,1756780177,1756792108,2025-09-02T02:29:37+00:00,2025-09-02T05:48:28+00:00,2025-09-02,2025-09-02,11931
c028cd,WJA992,CYEG,YEG,Edmonton,CYYC,YYC,Calgary,1756777928,1756780190,2025-09-02T01:52:08+00:00,2025-09-02T02:29:50+00:00,2025-09-02,2025-09-02,2262
c05030,ACA245,CYEG,YEG,Edmonton,CYVR,YVR,Vancouver,1756776824,1756780958,2025-09-02T01:33:44+00:00,2025-09-02T02:42:38+00:00,2025-09-02,2025-09-02,4134
c01d3c,WJA438,CYEG,YEG,Edmonton,CYYZ,YYZ,Toronto,1756774654,1756787029,2025-09-02T00:57:34+00:00,2025-09-02T04:23:49+00:00,2025-09-02,2025-09-02,12375
c0540c,WJA175,CYEG,YEG,Edmonton,CYVR,YVR,Vancouver,1756773853,1756778221,2025-09-02T00:44:13+00:00,2025-09-02T01:57:01+00:00,2025-09-02,2025-09-02,4368
c02de7,SUT8201,CYEG,YEG,Edmonton,CYVR,YVR,Vancouver,1756772649,1756777213,2025-09-02T00:24:09+00:00,2025-09-02T01:40:13+00:00,2025-09-02,2025-09-02,4564
c01624,JZA7781,CYEG,YEG,Edmonton,CYVR,YVR,Vancouver,1756771599,1756775877,2025-09-02T00:06:39+00:00,2025-09-02T01:17:57+00:00,2025-09-02,2025-09-02,4278
c058c2,ACA8XC,CYYZ,YYZ,Toronto,CYUL,YUL,Montreal,1756850350,1756853686,2025-09-02T21:59:10+00:00,2025-09-02T22:54:46+00:00,2025-09-02,2025-09-02,3336
c07b09,ACA488,CYYZ,YYZ,Toronto,CYUL,YUL,Montreal,1756846091,1756849917,2025-09-02T20:48:11+00:00,2025-09-02T21:51:57+00:00,2025-09-02,2025-09-02,3826
c08861,POE125,CYYZ,YYZ,Toronto,CYUL,YUL,Montreal,1756845367,1756849097,2025-09-02T20:36:07+00:00,2025-09-02T21:38:17+00:00,2025-09-02,2025-09-02,3730
c0440e,ACA418,CYYZ,YYZ,Toronto,CYUL,YUL,Montreal,1756844805,1756848509,2025-09-02T20:26:45+00:00,2025-09-02T21:28:29+00:00,2025-09-02,2025-09-02,3704
c06aa7,TSC421,CYYZ,YYZ,Toronto,CYUL,YUL,Montreal,1756843983,1756847850,2025-09-02T20:13:03+00:00,2025-09-02T21:17:30+00:00,2025-09-02,2025-09-02,3867
c05ec7,ACA416,CYYZ,YYZ,Toronto,CYUL,YUL,Montreal,1756839840,1756843825,2025-09-02T19:04:00+00:00,2025-09-02T20:10:25+00:00,2025-09-02,2025-09-02,3985
c010ea,ACA145,CYYZ,YYZ,Toronto,CYYC,YYC,Calgary,1756839516,1756853690,2025-09-02T18:58:36+00:00,2025-09-02T22:54:50+00:00,2025-09-02,2025-09-02,14174
c07c7b,ACA414,CYYZ,YYZ,Toronto,CYUL,YUL,Montreal,1756838040,1756841575,2025-09-02T18:34:00+00:00,2025-09-02T19:32:55+00:00,2025-09-02,2025-09-02,3535
c06080,ACA143,CYYZ,YYZ,Toronto,CYYC,YYC,Calgary,1756837150,1756850958,2025-09-02T18:19:10+00:00,2025-09-02T22:09:18+00:00,2025-09-02,2025-09-02,13808
c00741,WJA715,CYYZ,YYZ,Toronto,CYVR,YVR,Vancouver,1756837057,1756853654,2025-09-02T18:17:37+00:00,2025-09-02T22:54:14+00:00,2025-09-02,2025-09-02,16597
c0534e,FLE613,CYYZ,YYZ,Toronto,CYVR,YVR,Vancouver,1756836662,1756853598,2025-09-02T18:11:02+00:00,2025-09-02T22:53:18+00:00,2025-09-02,2025-09-02,16936
c00d51,FLE623,CYYZ,YYZ,Toronto,CYYC,YYC,Calgary,1756836456,1756850502,2025-09-02T18:07:36+00:00,2025-09-02T22:01:42+00:00,2025-09-02,2025-09-02,14046
a79b80,ADSBTST1,CYYZ,YYZ,Toronto,CYUL,YUL,Montreal,1756834942,1756839250,2025-09-02T17:42:22+00:00,2025-09-02T18:54:10+00:00,2025-09-02,2025-09-02,4308
c023ae,ACA109,CYYZ,YYZ,Toronto,CYVR,YVR,Vancouver,1756834500,1756850591,2025-09-02T17:35:00+00:00,2025-09-02T22:03:11+00:00,2025-09-02,2025-09-02,16091
c06167,POE405,CYYZ,YYZ,Toronto,CYEG,YEG,Edmonton,1756834363,1756848536,2025-09-02T17:32:43+00:00,2025-09-02T21:28:56+00:00,2025-09-02,2025-09-02,14173
c078bf,WJA661,CYYZ,YYZ,Toronto,CYYC,YYC,Calgary,1756834310,1756848156,2025-09-02T17:31:50+00:00,2025-09-02T21:22:36+00:00,2025-09-02,2025-09-02,13846
c06177,POE357,CYYZ,YYZ,Toronto,CYYC,YYC,Calgary,1756833751,1756848028,2025-09-02T17:22:31+00:00,2025-09-02T21:20:28+00:00,2025-09-02,2025-09-02,14277
c0616c,POE307,CYYZ,YYZ,Toronto,CYVR,YVR,Vancouver,1756833315,1756851033,2025-09-02T17:15:15+00:00,2025-09-02T22:10:33+00:00,2025-09-02,2025-09-02,17718
c05056,ACA412,CYYZ,YYZ,Toronto,CYUL,YUL,Montreal,1756832239,1756836496,2025-09-02T16:57:19+00:00,2025-09-02T18:08:16+00:00,2025-09-02,2025-09-02,4257
c05ea6,ACA113,CYYZ,YYZ,Toronto,CYVR,YVR,Vancouver,1756831990,1756848937,2025-09-02T16:53:10+00:00,2025-09-02T21:35:37+00:00,2025-09-02,2025-09-02,16947
c030a6,ACA141,CYYZ,YYZ,Toronto,CYYC,YYC,Calgary,1756831290,1756845089,2025-09-02T16:41:30+00:00,2025-09-02T20:31:29+00:00,2025-09-02,2025-09-02,13799
c07b09,ACA410,CYYZ,YYZ,Toronto,CYUL,YUL,Montreal,1756829341,1756833223,2025-09-02T16:09:01+00:00,2025-09-02T17:13:43+00:00,2025-09-02,2025-09-02,3882
c02cfc,WJA711,CYYZ,YYZ,Toronto,CYVR,YVR,Vancouver,1756829167,1756845448,2025-09-02T16:06:07+00:00,2025-09-02T20:37:28+00:00,2025-09-02,2025-09-02,16281
c030ef,ACA111,CYYZ,YYZ,Toronto,CYVR,YVR,Vancouver,1756829135,1756845870,2025-09-02T16:05:35+00:00,2025-09-02T20:44:30+00:00,2025-09-02,2025-09-02,16735
c03c02,WJA425,CYYZ,YYZ,Toronto,CYEG,YEG,Edmonton,1756829051,1756843480,2025-09-02T16:04:11+00:00,2025-09-02T20:04:40+00:00,2025-09-02,2025-09-02,14429
c04ed6,HRT364,CYYZ,YYZ,Toronto,CYUL,YUL,Montreal,1756827357,1756830408,2025-09-02T15:35:57+00:00,2025-09-02T16:26:48+00:00,2025-09-02,2025-09-02,3051
c05ee5,ACA167,CYYZ,YYZ,Toronto,CYEG,YEG,Edmonton,1756826973,1756840630,2025-09-02T15:29:33+00:00,2025-09-02T19:17:10+00:00,2025-09-02,2025-09-02,13657
c06be3,WJA657,CYYZ,YYZ,Toronto,CYYC,YYC,Calgary,1756826611,1756840116,2025-09-02T15:23:31+00:00,2025-09-02T19:08:36+00:00,2025-09-02,2025-09-02,13505
c0192e,ACA117,CYYZ,YYZ,Toronto,CYVR,YVR,Vancouver,1756826283,1756843196,2025-09-02T15:18:03+00:00,2025-09-02T19:59:56+00:00,2025-09-02,2025-09-02,16913
c03068,ACA408,CYYZ,YYZ,Toronto,CYUL,YUL,Montreal,1756825772,1756829455,2025-09-02T15:09:32+00:00,2025-09-02T16:10:55+00:00,2025-09-02,2025-09-02,3683
c00e55,FLE637,CYYZ,YYZ,Toronto,CYEG,YEG,Edmonton,1756824365,1756838381,2025-09-02T14:46:05+00:00,2025-09-02T18:39:41+00:00,2025-09-02,2025-09-02,14016
c07e32,ACA137,CYYZ,YYZ,Toronto,CYYC,YYC,Calgary,1756824181,1756837492,2025-09-02T14:43:01+00:00,2025-09-02T18:24:52+00:00,2025-09-02,2025-09-02,13311
c08863,POE305,CYYZ,YYZ,Toronto,CYVR,YVR,Vancouver,1756823863,1756840737,2025-09-02T14:37:43+00:00,2025-09-02T19:18:57+00:00,2025-09-02,2025-09-02,16874
c01e1a,FLE625,CYYZ,YYZ,Toronto,CYYC,YYC,Calgary,1756822555,1756837106,2025-09-02T14:15:55+00:00,2025-09-02T18:18:26+00:00,2025-09-02,2025-09-02,14551
c071d9,CGRCY,CYYZ,YYZ,Toronto,CYUL,YUL,Montreal,1756821932,1756825358,2025-09-02T14:05:32+00:00,2025-09-02T15:02:38+00:00,2025-09-02,2025-09-02,3426
c035cc,WJA655,CYYZ,YYZ,Toronto,CYYC,YYC,Calgary,1756821903,1756835816,2025-09-02T14:05:03+00:00,2025-09-02T17:56:56+00:00,2025-09-02,2025-09-02,13913
c004e9,WJA707,CYYZ,YYZ,Toronto,CYVR,YVR,Vancouver,1756821751,1756838222,2025-09-02T14:02:31+00:00,2025-09-02T18:37:02+00:00,2025-09-02,2025-09-02,16471
c01ebb,FLE609,CYYZ,YYZ,Toronto,CYVR,YVR,Vancouver,1756821465,1756838424,2025-09-02T13:57:45+00:00,2025-09-02T18:40:24+00:00,2025-09-02,2025-09-02,16959
c0757a,SYB088,CYYZ,YYZ,Toronto,CYYC,YYC,Calgary,1756821224,1756834497,2025-09-02T13:53:44+00:00,2025-09-02T17:34:57+00:00,2025-09-02,2025-09-02,13273
c05bcf,ACA135,CYYZ,YYZ,Toronto,CYYC,YYC,Calgary,1756819124,1756832964,2025-09-02T13:18:44+00:00,2025-09-02T17:09:24+00:00,2025-09-02,2025-09-02,13840
c0618c,POE353,CYYZ,YYZ,Toronto,CYYC,YYC,Calgary,1756818915,1756832867,2025-09-02T13:15:15+00:00,2025-09-02T17:07:47+00:00,2025-09-02,2025-09-02,13952
c060bb,POE403,CYYZ,YYZ,Toronto,CYEG,YEG,Edmonton,1756818546,1756832646,2025-09-02T13:09:06+00:00,2025-09-02T17:04:06+00:00,2025-09-02,2025-09-02,14100
c080aa,WJA651,CYYZ,YYZ,Toronto,CYYC,YYC,Calgary,1756818366,1756832277,2025-09-02T13:06:06+00:00,2025-09-02T16:57:57+00:00,2025-09-02,2025-09-02,13911
c03c05,WJA421,CYYZ,YYZ,Toronto,CYEG,YEG,Edmonton,1756818243,1756831919,2025-09-02T13:04:03+00:00,2025-09-02T16:51:59+00:00,2025-09-02,2025-09-02,13676
c07c7b,ACA404,CYYZ,YYZ,Toronto,CYUL,YUL,Montreal,1756817762,1756821299,2025-09-02T12:56:02+00:00,2025-09-02T13:54:59+00:00,2025-09-02,2025-09-02,3537
c010ec,ACA107,CYYZ,YYZ,Toronto,CYVR,YVR,Vancouver,1756817611,1756834498,2025-09-02T12:53:31+00:00,2025-09-02T17:34:58+00:00,2025-09-02,2025-09-02,16887
c05eb1,ACA105,CYYZ,YYZ,Toronto,CYVR,YVR,Vancouver,1756817050,1756833529,2025-09-02T12:44:10+00:00,2025-09-02T17:18:49+00:00,2025-09-02,2025-09-02,16479
c01755,ACA189,CYYZ,YYZ,Toronto,CYVR,YVR,Vancouver,1756816181,1756831541,2025-09-02T12:29:41+00:00,2025-09-02T16:45:41+00:00,2025-09-02,2025-09-02,15360
c07fe9,WJA703,CYYZ,YYZ,Toronto,CYVR,YVR,Vancouver,1756815631,1756832158,2025-09-02T12:20:31+00:00,2025-09-02T16:55:58+00:00,2025-09-02,2025-09-02,16527
c01e1f,FLE601,CYYZ,YYZ,Toronto,CYVR,YVR,Vancouver,1756815541,1756832352,2025-09-02T12:19:01+00:00,2025-09-02T16:59:12+00:00,2025-09-02,2025-09-02,16811
c08497,ACA165,CYYZ,YYZ,Toronto,CYEG,YEG,Edmonton,1756815364,1756829182,2025-09-02T12:16:04+00:00,2025-09-02T16:06:22+00:00,2025-09-02,2025-09-02,13818
c0618e,POE303,CYYZ,YYZ,Toronto,CYVR,YVR,Vancouver,1756815308,1756832339,2025-09-02T12:15:08+00:00,2025-09-02T16:58:59+00:00,2025-09-02,2025-09-02,17031
c05ea6,ACA402,CYYZ,YYZ,Toronto,CYUL,YUL,Montreal,1756814940,1756818399,2025-09-02T12:09:00+00:00,2025-09-02T13:06:39+00:00,2025-09-02,2025-09-02,3459
c03488,WJA649,CYYZ,YYZ,Toronto,CYYC,YYC,Calgary,1756814774,1756828493,2025-09-02T12:06:14+00:00,2025-09-02T15:54:53+00:00,2025-09-02,2025-09-02,13719
c0193c,CFJOL,CYYZ,YYZ,Toronto,CYEG,YEG,Edmonton,1756813606,1756827579,2025-09-02T11:46:46+00:00,2025-09-02T15:39:39+00:00,2025-09-02,2025-09-02,13973
c08852,POE111,CYYZ,YYZ,Toronto,CYUL,YUL,Montreal,1756813605,1756817098,2025-09-02T11:46:45+00:00,2025-09-02T12:44:58+00:00,2025-09-02,2025-09-02,3493
c001eb,ASP503,CYYZ,YYZ,Toronto,CYUL,YUL,Montreal,1756813352,1756817274,2025-09-02T11:42:32+00:00,2025-09-02T12:47:54+00:00,2025-09-02,2025-09-02,3922
c04687,ASP839,CYYZ,YYZ,Toronto,CYUL,YUL,Montreal,1756813299,1756816709,2025-09-02T11:41:39+00:00,2025-09-02T12:38:29+00:00,2025-09-02,2025-09-02,3410
c01e28,ACA133,CYYZ,YYZ,Toronto,CYYC,YYC,Calgary,1756811714,1756825491,2025-09-02T11:15:14+00:00,2025-09-02T15:04:51+00:00,2025-09-02,2025-09-02,13777
c05bd6,ACA101,CYYZ,YYZ,Toronto,CYVR,YVR,Vancouver,1756811161,1756827679,2025-09-02T11:06:01+00:00,2025-09-02T15:41:19+00:00,2025-09-02,2025-09-02,16518
c05ee5,ACA400,CYYZ,YYZ,Toronto,CYUL,YUL,Montreal,1756810957,1756814562,2025-09-02T11:02:37+00:00,2025-09-02T12:02:42+00:00,2025-09-02,2025-09-02,3605
c0501e,ACA480,CYYZ,YYZ,Toronto,CYUL,YUL,Montreal,1756809396,1756812470,2025-09-02T10:36:36+00:00,2025-09-02T11:27:50+00:00,2025-09-02,2025-09-02,3074
c01b4f,WJA653,CYYZ,YYZ,Toronto,CYYC,YYC,Calgary,1756809358,1756823595,2025-09-02T10:35:58+00:00,2025-09-02T14:33:15+00:00,2025-09-02,2025-09-02,14237
c006b1,WJA701,CYYZ,YYZ,Toronto,CYVR,YVR,Vancouver,1756809286,1756826871,2025-09-02T10:34:46+00:00,2025-09-02T15:27:51+00:00,2025-09-02,2025-09-02,17585
c038aa,ACA181,CYYZ,YYZ,Toronto,CYVR,YVR,Vancouver,1756808731,1756824681,2025-09-02T10:25:31+00:00,2025-09-02T14:51:21+00:00,2025-09-02,2025-09-02,15950
c00dea,ACA161,CYYZ,YYZ,Toronto,CYEG,YEG,Edmonton,1756807716,1756822739,2025-09-02T10:08:36+00:00,2025-09-02T14:18:59+00:00,2025-09-02,2025-09-02,15023
c016e5,CFIRK,CYYZ,YYZ,Toronto,CYUL,YUL,Montreal,1756806389,1756809533,2025-09-02T09:46:29+00:00,2025-09-02T10:38:53+00:00,2025-09-02,2025-09-02,3144
c03330,JZA7774,CYYZ,YYZ,Toronto,CYUL,YUL,Montreal,1756787453,1756790989,2025-09-02T04:30:53+00:00,2025-09-02T05:29:49+00:00,2025-09-02,2025-09-02,3536
c02fd8,ACA159,CYYZ,YYZ,Toronto,CYYC,YYC,Calgary,1756783982,1756798071,2025-09-02T03:33:02+00:00,2025-09-02T07:27:51+00:00,2025-09-02,2025-09-02,14089
c0617d,POE135,CYYZ,YYZ,Toronto,CYUL,YUL,Montreal,1756783413,1756787263,2025-09-02T03:23:33+00:00,2025-09-02T04:27:43+00:00,2025-09-02,2025-09-02,3850
c066fb,ACA432,CYYZ,YYZ,Toronto,CYUL,YUL,Montreal,1756783233,1756786992,2025-09-02T03:20:33+00:00,2025-09-02T04:23:12+00:00,2025-09-02,2025-09-02,3759
c004e9,WJA598,CYYZ,YYZ,Toronto,CYUL,YUL,Montreal,1756782707,1756786859,2025-09-02T03:11:47+00:00,2025-09-02T04:20:59+00:00,2025-09-02,2025-09-02,4152
c03bf7,WJA445,CYYZ,YYZ,Toronto,CYEG,YEG,Edmonton,1756781913,1756795349,2025-09-02T02:58:33+00:00,2025-09-02T06:42:29+00:00,2025-09-02,2025-09-02,13436
c08106,WJA679,CYYZ,YYZ,Toronto,CYYC,YYC,Calgary,1756781014,1756794898,2025-09-02T02:43:34+00:00,2025-09-02T06:34:58+00:00,2025-09-02,2025-09-02,13884
c08095,WJA731,CYYZ,YYZ,Toronto,CYVR,YVR,Vancouver,1756780362,1756796466,2025-09-02T02:32:42+00:00,2025-09-02T07:01:06+00:00,2025-09-02,2025-09-02,16104
c010ea,ACA177,CYYZ,YYZ,Toronto,CYEG,YEG,Edmonton,1756780111,1756793805,2025-09-02T02:28:31+00:00,2025-09-02T06:16:45+00:00,2025-09-02,2025-09-02,13694
c0534e,FLE631,CYYZ,YYZ,Toronto,CYEG,YEG,Edmonton,1756778790,1756792639,2025-09-02T02:06:30+00:00,2025-09-02T05:57:19+00:00,2025-09-02,2025-09-02,13849
c060c3,POE409,CYYZ,YYZ,Toronto,CYEG,YEG,Edmonton,1756778520,1756791790,2025-09-02T02:02:00+00:00,2025-09-02T05:43:10+00:00,2025-09-02,2025-09-02,13270
c08866,POE313,CYYZ,YYZ,Toronto,CYVR,YVR,Vancouver,1756778212,1756795101,2025-09-02T01:56:52+00:00,2025-09-02T06:38:21+00:00,2025-09-02,2025-09-02,16889
c03003,ACA157,CYYZ,YYZ,Toronto,CYYC,YYC,Calgary,1756778112,1756791911,2025-09-02T01:55:12+00:00,2025-09-02T05:45:11+00:00,2025-09-02,2025-09-02,13799
c060be,POE367,CYYZ,YYZ,Toronto,CYYC,YYC,Calgary,1756777418,1756791809,2025-09-02T01:43:38+00:00,2025-09-02T05:43:29+00:00,2025-09-02,2025-09-02,14391
c01d2d,FLE629,CYYZ,YYZ,Toronto,CYYC,YYC,Calgary,1756777269,1756791351,2025-09-02T01:41:09+00:00,2025-09-02T05:35:51+00:00,2025-09-02,2025-09-02,14082
c03068,ACA129,CYYZ,YYZ,Toronto,CYVR,YVR,Vancouver,1756776749,1756793245,2025-09-02T01:32:29+00:00,2025-09-02T06:07:25+00:00,2025-09-02,2025-09-02,16496
c01e1a,FLE603,CYYZ,YYZ,Toronto,CYVR,YVR,Vancouver,1756776106,1756793009,2025-09-02T01:21:46+00:00,2025-09-02T06:03:29+00:00,2025-09-02,2025-09-02,16903
c05edf,ACA426,CYYZ,YYZ,Toronto,CYUL,YUL,Montreal,1756774983,1756779129,2025-09-02T01:03:03+00:00,2025-09-02T02:12:09+00:00,2025-09-02,2025-09-02,4146
c08851,POE129,CYYZ,YYZ,Toronto,CYUL,YUL,Montreal,1756774843,1756778727,2025-09-02T01:00:43+00:00,2025-09-02T02:05:27+00:00,2025-09-02,2025-09-02,3884
c084a3,ACA2127,CYYZ,YYZ,Toronto,CYVR,YVR,Vancouver,1756773643,1756789828,2025-09-02T00:40:43+00:00,2025-09-02T05:10:28+00:00,2025-09-02,2025-09-02,16185
c050c5,ACA123,CYYZ,YYZ,Toronto,CYVR,YVR,Vancouver,1756773618,1756790181,2025-09-02T00:40:18+00:00,2025-09-02T05:16:21+00:00,2025-09-02,2025-09-02,16563
c06724,ACA424,CYYZ,YYZ,Toronto,CYUL,YUL,Montreal,1756773322,1756777239,2025-09-02T00:35:22+00:00,2025-09-02T01:40:39+00:00,2025-09-02,2025-09-02,3917
c078ba,TSC611,CYYZ,YYZ,Toronto,CYUL,YUL,Montreal,1756771541,1756775389,2025-09-02T00:05:41+00:00,2025-09-02T01:09:49+00:00,2025-09-02,2025-09-02,3848
c03bfb,WJA675,CYYZ,YYZ,Toronto,CYYC,YYC,Calgary,1756771505,1756784796,2025-09-02T00:05:05+00:00,2025-09-02T03:46:36+00:00,2025-09-02,2025-09-02,13291
c071d9,CGRCY,CYUL,YUL,Montreal,CYYZ,YYZ,Toronto,1756850913,1756853825,2025-09-02T22:08:33+00:00,2025-09-02T22:57:05+00:00,2025-09-02,2025-09-02,2912
c06709,ACA421,CYUL,YUL,Montreal,CYYZ,YYZ,Toronto,1756849031,1756852225,2025-09-02T21:37:11+00:00,2025-09-02T22:30:25+00:00,2025-09-02,2025-09-02,3194
c051e4,ACA9XC,CYUL,YUL,Montreal,CYYZ,YYZ,Toronto,1756845823,1756849020,2025-09-02T20:43:43+00:00,2025-09-02T21:37:00+00:00,2025-09-02,2025-09-02,3197
c080d9,ACA489,CYUL,YUL,Montreal,CYYZ,YYZ,Toronto,1756844017,1756847307,2025-09-02T20:13:37+00:00,2025-09-02T21:08:27+00:00,2025-09-02,2025-09-02,3290
c07b05,ACA487,CYUL,YUL,Montreal,CYYZ,YYZ,Toronto,1756842360,1756845735,2025-09-02T19:46:00+00:00,2025-09-02T20:42:15+00:00,2025-09-02,2025-09-02,3375
c060c3,POE120,CYUL,YUL,Montreal,CYYZ,YYZ,Toronto,1756841231,1756844638,2025-09-02T19:27:11+00:00,2025-09-02T20:23:58+00:00,2025-09-02,2025-09-02,3407
c07b09,ACA415,CYUL,YUL,Montreal,CYYZ,YYZ,Toronto,1756838178,1756841453,2025-09-02T18:36:18+00:00,2025-09-02T19:30:53+00:00,2025-09-02,2025-09-02,3275
c03068,ACA413,CYUL,YUL,Montreal,CYYZ,YYZ,Toronto,1756835010,1756838333,2025-09-02T17:43:30+00:00,2025-09-02T18:38:53+00:00,2025-09-02,2025-09-02,3323
c05edf,ACA305,CYUL,YUL,Montreal,CYVR,YVR,Vancouver,1756834443,1756852046,2025-09-02T17:34:03+00:00,2025-09-02T22:27:26+00:00,2025-09-02,2025-09-02,17603
c018db,CFJKS,CYUL,YUL,Montreal,CYYZ,YYZ,Toronto,1756833309,1756836652,2025-09-02T17:15:09+00:00,2025-09-02T18:10:52+00:00,2025-09-02,2025-09-02,3343
c001eb,ASP503,CYUL,YUL,Montreal,CYYZ,YYZ,Toronto,1756830061,1756833508,2025-09-02T16:21:01+00:00,2025-09-02T17:18:28+00:00,2025-09-02,2025-09-02,3447
c07c7b,ACA409,CYUL,YUL,Montreal,CYYZ,YYZ,Toronto,1756827121,1756830288,2025-09-02T15:32:01+00:00,2025-09-02T16:24:48+00:00,2025-09-02,2025-09-02,3167
c05ea6,ACA407,CYUL,YUL,Montreal,CYYZ,YYZ,Toronto,1756823650,1756826995,2025-09-02T14:34:10+00:00,2025-09-02T15:29:55+00:00,2025-09-02,2025-09-02,3345
c08852,POE112,CYUL,YUL,Montreal,CYYZ,YYZ,Toronto,1756822932,1756826189,2025-09-02T14:22:12+00:00,2025-09-02T15:16:29+00:00,2025-09-02,2025-09-02,3257
c04fdd,ACA2125,CYUL,YUL,Montreal,CYYC,YYC,Calgary,1756822555,1756836380,2025-09-02T14:15:55+00:00,2025-09-02T18:06:20+00:00,2025-09-02,2025-09-02,13825
c05030,ACA403,CYUL,YUL,Montreal,CYYZ,YYZ,Toronto,1756820761,1756823999,2025-09-02T13:46:01+00:00,2025-09-02T14:39:59+00:00,2025-09-02,2025-09-02,3238
c0174f,ACA7061,CYUL,YUL,Montreal,CYVR,YVR,Vancouver,1756820594,1756836748,2025-09-02T13:43:14+00:00,2025-09-02T18:12:28+00:00,2025-09-02,2025-09-02,16154
c05ee5,ACA405,CYUL,YUL,Montreal,CYYZ,YYZ,Toronto,1756819652,1756822857,2025-09-02T13:27:32+00:00,2025-09-02T14:20:57+00:00,2025-09-02,2025-09-02,3205
c044bb,ASP567,CYUL,YUL,Montreal,CYYZ,YYZ,Toronto,1756818210,1756821537,2025-09-02T13:03:30+00:00,2025-09-02T13:58:57+00:00,2025-09-02,2025-09-02,3327
c02eca,ACA303,CYUL,YUL,Montreal,CYVR,YVR,Vancouver,1756817520,1756833297,2025-09-02T12:52:00+00:00,2025-09-02T17:14:57+00:00,2025-09-02,2025-09-02,15777
c0653d,ACA321,CYUL,YUL,Montreal,CYYC,YYC,Calgary,1756816538,1756830777,2025-09-02T12:35:38+00:00,2025-09-02T16:32:57+00:00,2025-09-02,2025-09-02,14239
c0617d,POE373,CYUL,YUL,Montreal,CYVR,YVR,Vancouver,1756815523,1756832692,2025-09-02T12:18:43+00:00,2025-09-02T17:04:52+00:00,2025-09-02,2025-09-02,17169
c05ed9,ACA331,CYUL,YUL,Montreal,CYEG,YEG,Edmonton,1756815009,1756829263,2025-09-02T12:10:09+00:00,2025-09-02T16:07:43+00:00,2025-09-02,2025-09-02,14254
c066fb,ACA433,CYUL,YUL,Montreal,CYYZ,YYZ,Toronto,1756813474,1756816914,2025-09-02T11:44:34+00:00,2025-09-02T12:41:54+00:00,2025-09-02,2025-09-02,3440
c08887,WJA215,CYUL,YUL,Montreal,CYYC,YYC,Calgary,1756812465,1756826664,2025-09-02T11:27:45+00:00,2025-09-02T15:24:24+00:00,2025-09-02,2025-09-02,14199
c07b0a,ACA401,CYUL,YUL,Montreal,CYYZ,YYZ,Toronto,1756812066,1756815650,2025-09-02T11:21:06+00:00,2025-09-02T12:20:50+00:00,2025-09-02,2025-09-02,3584
c004e9,WJA579,CYUL,YUL,Montreal,CYYZ,YYZ,Toronto,1756811105,1756814576,2025-09-02T11:05:05+00:00,2025-09-02T12:02:56+00:00,2025-09-02,2025-09-02,3471
c08851,POE102,CYUL,YUL,Montreal,CYYZ,YYZ,Toronto,1756810929,1756814277,2025-09-02T11:02:09+00:00,2025-09-02T11:57:57+00:00,2025-09-02,2025-09-02,3348
c0193c,CFJOL,CYUL,YUL,Montreal,CYYZ,YYZ,Toronto,1756808741,1756812079,2025-09-02T10:25:41+00:00,2025-09-02T11:21:19+00:00,2025-09-02,2025-09-02,3338
c00a0b,ACA481,CYUL,YUL,Montreal,CYYZ,YYZ,Toronto,1756808250,1756811663,2025-09-02T10:17:30+00:00,2025-09-02T11:14:23+00:00,2025-09-02,2025-09-02,3413
c03330,JZA7773,CYUL,YUL,Montreal,CYYZ,YYZ,Toronto,1756804334,1756808023,2025-09-02T09:12:14+00:00,2025-09-02T10:13:43+00:00,2025-09-02,2025-09-02,3689
c07e32,ACA431,CYUL,YUL,Montreal,CYYZ,YYZ,Toronto,1756782690,1756786283,2025-09-02T03:11:30+00:00,2025-09-02T04:11:23+00:00,2025-09-02,2025-09-02,3593
c0501e,ACA429,CYUL,YUL,Montreal,CYYZ,YYZ,Toronto,1756779700,1756782923,2025-09-02T02:21:40+00:00,2025-09-02T03:15:23+00:00,2025-09-02,2025-09-02,3223
c050c4,ACA313,CYUL,YUL,Montreal,CYVR,YVR,Vancouver,1756778477,1756795785,2025-09-02T02:01:17+00:00,2025-09-02T06:49:45+00:00,2025-09-02,2025-09-02,17308
c0618c,POE130,CYUL,YUL,Montreal,CYYZ,YYZ,Toronto,1756777111,1756780834,2025-09-02T01:38:31+00:00,2025-09-02T02:40:34+00:00,2025-09-02,2025-09-02,3723
c04814,ROU7097,CYUL,YUL,Montreal,CYYZ,YYZ,Toronto,1756776591,1756781678,2025-09-02T01:29:51+00:00,2025-09-02T02:54:38+00:00,2025-09-02,2025-09-02,5087
c05bcf,ACA427,CYUL,YUL,Montreal,CYYZ,YYZ,Toronto,1756774577,1756777914,2025-09-02T00:56:17+00:00,2025-09-02T01:51:54+00:00,2025-09-02,2025-09-02,3337
c029dd,ACA327,CYUL,YUL,Montreal,CYYC,YYC,Calgary,1756774266,1756788124,2025-09-02T00:51:06+00:00,2025-09-02T04:42:04+00:00,2025-09-02,2025-09-02,13858
c051da,TSC710,CYUL,YUL,Montreal,CYYZ,YYZ,Toronto,1756771900,1756775816,2025-09-02T00:11:40+00:00,2025-09-02T01:16:56+00:00,2025-09-02,2025-09-02,3916
c0618e,POE389,CYUL,YUL,Montreal,CYYC,YYC,Calgary,1756771646,1756786536,2025-09-02T00:07:26+00:00,2025-09-02T04:15:36+00:00,2025-09-02,2025-09-02,14890
c07ee0,WJA116,CYVR,YVR,Vancouver,CYYC,YYC,Calgary,1756936219,1756939998,2025-09-03T21:50:19+00:00,2025-09-03T22:53:18+00:00,2025-09-03,2025-09-03,3779
c080a3,WJA114,CYVR,YVR,Vancouver,CYYC,YYC,Calgary,1756932362,1756936477,2025-09-03T20:46:02+00:00,2025-09-03T21:54:37+00:00,2025-09-03,2025-09-03,4115
c050c0,ACA216,CYVR,YVR,Vancouver,CYYC,YYC,Calgary,1756930147,1756934025,2025-09-03T20:09:07+00:00,2025-09-03T21:13:45+00:00,2025-09-03,2025-09-03,3878
c03a5a,WJA112,CYVR,YVR,Vancouver,CYYC,YYC,Calgary,1756928460,1756932460,2025-09-03T19:41:00+00:00,2025-09-03T20:47:40+00:00,2025-09-03,2025-09-03,4000
c01d7e,FLE816,CYVR,YVR,Vancouver,CYYC,YYC,Calgary,1756925945,1756929916,2025-09-03T18:59:05+00:00,2025-09-03T20:05:16+00:00,2025-09-03,2025-09-03,3971
c05bcb,ACA110,CYVR,YVR,Vancouver,CYYZ,YYZ,Toronto,1756925211,1756940350,2025-09-03T18:46:51+00:00,2025-09-03T22:59:10+00:00,2025-09-03,2025-09-03,15139
c04ff4,WJA110,CYVR,YVR,Vancouver,CYYC,YYC,Calgary,1756925014,1756928950,2025-09-03T18:43:34+00:00,2025-09-03T19:49:10+00:00,2025-09-03,2025-09-03,3936
c03f37,WJA710,CYVR,YVR,Vancouver,CYYZ,YYZ,Toronto,1756924511,1756940151,2025-09-03T18:35:11+00:00,2025-09-03T22:55:51+00:00,2025-09-03,2025-09-03,15640
c060c0,POE374,CYVR,YVR,Vancouver,CYUL,YUL,Montreal,1756924235,1756940392,2025-09-03T18:30:35+00:00,2025-09-03T22:59:52+00:00,2025-09-03,2025-09-03,16157
c00da8,FLE806,CYVR,YVR,Vancouver,CYYC,YYC,Calgary,1756922590,1756926599,2025-09-03T18:03:10+00:00,2025-09-03T19:09:59+00:00,2025-09-03,2025-09-03,4009
c03af2,WJA104,CYVR,YVR,Vancouver,CYYC,YYC,Calgary,1756922167,1756926049,2025-09-03T17:56:07+00:00,2025-09-03T19:00:49+00:00,2025-09-03,2025-09-03,3882
c06177,POE304,CYVR,YVR,Vancouver,CYYZ,YYZ,Toronto,1756921561,1756937019,2025-09-03T17:46:01+00:00,2025-09-03T22:03:39+00:00,2025-09-03,2025-09-03,15458
c03b15,WJA108,CYVR,YVR,Vancouver,CYYC,YYC,Calgary,1756921295,1756925204,2025-09-03T17:41:35+00:00,2025-09-03T18:46:44+00:00,2025-09-03,2025-09-03,3909
c02032,MAL8092,CYVR,YVR,Vancouver,CYYZ,YYZ,Toronto,1756920630,1756935360,2025-09-03T17:30:30+00:00,2025-09-03T21:36:00+00:00,2025-09-03,2025-09-03,14730
c010ea,ACA108,CYVR,YVR,Vancouver,CYYZ,YYZ,Toronto,1756920096,1756935177,2025-09-03T17:21:36+00:00,2025-09-03T21:32:57+00:00,2025-09-03,2025-09-03,15081
c06539,ACA210,CYVR,YVR,Vancouver,CYYC,YYC,Calgary,1756919979,1756923926,2025-09-03T17:19:39+00:00,2025-09-03T18:25:26+00:00,2025-09-03,2025-09-03,3947
c0541c,SYB826,CYVR,YVR,Vancouver,CYYZ,YYZ,Toronto,1756919616,1756934652,2025-09-03T17:13:36+00:00,2025-09-03T21:24:12+00:00,2025-09-03,2025-09-03,15036
c080e0,WJA708,CYVR,YVR,Vancouver,CYYZ,YYZ,Toronto,1756919174,1756934814,2025-09-03T17:06:14+00:00,2025-09-03T21:26:54+00:00,2025-09-03,2025-09-03,15640
c078bf,WJA706,CYVR,YVR,Vancouver,CYYZ,YYZ,Toronto,1756918698,1756934237,2025-09-03T16:58:18+00:00,2025-09-03T21:17:17+00:00,2025-09-03,2025-09-03,15539
c032a2,WEN3174,CYVR,YVR,Vancouver,CYYC,YYC,Calgary,1756916304,1756927574,2025-09-03T16:18:24+00:00,2025-09-03T19:26:14+00:00,2025-09-03,2025-09-03,11270
c01729,ACA34,CYVR,YVR,Vancouver,CYYZ,YYZ,Toronto,1756916193,1756930575,2025-09-03T16:16:33+00:00,2025-09-03T20:16:15+00:00,2025-09-03,2025-09-03,14382
c01a7d,ACA304,CYVR,YVR,Vancouver,CYUL,YUL,Montreal,1756915500,1756931097,2025-09-03T16:05:00+00:00,2025-09-03T20:24:57+00:00,2025-09-03,2025-09-03,15597
c006ec,ACA204,CYVR,YVR,Vancouver,CYYC,YYC,Calgary,1756913796,1756917905,2025-09-03T15:36:36+00:00,2025-09-03T16:45:05+00:00,2025-09-03,2025-09-03,4109
c08851,POE372,CYVR,YVR,Vancouver,CYUL,YUL,Montreal,1756913002,1756929692,2025-09-03T15:23:22+00:00,2025-09-03T20:01:32+00:00,2025-09-03,2025-09-03,16690
c01e1f,FLE800,CYVR,YVR,Vancouver,CYYC,YYC,Calgary,1756911690,1756915703,2025-09-03T15:01:30+00:00,2025-09-03T16:08:23+00:00,2025-09-03,2025-09-03,4013
c03cf4,ACA302,CYVR,YVR,Vancouver,CYUL,YUL,Montreal,1756911515,1756927556,2025-09-03T14:58:35+00:00,2025-09-03T19:25:56+00:00,2025-09-03,2025-09-03,16041
c0618c,POE302,CYVR,YVR,Vancouver,CYYZ,YYZ,Toronto,1756911102,1756926539,2025-09-03T14:51:42+00:00,2025-09-03T19:08:59+00:00,2025-09-03,2025-09-03,15437
c05bd6,ACA104,CYVR,YVR,Vancouver,CYYZ,YYZ,Toronto,1756910273,1756925631,2025-09-03T14:37:53+00:00,2025-09-03T18:53:51+00:00,2025-09-03,2025-09-03,15358
c01755,ACA7058,CYVR,YVR,Vancouver,CYYZ,YYZ,Toronto,1756909800,1756924145,2025-09-03T14:30:00+00:00,2025-09-03T18:29:05+00:00,2025-09-03,2025-09-03,14345
c07e33,ACA202,CYVR,YVR,Vancouver,CYYC,YYC,Calgary,1756909211,1756913331,2025-09-03T14:20:11+00:00,2025-09-03T15:28:51+00:00,2025-09-03,2025-09-03,4120
c049fd,WJA102,CYVR,YVR,Vancouver,CYYC,YYC,Calgary,1756909021,1756912985,2025-09-03T14:17:01+00:00,2025-09-03T15:23:05+00:00,2025-09-03,2025-09-03,3964
c045f1,WJA100,CYVR,YVR,Vancouver,CYYC,YYC,Calgary,1756905980,1756910009,2025-09-03T13:26:20+00:00,2025-09-03T14:33:29+00:00,2025-09-03,2025-09-03,4029
c064d8,ACA100,CYVR,YVR,Vancouver,CYYZ,YYZ,Toronto,1756905519,1756920477,2025-09-03T13:18:39+00:00,2025-09-03T17:27:57+00:00,2025-09-03,2025-09-03,14958
c07e62,WJA700,CYVR,YVR,Vancouver,CYYZ,YYZ,Toronto,1756905330,1756920851,2025-09-03T13:15:30+00:00,2025-09-03T17:34:11+00:00,2025-09-03,2025-09-03,15521
c08106,WJA160,CYVR,YVR,Vancouver,CYEG,YEG,Edmonton,1756904499,1756908809,2025-09-03T13:01:39+00:00,2025-09-03T14:13:29+00:00,2025-09-03,2025-09-03,4310
c035cc,WJA136,CYVR,YVR,Vancouver,CYYC,YYC,Calgary,1756900644,1756904547,2025-09-03T11:57:24+00:00,2025-09-03T13:02:27+00:00,2025-09-03,2025-09-03,3903
c0473b,CJT2382,CYVR,YVR,Vancouver,CYYC,YYC,Calgary,1756887783,1756891199,2025-09-03T08:23:03+00:00,2025-09-03T09:19:59+00:00,2025-09-03,2025-09-03,3416
c010ec,ACA182,CYVR,YVR,Vancouver,CYYZ,YYZ,Toronto,1756885393,1756900420,2025-09-03T07:43:13+00:00,2025-09-03T11:53:40+00:00,2025-09-03,2025-09-03,15027
c01e13,FLE602,CYVR,YVR,Vancouver,CYYZ,YYZ,Toronto,1756884535,1756900079,2025-09-03T07:28:55+00:00,2025-09-03T11:47:59+00:00,2025-09-03,2025-09-03,15544
c05eb1,ACA128,CYVR,YVR,Vancouver,CYYZ,YYZ,Toronto,1756881363,1756896761,2025-09-03T06:36:03+00:00,2025-09-03T10:52:41+00:00,2025-09-03,2025-09-03,15398
c05004,ACA314,CYVR,YVR,Vancouver,CYUL,YUL,Montreal,1756880251,1756896266,2025-09-03T06:17:31+00:00,2025-09-03T10:44:26+00:00,2025-09-03,2025-09-03,16015
c0653f,ACA126,CYVR,YVR,Vancouver,CYYZ,YYZ,Toronto,1756880076,1756895262,2025-09-03T06:14:36+00:00,2025-09-03T10:27:42+00:00,2025-09-03,2025-09-03,15186
c00da8,FLE600,CYVR,YVR,Vancouver,CYYZ,YYZ,Toronto,1756879295,1756894427,2025-09-03T06:01:35+00:00,2025-09-03T10:13:47+00:00,2025-09-03,2025-09-03,15132
c04c36,WJA724,CYVR,YVR,Vancouver,CYYZ,YYZ,Toronto,1756878133,1756893688,2025-09-03T05:42:13+00:00,2025-09-03T10:01:28+00:00,2025-09-03,2025-09-03,15555
c07eef,WJA132,CYVR,YVR,Vancouver,CYYC,YYC,Calgary,1756876653,1756880277,2025-09-03T05:17:33+00:00,2025-09-03T06:17:57+00:00,2025-09-03,2025-09-03,3624
c05ebb,WJA178,CYVR,YVR,Vancouver,CYEG,YEG,Edmonton,1756873579,1756877725,2025-09-03T04:26:19+00:00,2025-09-03T05:35:25+00:00,2025-09-03,2025-09-03,4146
c007d8,ACA250,CYVR,YVR,Vancouver,CYEG,YEG,Edmonton,1756873383,1756877276,2025-09-03T04:23:03+00:00,2025-09-03T05:27:56+00:00,2025-09-03,2025-09-03,3893
c00cd6,WJA128,CYVR,YVR,Vancouver,CYYC,YYC,Calgary,1756871570,1756875365,2025-09-03T03:52:50+00:00,2025-09-03T04:56:05+00:00,2025-09-03,2025-09-03,3795
c03068,ACA226,CYVR,YVR,Vancouver,CYYC,YYC,Calgary,1756869343,1756873408,2025-09-03T03:15:43+00:00,2025-09-03T04:23:28+00:00,2025-09-03,2025-09-03,4065
c0517e,WJA126,CYVR,YVR,Vancouver,CYYC,YYC,Calgary,1756868310,1756872337,2025-09-03T02:58:30+00:00,2025-09-03T04:05:37+00:00,2025-09-03,2025-09-03,4027
c0211f,MAL8079,CYVR,YVR,Vancouver,CYYZ,YYZ,Toronto,1756866268,1756881142,2025-09-03T02:24:28+00:00,2025-09-03T06:32:22+00:00,2025-09-03,2025-09-03,14874
c010cb,ACA246,CYVR,YVR,Vancouver,CYEG,YEG,Edmonton,1756865475,1756869470,2025-09-03T02:11:15+00:00,2025-09-03T03:17:50+00:00,2025-09-03,2025-09-03,3995
c02029,MAL7062,CYVR,YVR,Vancouver,CYYC,YYC,Calgary,1756865339,1756869186,2025-09-03T02:08:59+00:00,2025-09-03T03:13:06+00:00,2025-09-03,2025-09-03,3847
c080a2,WJA124,CYVR,YVR,Vancouver,CYYC,YYC,Calgary,1756863964,1756867852,2025-09-03T01:46:04+00:00,2025-09-03T02:50:52+00:00,2025-09-03,2025-09-03,3888
c00741,WJA174,CYVR,YVR,Vancouver,CYEG,YEG,Edmonton,1756862519,1756866717,2025-09-03T01:21:59+00:00,2025-09-03T02:31:57+00:00,2025-09-03,2025-09-03,4198
c00da8,FLE804,CYVR,YVR,Vancouver,CYYC,YYC,Calgary,1756861828,1756866094,2025-09-03T01:10:28+00:00,2025-09-03T02:21:34+00:00,2025-09-03,2025-09-03,4266
c05086,ACA224,CYVR,YVR,Vancouver,CYYC,YYC,Calgary,1756861272,1756865361,2025-09-03T01:01:12+00:00,2025-09-03T02:09:21+00:00,2025-09-03,2025-09-03,4089
c05bd2,ACA124,CYVR,YVR,Vancouver,CYYZ,YYZ,Toronto,1756860822,1756875447,2025-09-03T00:53:42+00:00,2025-09-03T04:57:27+00:00,2025-09-03,2025-09-03,14625
c07ee8,WJA122,CYVR,YVR,Vancouver,CYYC,YYC,Calgary,1756860395,1756864113,2025-09-03T00:46:35+00:00,2025-09-03T01:48:33+00:00,2025-09-03,2025-09-03,3718
c01d7e,FLE832,CYVR,YVR,Vancouver,CYEG,YEG,Edmonton,1756860334,1756864575,2025-09-03T00:45:34+00:00,2025-09-03T01:56:15+00:00,2025-09-03,2025-09-03,4241
c07fb9,WJA722,CYVR,YVR,Vancouver,CYYZ,YYZ,Toronto,1756858344,1756874117,2025-09-03T00:12:24+00:00,2025-09-03T04:35:17+00:00,2025-09-03,2025-09-03,15773
c06aa4,JZA7780,CYVR,YVR,Vancouver,CYEG,YEG,Edmonton,1756858023,1756862204,2025-09-03T00:07:03+00:00,2025-09-03T01:16:44+00:00,2025-09-03,2025-09-03,4181
c023ae,ACA122,CYVR,YVR,Vancouver,CYYZ,YYZ,Toronto,1756857910,1756872467,2025-09-03T00:05:10+00:00,2025-09-03T04:07:47+00:00,2025-09-03,2025-09-03,14557
c06c9c,CJT301,CYYC,YYC,Calgary,CYVR,YVR,Vancouver,1756935780,1756939511,2025-09-03T21:43:00+00:00,2025-09-03T22:45:11+00:00,2025-09-03,2025-09-03,3731
c07ee8,WJA119,CYYC,YYC,Calgary,CYVR,YVR,Vancouver,1756934654,1756938349,2025-09-03T21:24:14+00:00,2025-09-03T22:25:49+00:00,2025-09-03,2025-09-03,3695
c03bfb,WJA117,CYYC,YYC,Calgary,CYVR,YVR,Vancouver,1756933779,1756937687,2025-09-03T21:09:39+00:00,2025-09-03T22:14:47+00:00,2025-09-03,2025-09-03,3908
c00da8,FLE807,CYYC,YYC,Calgary,CYVR,YVR,Vancouver,1756930835,1756934658,2025-09-03T20:20:35+00:00,2025-09-03T21:24:18+00:00,2025-09-03,2025-09-03,3823
c03af2,WJA115,CYYC,YYC,Calgary,CYVR,YVR,Vancouver,1756930759,1756934252,2025-09-03T20:19:19+00:00,2025-09-03T21:17:32+00:00,2025-09-03,2025-09-03,3493
c06539,ACA217,CYYC,YYC,Calgary,CYVR,YVR,Vancouver,1756928888,1756932598,2025-09-03T19:48:08+00:00,2025-09-03T20:49:58+00:00,2025-09-03,2025-09-03,3710
c01ee6,WJA664,CYYC,YYC,Calgary,CYYZ,YYZ,Toronto,1756927245,1756939872,2025-09-03T19:20:45+00:00,2025-09-03T22:51:12+00:00,2025-09-03,2025-09-03,12627
c0616e,POE356,CYYC,YYC,Calgary,CYYZ,YYZ,Toronto,1756925411,1756937919,2025-09-03T18:50:11+00:00,2025-09-03T22:18:39+00:00,2025-09-03,2025-09-03,12508
c010ec,ACA146,CYYC,YYC,Calgary,CYYZ,YYZ,Toronto,1756924721,1756936519,2025-09-03T18:38:41+00:00,2025-09-03T21:55:19+00:00,2025-09-03,2025-09-03,11798
c03c04,WJA113,CYYC,YYC,Calgary,CYVR,YVR,Vancouver,1756924159,1756928158,2025-09-03T18:29:19+00:00,2025-09-03T19:35:58+00:00,2025-09-03,2025-09-03,3999
c006ec,ACA211,CYYC,YYC,Calgary,CYVR,YVR,Vancouver,1756923042,1756926899,2025-09-03T18:10:42+00:00,2025-09-03T19:14:59+00:00,2025-09-03,2025-09-03,3857
c030bb,ACA324,CYYC,YYC,Calgary,CYUL,YUL,Montreal,1756922770,1756935799,2025-09-03T18:06:10+00:00,2025-09-03T21:43:19+00:00,2025-09-03,2025-09-03,13029
c04453,WJA660,CYYC,YYC,Calgary,CYYZ,YYZ,Toronto,1756922060,1756933985,2025-09-03T17:54:20+00:00,2025-09-03T21:13:05+00:00,2025-09-03,2025-09-03,11925
c01e1f,FLE801,CYYC,YYC,Calgary,CYVR,YVR,Vancouver,1756920727,1756924796,2025-09-03T17:32:07+00:00,2025-09-03T18:39:56+00:00,2025-09-03,2025-09-03,4069
c07ee0,WJA111,CYYC,YYC,Calgary,CYVR,YVR,Vancouver,1756920594,1756924255,2025-09-03T17:29:54+00:00,2025-09-03T18:30:55+00:00,2025-09-03,2025-09-03,3661
c01e28,ACA142,CYYC,YYC,Calgary,CYYZ,YYZ,Toronto,1756918447,1756930403,2025-09-03T16:54:07+00:00,2025-09-03T20:13:23+00:00,2025-09-03,2025-09-03,11956
c07e33,ACA209,CYYC,YYC,Calgary,CYVR,YVR,Vancouver,1756918335,1756922059,2025-09-03T16:52:15+00:00,2025-09-03T17:54:19+00:00,2025-09-03,2025-09-03,3724
c03c44,WJA212,CYYC,YYC,Calgary,CYUL,YUL,Montreal,1756917455,1756930587,2025-09-03T16:37:35+00:00,2025-09-03T20:16:27+00:00,2025-09-03,2025-09-03,13132
c004ea,WJA658,CYYC,YYC,Calgary,CYYZ,YYZ,Toronto,1756916915,1756929212,2025-09-03T16:28:35+00:00,2025-09-03T19:53:32+00:00,2025-09-03,2025-09-03,12297
c07fb9,WJA109,CYYC,YYC,Calgary,CYVR,YVR,Vancouver,1756916050,1756919999,2025-09-03T16:14:10+00:00,2025-09-03T17:19:59+00:00,2025-09-03,2025-09-03,3949
c05ce2,WEN3173,CYYC,YYC,Calgary,CYVR,YVR,Vancouver,1756915205,1756927224,2025-09-03T16:00:05+00:00,2025-09-03T19:20:24+00:00,2025-09-03,2025-09-03,12019
c03a97,WEN3433,CYYC,YYC,Calgary,CYVR,YVR,Vancouver,1756914349,1756927533,2025-09-03T15:45:49+00:00,2025-09-03T19:25:33+00:00,2025-09-03,2025-09-03,13184
c0121e,WJA107,CYYC,YYC,Calgary,CYVR,YVR,Vancouver,1756913072,1756916725,2025-09-03T15:24:32+00:00,2025-09-03T16:25:25+00:00,2025-09-03,2025-09-03,3653
c004e9,WJA656,CYYC,YYC,Calgary,CYYZ,YYZ,Toronto,1756912269,1756924529,2025-09-03T15:11:09+00:00,2025-09-03T18:35:29+00:00,2025-09-03,2025-09-03,12260
c0576b,CNK55,CYYC,YYC,Calgary,CYEG,YEG,Edmonton,1756912102,1756914449,2025-09-03T15:08:22+00:00,2025-09-03T15:47:29+00:00,2025-09-03,2025-09-03,2347
c02de7,SUT4056,CYYC,YYC,Calgary,CYEG,YEG,Edmonton,1756912027,1756914089,2025-09-03T15:07:07+00:00,2025-09-03T15:41:29+00:00,2025-09-03,2025-09-03,2062
c05214,,CYYC,YYC,Calgary,CYEG,YEG,Edmonton,1756911390,1756913869,2025-09-03T14:56:30+00:00,2025-09-03T15:37:49+00:00,2025-09-03,2025-09-03,2479
c05086,ACA205,CYYC,YYC,Calgary,CYVR,YVR,Vancouver,1756910705,1756914321,2025-09-03T14:45:05+00:00,2025-09-03T15:45:21+00:00,2025-09-03,2025-09-03,3616
c013d1,NCB2802,CYYC,YYC,Calgary,CYEG,YEG,Edmonton,1756909753,1756912665,2025-09-03T14:29:13+00:00,2025-09-03T15:17:45+00:00,2025-09-03,2025-09-03,2912
c03b15,WJA991,CYYC,YYC,Calgary,CYVR,YVR,Vancouver,1756908697,1756912257,2025-09-03T14:11:37+00:00,2025-09-03T15:10:57+00:00,2025-09-03,2025-09-03,3560
c08864,POE384,CYYC,YYC,Calgary,CYUL,YUL,Montreal,1756908575,1756921999,2025-09-03T14:09:35+00:00,2025-09-03T17:53:19+00:00,2025-09-03,2025-09-03,13424
c03e07,WJA654,CYYC,YYC,Calgary,CYYZ,YYZ,Toronto,1756908337,1756920696,2025-09-03T14:05:37+00:00,2025-09-03T17:31:36+00:00,2025-09-03,2025-09-03,12359
c04fae,WEN3395,CYYC,YYC,Calgary,CYEG,YEG,Edmonton,1756906200,1756908266,2025-09-03T13:30:00+00:00,2025-09-03T14:04:26+00:00,2025-09-03,2025-09-03,2066
c010f6,ACA134,CYYC,YYC,Calgary,CYYZ,YYZ,Toronto,1756906128,1756918139,2025-09-03T13:28:48+00:00,2025-09-03T16:48:59+00:00,2025-09-03,2025-09-03,12011
c08862,POE352,CYYC,YYC,Calgary,CYYZ,YYZ,Toronto,1756904977,1756917236,2025-09-03T13:09:37+00:00,2025-09-03T16:33:56+00:00,2025-09-03,2025-09-03,12259
c00094,CFAFR684,CYYC,YYC,Calgary,CYVR,YVR,Vancouver,1756904888,1756916068,2025-09-03T13:08:08+00:00,2025-09-03T16:14:28+00:00,2025-09-03,2025-09-03,11180
c07fb0,WJA103,CYYC,YYC,Calgary,CYVR,YVR,Vancouver,1756904821,1756908568,2025-09-03T13:07:01+00:00,2025-09-03T14:09:28+00:00,2025-09-03,2025-09-03,3747
c03064,ACA203,CYYC,YYC,Calgary,CYVR,YVR,Vancouver,1756904626,1756908269,2025-09-03T13:03:46+00:00,2025-09-03T14:04:29+00:00,2025-09-03,2025-09-03,3643
c030a6,ACA318,CYYC,YYC,Calgary,CYUL,YUL,Montreal,1756903145,1756916427,2025-09-03T12:39:05+00:00,2025-09-03T16:20:27+00:00,2025-09-03,2025-09-03,13282
c019eb,WJA650,CYYC,YYC,Calgary,CYYZ,YYZ,Toronto,1756903022,1756915426,2025-09-03T12:37:02+00:00,2025-09-03T16:03:46+00:00,2025-09-03,2025-09-03,12404
c050ae,ACA201,CYYC,YYC,Calgary,CYVR,YVR,Vancouver,1756902614,1756906386,2025-09-03T12:30:14+00:00,2025-09-03T13:33:06+00:00,2025-09-03,2025-09-03,3772
c08620,CNK22,CYYC,YYC,Calgary,CYEG,YEG,Edmonton,1756900825,1756903317,2025-09-03T12:00:25+00:00,2025-09-03T12:41:57+00:00,2025-09-03,2025-09-03,2492
c02032,MAL7051,CYYC,YYC,Calgary,CYVR,YVR,Vancouver,1756895790,1756899384,2025-09-03T10:36:30+00:00,2025-09-03T11:36:24+00:00,2025-09-03,2025-09-03,3594
c0637c,WJA646,CYYC,YYC,Calgary,CYYZ,YYZ,Toronto,1756884964,1756897392,2025-09-03T07:36:04+00:00,2025-09-03T11:03:12+00:00,2025-09-03,2025-09-03,12428
c083f2,ACA316,CYYC,YYC,Calgary,CYUL,YUL,Montreal,1756884491,1756897817,2025-09-03T07:28:11+00:00,2025-09-03T11:10:17+00:00,2025-09-03,2025-09-03,13326
c01ebb,FLE628,CYYC,YYC,Calgary,CYYZ,YYZ,Toronto,1756883468,1756895969,2025-09-03T07:11:08+00:00,2025-09-03T10:39:29+00:00,2025-09-03,2025-09-03,12501
c03068,ACA156,CYYC,YYC,Calgary,CYYZ,YYZ,Toronto,1756881392,1756893891,2025-09-03T06:36:32+00:00,2025-09-03T10:04:51+00:00,2025-09-03,2025-09-03,12499
c00cd6,WJA652,CYYC,YYC,Calgary,CYYZ,YYZ,Toronto,1756881300,1756893443,2025-09-03T06:35:00+00:00,2025-09-03T09:57:23+00:00,2025-09-03,2025-09-03,12143
c07e32,ACA154,CYYC,YYC,Calgary,CYYZ,YYZ,Toronto,1756880656,1756893352,2025-09-03T06:24:16+00:00,2025-09-03T09:55:52+00:00,2025-09-03,2025-09-03,12696
c07193,WJA135,CYYC,YYC,Calgary,CYVR,YVR,Vancouver,1756879701,1756883634,2025-09-03T06:08:21+00:00,2025-09-03T07:13:54+00:00,2025-09-03,2025-09-03,3933
c080a2,WJA237,CYYC,YYC,Calgary,CYEG,YEG,Edmonton,1756879055,1756880818,2025-09-03T05:57:35+00:00,2025-09-03T06:26:58+00:00,2025-09-03,2025-09-03,1763
c02029,MAL7062,CYYC,YYC,Calgary,CYYZ,YYZ,Toronto,1756874033,1756885738,2025-09-03T04:33:53+00:00,2025-09-03T07:48:58+00:00,2025-09-03,2025-09-03,11705
c035cc,WJA133,CYYC,YYC,Calgary,CYVR,YVR,Vancouver,1756873644,1756877420,2025-09-03T04:27:24+00:00,2025-09-03T05:30:20+00:00,2025-09-03,2025-09-03,3776
c0473b,00000000,CYYC,YYC,Calgary,CYVR,YVR,Vancouver,1756873487,1756877095,2025-09-03T04:24:47+00:00,2025-09-03T05:24:55+00:00,2025-09-03,2025-09-03,3608
c012be,AKT1739,CYYC,YYC,Calgary,CYEG,YEG,Edmonton,1756872158,1756873841,2025-09-03T04:02:38+00:00,2025-09-03T04:30:41+00:00,2025-09-03,2025-09-03,1683
c07ee4,WJA289,CYYC,YYC,Calgary,CYEG,YEG,Edmonton,1756871257,1756872943,2025-09-03T03:47:37+00:00,2025-09-03T04:15:43+00:00,2025-09-03,2025-09-03,1686
c03a5a,WJA131,CYYC,YYC,Calgary,CYVR,YVR,Vancouver,1756870970,1756874840,2025-09-03T03:42:50+00:00,2025-09-03T04:47:20+00:00,2025-09-03,2025-09-03,3870
c00da8,FLE805,CYYC,YYC,Calgary,CYVR,YVR,Vancouver,1756870381,1756874236,2025-09-03T03:33:01+00:00,2025-09-03T04:37:16+00:00,2025-09-03,2025-09-03,3855
c00700,ACA227,CYYC,YYC,Calgary,CYVR,YVR,Vancouver,1756868250,1756872225,2025-09-03T02:57:30+00:00,2025-09-03T04:03:45+00:00,2025-09-03,2025-09-03,3975
c080a4,WJA676,CYYC,YYC,Calgary,CYYZ,YYZ,Toronto,1756866918,1756879281,2025-09-03T02:35:18+00:00,2025-09-03T06:01:21+00:00,2025-09-03,2025-09-03,12363
c021f6,WJA241,CYYC,YYC,Calgary,CYEG,YEG,Edmonton,1756866844,1756868812,2025-09-03T02:34:04+00:00,2025-09-03T03:06:52+00:00,2025-09-03,2025-09-03,1968
c05eac,ACA7062,CYYC,YYC,Calgary,CYYZ,YYZ,Toronto,1756866591,1756878267,2025-09-03T02:29:51+00:00,2025-09-03T05:44:27+00:00,2025-09-03,2025-09-03,11676
c07eef,WJA129,CYYC,YYC,Calgary,CYVR,YVR,Vancouver,1756866213,1756869838,2025-09-03T02:23:33+00:00,2025-09-03T03:23:58+00:00,2025-09-03,2025-09-03,3625
c054a0,JZA144,CYYC,YYC,Calgary,CYEG,YEG,Edmonton,1756862850,1756864795,2025-09-03T01:27:30+00:00,2025-09-03T01:59:55+00:00,2025-09-03,2025-09-03,1945
c00cd6,WJA127,CYYC,YYC,Calgary,CYVR,YVR,Vancouver,1756862345,1756866089,2025-09-03T01:19:05+00:00,2025-09-03T02:21:29+00:00,2025-09-03,2025-09-03,3744
c029dd,ACA158,CYYC,YYC,Calgary,CYYZ,YYZ,Toronto,1756861584,1756873728,2025-09-03T01:06:24+00:00,2025-09-03T04:28:48+00:00,2025-09-03,2025-09-03,12144
c03bf5,WJA255,CYYC,YYC,Calgary,CYEG,YEG,Edmonton,1756860638,1756862548,2025-09-03T00:50:38+00:00,2025-09-03T01:22:28+00:00,2025-09-03,2025-09-03,1910
c05403,WJA214,CYYC,YYC,Calgary,CYUL,YUL,Montreal,1756860393,1756873791,2025-09-03T00:46:33+00:00,2025-09-03T04:29:51+00:00,2025-09-03,2025-09-03,13398
c06c87,,CYYC,YYC,Calgary,CYVR,YVR,Vancouver,1756859763,1756865020,2025-09-03T00:36:03+00:00,2025-09-03T02:03:40+00:00,2025-09-03,2025-09-03,5257
c010ea,ACA152,CYYC,YYC,Calgary,CYYZ,YYZ,Toronto,1756859444,1756872109,2025-09-03T00:30:44+00:00,2025-09-03T04:01:49+00:00,2025-09-03,2025-09-03,12665
c00757,ACA223,CYYC,YYC,Calgary,CYVR,YVR,Vancouver,1756859237,1756862770,2025-09-03T00:27:17+00:00,2025-09-03T01:26:10+00:00,2025-09-03,2025-09-03,3533
c078bf,WJA125,CYYC,YYC,Calgary,CYVR,YVR,Vancouver,1756858540,1756862214,2025-09-03T00:15:40+00:00,2025-09-03T01:16:54+00:00,2025-09-03,2025-09-03,3674
c048cb,,CYYC,YYC,Calgary,CYEG,YEG,Edmonton,1756857603,1756860119,2025-09-03T00:00:03+00:00,2025-09-03T00:41:59+00:00,2025-09-03,2025-09-03,2516
c02966,WJA244,CYEG,YEG,Edmonton,CYYC,YYC,Calgary,1756937686,1756939609,2025-09-03T22:14:46+00:00,2025-09-03T22:46:49+00:00,2025-09-03,2025-09-03,1923
c0202b,CFMES,CYEG,YEG,Edmonton,CYYC,YYC,Calgary,1756937401,1756939261,2025-09-03T22:10:01+00:00,2025-09-03T22:41:01+00:00,2025-09-03,2025-09-03,1860
c0041d,CFBOM,CYEG,YEG,Edmonton,CYYC,YYC,Calgary,1756936844,1756939527,2025-09-03T22:00:44+00:00,2025-09-03T22:45:27+00:00,2025-09-03,2025-09-03,2683
c08106,WJA171,CYEG,YEG,Edmonton,CYVR,YVR,Vancouver,1756935582,1756939978,2025-09-03T21:39:42+00:00,2025-09-03T22:52:58+00:00,2025-09-03,2025-09-03,4396
c05214,,CYEG,YEG,Edmonton,CYYC,YYC,Calgary,1756935394,1756937878,2025-09-03T21:36:34+00:00,2025-09-03T22:17:58+00:00,2025-09-03,2025-09-03,2484
c082f1,SDE8O0,CYEG,YEG,Edmonton,CYYC,YYC,Calgary,1756935021,1756936899,2025-09-03T21:30:21+00:00,2025-09-03T22:01:39+00:00,2025-09-03,2025-09-03,1878
c027e0,CFPCP,CYEG,YEG,Edmonton,CYYC,YYC,Calgary,1756934045,1756936671,2025-09-03T21:14:05+00:00,2025-09-03T21:57:51+00:00,2025-09-03,2025-09-03,2626
c007d0,ACA243,CYEG,YEG,Edmonton,CYVR,YVR,Vancouver,1756933845,1756937986,2025-09-03T21:10:45+00:00,2025-09-03T22:19:46+00:00,2025-09-03,2025-09-03,4141
c02de7,SUT4057,CYEG,YEG,Edmonton,CYYC,YYC,Calgary,1756932720,1756934889,2025-09-03T20:52:00+00:00,2025-09-03T21:28:09+00:00,2025-09-03,2025-09-03,2169
c040e8,WJA169,CYEG,YEG,Edmonton,CYVR,YVR,Vancouver,1756932277,1756936558,2025-09-03T20:44:37+00:00,2025-09-03T21:55:58+00:00,2025-09-03,2025-09-03,4281
c0576b,CNK55,CYEG,YEG,Edmonton,CYYC,YYC,Calgary,1756932009,1756934713,2025-09-03T20:40:09+00:00,2025-09-03T21:25:13+00:00,2025-09-03,2025-09-03,2704
c054a0,JZA137,CYEG,YEG,Edmonton,CYYC,YYC,Calgary,1756930329,1756932293,2025-09-03T20:12:09+00:00,2025-09-03T20:44:53+00:00,2025-09-03,2025-09-03,1964
c013d1,NCB2803,CYEG,YEG,Edmonton,CYYC,YYC,Calgary,1756929544,1756932608,2025-09-03T19:59:04+00:00,2025-09-03T20:50:08+00:00,2025-09-03,2025-09-03,3064
c007d8,ACA241,CYEG,YEG,Edmonton,CYVR,YVR,Vancouver,1756928288,1756932337,2025-09-03T19:38:08+00:00,2025-09-03T20:45:37+00:00,2025-09-03,2025-09-03,4049
c06171,POE406,CYEG,YEG,Edmonton,CYYZ,YYZ,Toronto,1756924846,1756936897,2025-09-03T18:40:46+00:00,2025-09-03T22:01:37+00:00,2025-09-03,2025-09-03,12051
c050a0,WEN3348,CYEG,YEG,Edmonton,CYYC,YYC,Calgary,1756924104,1756926375,2025-09-03T18:28:24+00:00,2025-09-03T19:06:15+00:00,2025-09-03,2025-09-03,2271
c02cfc,WJA428,CYEG,YEG,Edmonton,CYYZ,YYZ,Toronto,1756923911,1756935687,2025-09-03T18:25:11+00:00,2025-09-03T21:41:27+00:00,2025-09-03,2025-09-03,11776
c021f6,WJA167,CYEG,YEG,Edmonton,CYVR,YVR,Vancouver,1756923393,1756927701,2025-09-03T18:16:33+00:00,2025-09-03T19:28:21+00:00,2025-09-03,2025-09-03,4308
c05004,ACA336,CYEG,YEG,Edmonton,CYUL,YUL,Montreal,1756921838,1756934493,2025-09-03T17:50:38+00:00,2025-09-03T21:21:33+00:00,2025-09-03,2025-09-03,12655
c05eb1,ACA164,CYEG,YEG,Edmonton,CYYZ,YYZ,Toronto,1756921436,1756933550,2025-09-03T17:43:56+00:00,2025-09-03T21:05:50+00:00,2025-09-03,2025-09-03,12114
c00757,ACA237,CYEG,YEG,Edmonton,CYVR,YVR,Vancouver,1756919634,1756923777,2025-09-03T17:13:54+00:00,2025-09-03T18:22:57+00:00,2025-09-03,2025-09-03,4143
c054a0,JZA128,CYEG,YEG,Edmonton,CYYC,YYC,Calgary,1756918489,1756920508,2025-09-03T16:54:49+00:00,2025-09-03T17:28:28+00:00,2025-09-03,2025-09-03,2019
c01d7e,FLE823,CYEG,YEG,Edmonton,CYVR,YVR,Vancouver,1756916605,1756920807,2025-09-03T16:23:25+00:00,2025-09-03T17:33:27+00:00,2025-09-03,2025-09-03,4202
c05416,WJA426,CYEG,YEG,Edmonton,CYYZ,YYZ,Toronto,1756916323,1756928108,2025-09-03T16:18:43+00:00,2025-09-03T19:35:08+00:00,2025-09-03,2025-09-03,11785
c08106,WJA165,CYEG,YEG,Edmonton,CYVR,YVR,Vancouver,1756915486,1756919770,2025-09-03T16:04:46+00:00,2025-09-03T17:16:10+00:00,2025-09-03,2025-09-03,4284
c048cb,,CYEG,YEG,Edmonton,CYYC,YYC,Calgary,1756871934,1756874261,2025-09-03T03:58:54+00:00,2025-09-03T04:37:41+00:00,2025-09-03,2025-09-03,2327
c051da,TSC531,CYYZ,YYZ,Toronto,CYUL,YUL,Montreal,1756937370,1756940392,2025-09-03T22:09:30+00:00,2025-09-03T22:59:52+00:00,2025-09-03,2025-09-03,3022
c010cb,ACA422,CYYZ,YYZ,Toronto,CYUL,YUL,Montreal,1756937011,1756940392,2025-09-03T22:03:31+00:00,2025-09-03T22:59:52+00:00,2025-09-03,2025-09-03,3381
c018db,CFJKS,CYYZ,YYZ,Toronto,CYUL,YUL,Montreal,1756936503,1756940165,2025-09-03T21:55:03+00:00,2025-09-03T22:56:05+00:00,2025-09-03,2025-09-03,3662
c069f0,CGODB,CYYZ,YYZ,Toronto,CYUL,YUL,Montreal,1756934327,1756938197,2025-09-03T21:18:47+00:00,2025-09-03T22:23:17+00:00,2025-09-03,2025-09-03,3870
c0611f,ACA894,CYYZ,YYZ,Toronto,CYUL,YUL,Montreal,1756933513,1756937459,2025-09-03T21:05:13+00:00,2025-09-03T22:10:59+00:00,2025-09-03,2025-09-03,3946
c08866,POE125,CYYZ,YYZ,Toronto,CYUL,YUL,Montreal,1756933329,1756936856,2025-09-03T21:02:09+00:00,2025-09-03T22:00:56+00:00,2025-09-03,2025-09-03,3527
c06e87,ACA418,CYYZ,YYZ,Toronto,CYUL,YUL,Montreal,1756930789,1756934181,2025-09-03T20:19:49+00:00,2025-09-03T21:16:21+00:00,2025-09-03,2025-09-03,3392
c03e07,WJA663,CYYZ,YYZ,Toronto,CYYC,YYC,Calgary,1756926120,1756939901,2025-09-03T19:02:00+00:00,2025-09-03T22:51:41+00:00,2025-09-03,2025-09-03,13781
c066dd,ACA416,CYYZ,YYZ,Toronto,CYUL,YUL,Montreal,1756925949,1756929569,2025-09-03T18:59:09+00:00,2025-09-03T19:59:29+00:00,2025-09-03,2025-09-03,3620
c01ebb,FLE627,CYYZ,YYZ,Toronto,CYYC,YYC,Calgary,1756925783,1756940136,2025-09-03T18:56:23+00:00,2025-09-03T22:55:36+00:00,2025-09-03,2025-09-03,14353
c080d9,ACA414,CYYZ,YYZ,Toronto,CYUL,YUL,Montreal,1756923790,1756927199,2025-09-03T18:23:10+00:00,2025-09-03T19:19:59+00:00,2025-09-03,2025-09-03,3409
c08863,POE357,CYYZ,YYZ,Toronto,CYYC,YYC,Calgary,1756922761,1756936326,2025-09-03T18:06:01+00:00,2025-09-03T21:52:06+00:00,2025-09-03,2025-09-03,13565
c03c05,WJA715,CYYZ,YYZ,Toronto,CYVR,YVR,Vancouver,1756922670,1756939153,2025-09-03T18:04:30+00:00,2025-09-03T22:39:13+00:00,2025-09-03,2025-09-03,16483
c05eac,ACA115,CYYZ,YYZ,Toronto,CYVR,YVR,Vancouver,1756922372,1756939376,2025-09-03T17:59:32+00:00,2025-09-03T22:42:56+00:00,2025-09-03,2025-09-03,17004
c06be3,WJA661,CYYZ,YYZ,Toronto,CYYC,YYC,Calgary,1756921507,1756935388,2025-09-03T17:45:07+00:00,2025-09-03T21:36:28+00:00,2025-09-03,2025-09-03,13881
c060c9,POE307,CYYZ,YYZ,Toronto,CYVR,YVR,Vancouver,1756919880,1756936869,2025-09-03T17:18:00+00:00,2025-09-03T22:01:09+00:00,2025-09-03,2025-09-03,16989
c06080,ACA143,CYYZ,YYZ,Toronto,CYYC,YYC,Calgary,1756919629,1756933504,2025-09-03T17:13:49+00:00,2025-09-03T21:05:04+00:00,2025-09-03,2025-09-03,13875
c05bcf,ACA117,CYYZ,YYZ,Toronto,CYVR,YVR,Vancouver,1756919131,1756935075,2025-09-03T17:05:31+00:00,2025-09-03T21:31:15+00:00,2025-09-03,2025-09-03,15944
c03003,ACA141,CYYZ,YYZ,Toronto,CYYC,YYC,Calgary,1756915984,1756929478,2025-09-03T16:13:04+00:00,2025-09-03T19:57:58+00:00,2025-09-03,2025-09-03,13494
c0202d,MAL7092,CYYZ,YYZ,Toronto,CYVR,YVR,Vancouver,1756915812,1756931472,2025-09-03T16:10:12+00:00,2025-09-03T20:31:12+00:00,2025-09-03,2025-09-03,15660
c0671b,ACA410,CYYZ,YYZ,Toronto,CYUL,YUL,Montreal,1756915442,1756918829,2025-09-03T16:04:02+00:00,2025-09-03T17:00:29+00:00,2025-09-03,2025-09-03,3387
c05030,ACA111,CYYZ,YYZ,Toronto,CYVR,YVR,Vancouver,1756915252,1756932178,2025-09-03T16:00:52+00:00,2025-09-03T20:42:58+00:00,2025-09-03,2025-09-03,16926
c041b9,WJA711,CYYZ,YYZ,Toronto,CYVR,YVR,Vancouver,1756915218,1756931241,2025-09-03T16:00:18+00:00,2025-09-03T20:27:21+00:00,2025-09-03,2025-09-03,16023
740821,RJA272,CYYZ,YYZ,Toronto,CYUL,YUL,Montreal,1756915024,1756918468,2025-09-03T15:57:04+00:00,2025-09-03T16:54:28+00:00,2025-09-03,2025-09-03,3444
c02029,MAL7090,CYYZ,YYZ,Toronto,CYYC,YYC,Calgary,1756914883,1756928027,2025-09-03T15:54:43+00:00,2025-09-03T19:33:47+00:00,2025-09-03,2025-09-03,13144
c0757a,SYB088,CYYZ,YYZ,Toronto,CYVR,YVR,Vancouver,1756914651,1756930920,2025-09-03T15:50:51+00:00,2025-09-03T20:22:00+00:00,2025-09-03,2025-09-03,16269
c00dea,ACA408,CYYZ,YYZ,Toronto,CYUL,YUL,Montreal,1756912218,1756915618,2025-09-03T15:10:18+00:00,2025-09-03T16:06:58+00:00,2025-09-03,2025-09-03,3400
c05c0e,WJA657,CYYZ,YYZ,Toronto,CYYC,YYC,Calgary,1756911996,1756925737,2025-09-03T15:06:36+00:00,2025-09-03T18:55:37+00:00,2025-09-03,2025-09-03,13741
c00821,ACA137,CYYZ,YYZ,Toronto,CYYC,YYC,Calgary,1756911652,1756925527,2025-09-03T15:00:52+00:00,2025-09-03T18:52:07+00:00,2025-09-03,2025-09-03,13875
c0173e,ACA109,CYYZ,YYZ,Toronto,CYVR,YVR,Vancouver,1756911198,1756926640,2025-09-03T14:53:18+00:00,2025-09-03T19:10:40+00:00,2025-09-03,2025-09-03,15442
c08859,POE305,CYYZ,YYZ,Toronto,CYVR,YVR,Vancouver,1756910400,1756927079,2025-09-03T14:40:00+00:00,2025-09-03T19:17:59+00:00,2025-09-03,2025-09-03,16679
c08536,WJA707,CYYZ,YYZ,Toronto,CYVR,YVR,Vancouver,1756909299,1756925338,2025-09-03T14:21:39+00:00,2025-09-03T18:48:58+00:00,2025-09-03,2025-09-03,16039
c01dcb,FLE625,CYYZ,YYZ,Toronto,CYYC,YYC,Calgary,1756909055,1756923359,2025-09-03T14:17:35+00:00,2025-09-03T18:15:59+00:00,2025-09-03,2025-09-03,14304
c04463,WJA8975,CYYZ,YYZ,Toronto,CYUL,YUL,Montreal,1756908539,1756912343,2025-09-03T14:08:59+00:00,2025-09-03T15:12:23+00:00,2025-09-03,2025-09-03,3804
c00741,WJA655,CYYZ,YYZ,Toronto,CYYC,YYC,Calgary,1756908450,1756922549,2025-09-03T14:07:30+00:00,2025-09-03T18:02:29+00:00,2025-09-03,2025-09-03,14099
c01e1a,FLE609,CYYZ,YYZ,Toronto,CYVR,YVR,Vancouver,1756907942,1756925245,2025-09-03T13:59:02+00:00,2025-09-03T18:47:25+00:00,2025-09-03,2025-09-03,17303
c0616e,POE353,CYYZ,YYZ,Toronto,CYYC,YYC,Calgary,1756906929,1756920677,2025-09-03T13:42:09+00:00,2025-09-03T17:31:17+00:00,2025-09-03,2025-09-03,13748
c010ec,ACA135,CYYZ,YYZ,Toronto,CYYC,YYC,Calgary,1756905510,1756919625,2025-09-03T13:18:30+00:00,2025-09-03T17:13:45+00:00,2025-09-03,2025-09-03,14115
c01ee6,WJA651,CYYZ,YYZ,Toronto,CYYC,YYC,Calgary,1756904876,1756919347,2025-09-03T13:07:56+00:00,2025-09-03T17:09:07+00:00,2025-09-03,2025-09-03,14471
c01c02,ACA404,CYYZ,YYZ,Toronto,CYUL,YUL,Montreal,1756904147,1756909078,2025-09-03T12:55:47+00:00,2025-09-03T14:17:58+00:00,2025-09-03,2025-09-03,4931
c080dd,ACA107,CYYZ,YYZ,Toronto,CYVR,YVR,Vancouver,1756903960,1756919848,2025-09-03T12:52:40+00:00,2025-09-03T17:17:28+00:00,2025-09-03,2025-09-03,15888
c05bcb,ACA105,CYYZ,YYZ,Toronto,CYVR,YVR,Vancouver,1756902829,1756919212,2025-09-03T12:33:49+00:00,2025-09-03T17:06:52+00:00,2025-09-03,2025-09-03,16383
c04ff4,WJA703,CYYZ,YYZ,Toronto,CYVR,YVR,Vancouver,1756902761,1756919058,2025-09-03T12:32:41+00:00,2025-09-03T17:04:18+00:00,2025-09-03,2025-09-03,16297
c060c0,POE303,CYYZ,YYZ,Toronto,CYVR,YVR,Vancouver,1756902178,1756919559,2025-09-03T12:22:58+00:00,2025-09-03T17:12:39+00:00,2025-09-03,2025-09-03,17381
c02cf1,ACA189,CYYZ,YYZ,Toronto,CYVR,YVR,Vancouver,1756901498,1756917043,2025-09-03T12:11:38+00:00,2025-09-03T16:30:43+00:00,2025-09-03,2025-09-03,15545
c04c36,WJA649,CYYZ,YYZ,Toronto,CYYC,YYC,Calgary,1756901340,1756915128,2025-09-03T12:09:00+00:00,2025-09-03T15:58:48+00:00,2025-09-03,2025-09-03,13788
c07e32,ACA402,CYYZ,YYZ,Toronto,CYUL,YUL,Montreal,1756900753,1756904397,2025-09-03T11:59:13+00:00,2025-09-03T12:59:57+00:00,2025-09-03,2025-09-03,3644
c05030,ACA400,CYYZ,YYZ,Toronto,CYUL,YUL,Montreal,1756900272,1756903885,2025-09-03T11:51:12+00:00,2025-09-03T12:51:25+00:00,2025-09-03,2025-09-03,3613
c0192e,ACA133,CYYZ,YYZ,Toronto,CYYC,YYC,Calgary,1756899978,1756913606,2025-09-03T11:46:18+00:00,2025-09-03T15:33:26+00:00,2025-09-03,2025-09-03,13628
c00da8,FLE601,CYYZ,YYZ,Toronto,CYVR,YVR,Vancouver,1756899573,1756916811,2025-09-03T11:39:33+00:00,2025-09-03T16:26:51+00:00,2025-09-03,2025-09-03,17238
c060c6,POE111,CYYZ,YYZ,Toronto,CYUL,YUL,Montreal,1756899458,1756903629,2025-09-03T11:37:38+00:00,2025-09-03T12:47:09+00:00,2025-09-03,2025-09-03,4171
c03d67,HRT242,CYYZ,YYZ,Toronto,CYUL,YUL,Montreal,1756898866,1756902070,2025-09-03T11:27:46+00:00,2025-09-03T12:21:10+00:00,2025-09-03,2025-09-03,3204
c001e5,ASP821,CYYZ,YYZ,Toronto,CYUL,YUL,Montreal,1756897846,1756900798,2025-09-03T11:10:46+00:00,2025-09-03T11:59:58+00:00,2025-09-03,2025-09-03,2952
c05bd2,ACA101,CYYZ,YYZ,Toronto,CYVR,YVR,Vancouver,1756897651,1756914125,2025-09-03T11:07:31+00:00,2025-09-03T15:42:05+00:00,2025-09-03,2025-09-03,16474
c05416,WJA419,CYYZ,YYZ,Toronto,CYEG,YEG,Edmonton,1756896426,1756910532,2025-09-03T10:47:06+00:00,2025-09-03T14:42:12+00:00,2025-09-03,2025-09-03,14106
c080a3,WJA701,CYYZ,YYZ,Toronto,CYVR,YVR,Vancouver,1756895790,1756913172,2025-09-03T10:36:30+00:00,2025-09-03T15:26:12+00:00,2025-09-03,2025-09-03,17382
c07fb9,WJA653,CYYZ,YYZ,Toronto,CYYC,YYC,Calgary,1756895631,1756910306,2025-09-03T10:33:51+00:00,2025-09-03T14:38:26+00:00,2025-09-03,2025-09-03,14675
c010ea,ACA181,CYYZ,YYZ,Toronto,CYVR,YVR,Vancouver,1756895536,1756912400,2025-09-03T10:32:16+00:00,2025-09-03T15:13:20+00:00,2025-09-03,2025-09-03,16864
c050c4,ACA480,CYYZ,YYZ,Toronto,CYUL,YUL,Montreal,1756894993,1756899387,2025-09-03T10:23:13+00:00,2025-09-03T11:36:27+00:00,2025-09-03,2025-09-03,4394
c084b9,ACA161,CYYZ,YYZ,Toronto,CYEG,YEG,Edmonton,1756894592,1756909769,2025-09-03T10:16:32+00:00,2025-09-03T14:29:29+00:00,2025-09-03,2025-09-03,15177
c02032,MAL7051,CYYZ,YYZ,Toronto,CYYC,YYC,Calgary,1756878084,1756891465,2025-09-03T05:41:24+00:00,2025-09-03T09:24:25+00:00,2025-09-03,2025-09-03,13381
c01860,JZA7774,CYYZ,YYZ,Toronto,CYUL,YUL,Montreal,1756874766,1756877987,2025-09-03T04:46:06+00:00,2025-09-03T05:39:47+00:00,2025-09-03,2025-09-03,3221
c06177,POE135,CYYZ,YYZ,Toronto,CYUL,YUL,Montreal,1756869721,1756873187,2025-09-03T03:22:01+00:00,2025-09-03T04:19:47+00:00,2025-09-03,2025-09-03,3466
c06e87,ACA432,CYYZ,YYZ,Toronto,CYUL,YUL,Montreal,1756869151,1756872893,2025-09-03T03:12:31+00:00,2025-09-03T04:14:53+00:00,2025-09-03,2025-09-03,3742
c08260,WJA598,CYYZ,YYZ,Toronto,CYUL,YUL,Montreal,1756869061,1756872727,2025-09-03T03:11:01+00:00,2025-09-03T04:12:07+00:00,2025-09-03,2025-09-03,3666
c030a6,ACA159,CYYZ,YYZ,Toronto,CYYC,YYC,Calgary,1756868551,1756882248,2025-09-03T03:02:31+00:00,2025-09-03T06:50:48+00:00,2025-09-03,2025-09-03,13697
c03f37,WJA731,CYYZ,YYZ,Toronto,CYVR,YVR,Vancouver,1756866370,1756883086,2025-09-03T02:26:10+00:00,2025-09-03T07:04:46+00:00,2025-09-03,2025-09-03,16716
c019eb,WJA679,CYYZ,YYZ,Toronto,CYYC,YYC,Calgary,1756866328,1756880048,2025-09-03T02:25:28+00:00,2025-09-03T06:14:08+00:00,2025-09-03,2025-09-03,13720
c00926,WJA445,CYYZ,YYZ,Toronto,CYEG,YEG,Edmonton,1756865875,1756880065,2025-09-03T02:17:55+00:00,2025-09-03T06:14:25+00:00,2025-09-03,2025-09-03,14190
c01dcb,FLE631,CYYZ,YYZ,Toronto,CYEG,YEG,Edmonton,1756865471,1756879405,2025-09-03T02:11:11+00:00,2025-09-03T06:03:25+00:00,2025-09-03,2025-09-03,13934
c010ec,ACA129,CYYZ,YYZ,Toronto,CYVR,YVR,Vancouver,1756863871,1756880273,2025-09-03T01:44:31+00:00,2025-09-03T06:17:53+00:00,2025-09-03,2025-09-03,16402
c01ebb,FLE629,CYYZ,YYZ,Toronto,CYYC,YYC,Calgary,1756863634,1756878389,2025-09-03T01:40:34+00:00,2025-09-03T05:46:29+00:00,2025-09-03,2025-09-03,14755
c060c5,POE409,CYYZ,YYZ,Toronto,CYEG,YEG,Edmonton,1756863491,1756878029,2025-09-03T01:38:11+00:00,2025-09-03T05:40:29+00:00,2025-09-03,2025-09-03,14538
c010e4,ACA157,CYYZ,YYZ,Toronto,CYYC,YYC,Calgary,1756863187,1756876931,2025-09-03T01:33:07+00:00,2025-09-03T05:22:11+00:00,2025-09-03,2025-09-03,13744
c00e55,FLE603,CYYZ,YYZ,Toronto,CYVR,YVR,Vancouver,1756862452,1756879040,2025-09-03T01:20:52+00:00,2025-09-03T05:57:20+00:00,2025-09-03,2025-09-03,16588
c030bb,ACA177,CYYZ,YYZ,Toronto,CYEG,YEG,Edmonton,1756862031,1756876584,2025-09-03T01:13:51+00:00,2025-09-03T05:16:24+00:00,2025-09-03,2025-09-03,14553
c05eb1,ACA127,CYYZ,YYZ,Toronto,CYVR,YVR,Vancouver,1756860046,1756876494,2025-09-03T00:40:46+00:00,2025-09-03T05:14:54+00:00,2025-09-03,2025-09-03,16448
c07b0a,ACA426,CYYZ,YYZ,Toronto,CYUL,YUL,Montreal,1756859099,1756862632,2025-09-03T00:24:59+00:00,2025-09-03T01:23:52+00:00,2025-09-03,2025-09-03,3533
c05190,TSC621,CYYZ,YYZ,Toronto,CYUL,YUL,Montreal,1756858342,1756862201,2025-09-03T00:12:22+00:00,2025-09-03T01:16:41+00:00,2025-09-03,2025-09-03,3859
c08864,POE365,CYYZ,YYZ,Toronto,CYYC,YYC,Calgary,1756858104,1756871930,2025-09-03T00:08:24+00:00,2025-09-03T03:58:50+00:00,2025-09-03,2025-09-03,13826
c036b1,WJA675,CYYZ,YYZ,Toronto,CYYC,YYC,Calgary,1756857830,1756871663,2025-09-03T00:03:50+00:00,2025-09-03T03:54:23+00:00,2025-09-03,2025-09-03,13833
c060ba,POE129,CYYZ,YYZ,Toronto,CYUL,YUL,Montreal,1756857676,1756861402,2025-09-03T00:01:16+00:00,2025-09-03T01:03:22+00:00,2025-09-03,2025-09-03,3726
c04fdd,ACA9XC,CYUL,YUL,Montreal,CYYZ,YYZ,Toronto,1756935458,1756938405,2025-09-03T21:37:38+00:00,2025-09-03T22:26:45+00:00,2025-09-03,2025-09-03,2947
c066dd,ACA421,CYUL,YUL,Montreal,CYYZ,YYZ,Toronto,1756934764,1756937983,2025-09-03T21:26:04+00:00,2025-09-03T22:19:43+00:00,2025-09-03,2025-09-03,3219
c06a7d,TSC430,CYUL,YUL,Montreal,CYYZ,YYZ,Toronto,1756931399,1756934781,2025-09-03T20:29:59+00:00,2025-09-03T21:26:21+00:00,2025-09-03,2025-09-03,3382
c0853f,ACA0487,CYUL,YUL,Montreal,CYYZ,YYZ,Toronto,1756929948,1756933522,2025-09-03T20:05:48+00:00,2025-09-03T21:05:22+00:00,2025-09-03,2025-09-03,3574
c08864,POE120,CYUL,YUL,Montreal,CYYZ,YYZ,Toronto,1756929104,1756932552,2025-09-03T19:51:44+00:00,2025-09-03T20:49:12+00:00,2025-09-03,2025-09-03,3448
c0671b,ACA415,CYUL,YUL,Montreal,CYYZ,YYZ,Toronto,1756923246,1756926789,2025-09-03T18:14:06+00:00,2025-09-03T19:13:09+00:00,2025-09-03,2025-09-03,3543
c05edf,ACA7073,CYUL,YUL,Montreal,CYYZ,YYZ,Toronto,1756922478,1756925896,2025-09-03T18:01:18+00:00,2025-09-03T18:58:16+00:00,2025-09-03,2025-09-03,3418
c00b35,ACA323,CYUL,YUL,Montreal,CYYC,YYC,Calgary,1756921626,1756935248,2025-09-03T17:47:06+00:00,2025-09-03T21:34:08+00:00,2025-09-03,2025-09-03,13622
c00dea,ACA413,CYUL,YUL,Montreal,CYYZ,YYZ,Toronto,1756920760,1756924096,2025-09-03T17:32:40+00:00,2025-09-03T18:28:16+00:00,2025-09-03,2025-09-03,3336
c05edb,ACA305,CYUL,YUL,Montreal,CYVR,YVR,Vancouver,1756920662,1756938266,2025-09-03T17:31:02+00:00,2025-09-03T22:24:26+00:00,2025-09-03,2025-09-03,17604
c066b6,WJA8976,CYUL,YUL,Montreal,CYYZ,YYZ,Toronto,1756916917,1756919932,2025-09-03T16:28:37+00:00,2025-09-03T17:18:52+00:00,2025-09-03,2025-09-03,3015
c0332c,ACA411,CYUL,YUL,Montreal,CYYZ,YYZ,Toronto,1756915714,1756918721,2025-09-03T16:08:34+00:00,2025-09-03T16:58:41+00:00,2025-09-03,2025-09-03,3007
c01c02,ACA409,CYUL,YUL,Montreal,CYYZ,YYZ,Toronto,1756912844,1756916126,2025-09-03T15:20:44+00:00,2025-09-03T16:15:26+00:00,2025-09-03,2025-09-03,3282
c07e32,ACA407,CYUL,YUL,Montreal,CYYZ,YYZ,Toronto,1756909179,1756912467,2025-09-03T14:19:39+00:00,2025-09-03T15:14:27+00:00,2025-09-03,2025-09-03,3288
c060c6,POE112,CYUL,YUL,Montreal,CYYZ,YYZ,Toronto,1756908692,1756911709,2025-09-03T14:11:32+00:00,2025-09-03T15:01:49+00:00,2025-09-03,2025-09-03,3017
c05030,ACA405,CYUL,YUL,Montreal,CYYZ,YYZ,Toronto,1756908090,1756911792,2025-09-03T14:01:30+00:00,2025-09-03T15:03:12+00:00,2025-09-03,2025-09-03,3702
c001e5,ASP821,CYUL,YUL,Montreal,CYYZ,YYZ,Toronto,1756905460,1756908857,2025-09-03T13:17:40+00:00,2025-09-03T14:14:17+00:00,2025-09-03,2025-09-03,3397
c00821,ACA403,CYUL,YUL,Montreal,CYYZ,YYZ,Toronto,1756903798,1756906857,2025-09-03T12:49:58+00:00,2025-09-03T13:40:57+00:00,2025-09-03,2025-09-03,3059
c02ebd,ACA303,CYUL,YUL,Montreal,CYVR,YVR,Vancouver,1756902932,1756918813,2025-09-03T12:35:32+00:00,2025-09-03T17:00:13+00:00,2025-09-03,2025-09-03,15881
c030bb,ACA321,CYUL,YUL,Montreal,CYYC,YYC,Calgary,1756902430,1756916848,2025-09-03T12:27:10+00:00,2025-09-03T16:27:28+00:00,2025-09-03,2025-09-03,14418
740821,RJA271,CYUL,YUL,Montreal,CYYZ,YYZ,Toronto,1756901610,1756905114,2025-09-03T12:13:30+00:00,2025-09-03T13:11:54+00:00,2025-09-03,2025-09-03,3504
c0583f,ACA301,CYUL,YUL,Montreal,CYVR,YVR,Vancouver,1756899714,1756916363,2025-09-03T11:41:54+00:00,2025-09-03T16:19:23+00:00,2025-09-03,2025-09-03,16649
c05403,WJA215,CYUL,YUL,Montreal,CYYC,YYC,Calgary,1756898716,1756913181,2025-09-03T11:25:16+00:00,2025-09-03T15:26:21+00:00,2025-09-03,2025-09-03,14465
c06177,POE373,CYUL,YUL,Montreal,CYVR,YVR,Vancouver,1756898220,1756916157,2025-09-03T11:17:00+00:00,2025-09-03T16:15:57+00:00,2025-09-03,2025-09-03,17937
c06e87,ACA401,CYUL,YUL,Montreal,CYYZ,YYZ,Toronto,1756898134,1756901428,2025-09-03T11:15:34+00:00,2025-09-03T12:10:28+00:00,2025-09-03,2025-09-03,3294
c060ba,POE102,CYUL,YUL,Montreal,CYYZ,YYZ,Toronto,1756897862,1756901150,2025-09-03T11:11:02+00:00,2025-09-03T12:05:50+00:00,2025-09-03,2025-09-03,3288
c08536,WJA579,CYUL,YUL,Montreal,CYYZ,YYZ,Toronto,1756897256,1756900706,2025-09-03T11:00:56+00:00,2025-09-03T11:58:26+00:00,2025-09-03,2025-09-03,3450
c03003,ACA481,CYUL,YUL,Montreal,CYYZ,YYZ,Toronto,1756894324,1756897619,2025-09-03T10:12:04+00:00,2025-09-03T11:06:59+00:00,2025-09-03,2025-09-03,3295
c01860,JZA7773,CYUL,YUL,Montreal,CYYZ,YYZ,Toronto,1756891143,1756894642,2025-09-03T09:19:03+00:00,2025-09-03T10:17:22+00:00,2025-09-03,2025-09-03,3499
c01755,ACA2111,CYUL,YUL,Montreal,CYVR,YVR,Vancouver,1756866817,1756882889,2025-09-03T02:33:37+00:00,2025-09-03T07:01:29+00:00,2025-09-03,2025-09-03,16072
c064d8,ACA313,CYUL,YUL,Montreal,CYVR,YVR,Vancouver,1756866750,1756884217,2025-09-03T02:32:30+00:00,2025-09-03T07:23:37+00:00,2025-09-03,2025-09-03,17467
c058c2,ACA429,CYUL,YUL,Montreal,CYYZ,YYZ,Toronto,1756864875,1756867974,2025-09-03T02:01:15+00:00,2025-09-03T02:52:54+00:00,2025-09-03,2025-09-03,3099
c083f2,ACA327,CYUL,YUL,Montreal,CYYC,YYC,Calgary,1756861076,1756875024,2025-09-03T00:57:56+00:00,2025-09-03T04:50:24+00:00,2025-09-03,2025-09-03,13948
c0618e,POE130,CYUL,YUL,Montreal,CYYZ,YYZ,Toronto,1756860311,1756863519,2025-09-03T00:45:11+00:00,2025-09-03T01:38:39+00:00,2025-09-03,2025-09-03,3208
c043b7,ACA427,CYUL,YUL,Montreal,CYYZ,YYZ,Toronto,1756859810,1756862999,2025-09-03T00:36:50+00:00,2025-09-03T01:29:59+00:00,2025-09-03,2025-09-03,3189
c08862,POE389,CYUL,YUL,Montreal,CYYC,YYC,Calgary,1756857815,1756872853,2025-09-03T00:03:35+00:00,2025-09-03T04:14:13+00:00,2025-09-03,2025-09-03,15038
c04c36,WJA114,CYVR,YVR,Vancouver,CYYC,YYC,Calgary,1757020285,1757024362,2025-09-04T21:11:25+00:00,2025-09-04T22:19:22+00:00,2025-09-04,2025-09-04,4077
c038c3,CFVMW,CYVR,YVR,Vancouver,CYYC,YYC,Calgary,1757019632,1757023685,2025-09-04T21:00:32+00:00,2025-09-04T22:08:05+00:00,2025-09-04,2025-09-04,4053
c05007,ACA216,CYVR,YVR,Vancouver,CYYC,YYC,Calgary,1757017283,1757021426,2025-09-04T20:21:23+00:00,2025-09-04T21:30:26+00:00,2025-09-04,2025-09-04,4143
c056c6,WJA112,CYVR,YVR,Vancouver,CYYC,YYC,Calgary,1757016150,1757020341,2025-09-04T20:02:30+00:00,2025-09-04T21:12:21+00:00,2025-09-04,2025-09-04,4191
a451a3,N378BG,CYVR,YVR,Vancouver,CYYC,YYC,Calgary,1757014282,1757020080,2025-09-04T19:31:22+00:00,2025-09-04T21:08:00+00:00,2025-09-04,2025-09-04,5798
c00da8,FLE816,CYVR,YVR,Vancouver,CYYC,YYC,Calgary,1757013305,1757017289,2025-09-04T19:15:05+00:00,2025-09-04T20:21:29+00:00,2025-09-04,2025-09-04,3984
c045f1,WJA108,CYVR,YVR,Vancouver,CYYC,YYC,Calgary,1757012460,1757016524,2025-09-04T19:01:00+00:00,2025-09-04T20:08:44+00:00,2025-09-04,2025-09-04,4064
c07ee0,WJA110,CYVR,YVR,Vancouver,CYYC,YYC,Calgary,1757011754,1757015677,2025-09-04T18:49:14+00:00,2025-09-04T19:54:37+00:00,2025-09-04,2025-09-04,3923
c059cb,CGIAC,CYVR,YVR,Vancouver,CYYC,YYC,Calgary,1757008942,1757012608,2025-09-04T18:02:22+00:00,2025-09-04T19:03:28+00:00,2025-09-04,2025-09-04,3666
c060c4,POE304,CYVR,YVR,Vancouver,CYYZ,YYZ,Toronto,1757008100,1757022604,2025-09-04T17:48:20+00:00,2025-09-04T21:50:04+00:00,2025-09-04,2025-09-04,14504
c05bd2,ACA108,CYVR,YVR,Vancouver,CYYZ,YYZ,Toronto,1757007330,1757021319,2025-09-04T17:35:30+00:00,2025-09-04T21:28:39+00:00,2025-09-04,2025-09-04,13989
c050c0,ACA210,CYVR,YVR,Vancouver,CYYC,YYC,Calgary,1757006402,1757010221,2025-09-04T17:20:02+00:00,2025-09-04T18:23:41+00:00,2025-09-04,2025-09-04,3819
c03c04,WJA708,CYVR,YVR,Vancouver,CYYZ,YYZ,Toronto,1757005848,1757020319,2025-09-04T17:10:48+00:00,2025-09-04T21:11:59+00:00,2025-09-04,2025-09-04,14471
c08081,WJA706,CYVR,YVR,Vancouver,CYYZ,YYZ,Toronto,1757003917,1757018071,2025-09-04T16:38:37+00:00,2025-09-04T20:34:31+00:00,2025-09-04,2025-09-04,14154
c023aa,ACA34,CYVR,YVR,Vancouver,CYYZ,YYZ,Toronto,1757002966,1757016461,2025-09-04T16:22:46+00:00,2025-09-04T20:07:41+00:00,2025-09-04,2025-09-04,13495
c0807f,WEN3174,CYVR,YVR,Vancouver,CYYC,YYC,Calgary,1757002898,1757015548,2025-09-04T16:21:38+00:00,2025-09-04T19:52:28+00:00,2025-09-04,2025-09-04,12650
c01759,ACA304,CYVR,YVR,Vancouver,CYUL,YUL,Montreal,1757002599,1757017136,2025-09-04T16:16:39+00:00,2025-09-04T20:18:56+00:00,2025-09-04,2025-09-04,14537
c00757,ACA204,CYVR,YVR,Vancouver,CYYC,YYC,Calgary,1757001454,1757005242,2025-09-04T15:57:34+00:00,2025-09-04T17:00:42+00:00,2025-09-04,2025-09-04,3788
c07ef2,WJA104,CYVR,YVR,Vancouver,CYYC,YYC,Calgary,1757000554,1757004495,2025-09-04T15:42:34+00:00,2025-09-04T16:48:15+00:00,2025-09-04,2025-09-04,3941
c0617d,POE372,CYVR,YVR,Vancouver,CYUL,YUL,Montreal,1756999143,1757015284,2025-09-04T15:19:03+00:00,2025-09-04T19:48:04+00:00,2025-09-04,2025-09-04,16141
c06183,POE302,CYVR,YVR,Vancouver,CYYZ,YYZ,Toronto,1756997740,1757012481,2025-09-04T14:55:40+00:00,2025-09-04T19:01:21+00:00,2025-09-04,2025-09-04,14741
c06081,ACA302,CYVR,YVR,Vancouver,CYUL,YUL,Montreal,1756997613,1757013862,2025-09-04T14:53:33+00:00,2025-09-04T19:24:22+00:00,2025-09-04,2025-09-04,16249
c01e11,FLE800,CYVR,YVR,Vancouver,CYYC,YYC,Calgary,1756997403,1757001387,2025-09-04T14:50:03+00:00,2025-09-04T15:56:27+00:00,2025-09-04,2025-09-04,3984
c01e28,ACA104,CYVR,YVR,Vancouver,CYYZ,YYZ,Toronto,1756996712,1757010971,2025-09-04T14:38:32+00:00,2025-09-04T18:36:11+00:00,2025-09-04,2025-09-04,14259
c07fb0,WJA102,CYVR,YVR,Vancouver,CYYC,YYC,Calgary,1756994670,1756998403,2025-09-04T14:04:30+00:00,2025-09-04T15:06:43+00:00,2025-09-04,2025-09-04,3733
c05edd,ACA202,CYVR,YVR,Vancouver,CYYC,YYC,Calgary,1756994544,1756998237,2025-09-04T14:02:24+00:00,2025-09-04T15:03:57+00:00,2025-09-04,2025-09-04,3693
c07193,WJA700,CYVR,YVR,Vancouver,CYYZ,YYZ,Toronto,1756991881,1757006009,2025-09-04T13:18:01+00:00,2025-09-04T17:13:29+00:00,2025-09-04,2025-09-04,14128
c050ae,ACA100,CYVR,YVR,Vancouver,CYYZ,YYZ,Toronto,1756991353,1757005905,2025-09-04T13:09:13+00:00,2025-09-04T17:11:45+00:00,2025-09-04,2025-09-04,14552
c07ee0,WJA100,CYVR,YVR,Vancouver,CYYC,YYC,Calgary,1756991191,1756995041,2025-09-04T13:06:31+00:00,2025-09-04T14:10:41+00:00,2025-09-04,2025-09-04,3850
c080e0,WJA136,CYVR,YVR,Vancouver,CYYC,YYC,Calgary,1756987962,1756991706,2025-09-04T12:12:42+00:00,2025-09-04T13:15:06+00:00,2025-09-04,2025-09-04,3744
c0473b,CJT2382,CYVR,YVR,Vancouver,CYYC,YYC,Calgary,1756974183,1756977674,2025-09-04T08:23:03+00:00,2025-09-04T09:21:14+00:00,2025-09-04,2025-09-04,3491
c05eb1,ACA182,CYVR,YVR,Vancouver,CYYZ,YYZ,Toronto,1756971210,1756987913,2025-09-04T07:33:30+00:00,2025-09-04T12:11:53+00:00,2025-09-04,2025-09-04,16703
c0534e,FLE602,CYVR,YVR,Vancouver,CYYZ,YYZ,Toronto,1756970885,1756985568,2025-09-04T07:28:05+00:00,2025-09-04T11:32:48+00:00,2025-09-04,2025-09-04,14683
c05bcb,ACA128,CYVR,YVR,Vancouver,CYYZ,YYZ,Toronto,1756968100,1756982476,2025-09-04T06:41:40+00:00,2025-09-04T10:41:16+00:00,2025-09-04,2025-09-04,14376
c05086,ACA314,CYVR,YVR,Vancouver,CYUL,YUL,Montreal,1756966981,1756982903,2025-09-04T06:23:01+00:00,2025-09-04T10:48:23+00:00,2025-09-04,2025-09-04,15922
c00e55,FLE600,CYVR,YVR,Vancouver,CYYZ,YYZ,Toronto,1756965436,1756980503,2025-09-04T05:57:16+00:00,2025-09-04T10:08:23+00:00,2025-09-04,2025-09-04,15067
c083aa,WJA724,CYVR,YVR,Vancouver,CYYZ,YYZ,Toronto,1756965063,1756980029,2025-09-04T05:51:03+00:00,2025-09-04T10:00:29+00:00,2025-09-04,2025-09-04,14966
c05044,ACA126,CYVR,YVR,Vancouver,CYYZ,YYZ,Toronto,1756964662,1756979483,2025-09-04T05:44:22+00:00,2025-09-04T09:51:23+00:00,2025-09-04,2025-09-04,14821
c03a97,WEN8985,CYVR,YVR,Vancouver,CYYC,YYC,Calgary,1756964533,1756968864,2025-09-04T05:42:13+00:00,2025-09-04T06:54:24+00:00,2025-09-04,2025-09-04,4331
c07fb9,WJA132,CYVR,YVR,Vancouver,CYYC,YYC,Calgary,1756963583,1756967247,2025-09-04T05:26:23+00:00,2025-09-04T06:27:27+00:00,2025-09-04,2025-09-04,3664
c03064,ACA228,CYVR,YVR,Vancouver,CYYC,YYC,Calgary,1756963358,1756967021,2025-09-04T05:22:38+00:00,2025-09-04T06:23:41+00:00,2025-09-04,2025-09-04,3663
c080a4,WJA128,CYVR,YVR,Vancouver,CYYC,YYC,Calgary,1756957270,1756961039,2025-09-04T03:41:10+00:00,2025-09-04T04:43:59+00:00,2025-09-04,2025-09-04,3769
c04fff,ACA226,CYVR,YVR,Vancouver,CYYC,YYC,Calgary,1756953570,1756957646,2025-09-04T02:39:30+00:00,2025-09-04T03:47:26+00:00,2025-09-04,2025-09-04,4076
c01c28,WJA126,CYVR,YVR,Vancouver,CYYC,YYC,Calgary,1756953185,1756957319,2025-09-04T02:33:05+00:00,2025-09-04T03:41:59+00:00,2025-09-04,2025-09-04,4134
c0202d,MAL8079,CYVR,YVR,Vancouver,CYYZ,YYZ,Toronto,1756952373,1756966853,2025-09-04T02:19:33+00:00,2025-09-04T06:20:53+00:00,2025-09-04,2025-09-04,14480
c02067,MAL7062,CYVR,YVR,Vancouver,CYYC,YYC,Calgary,1756951992,1756955742,2025-09-04T02:13:12+00:00,2025-09-04T03:15:42+00:00,2025-09-04,2025-09-04,3750
c05bd2,ACA118,CYVR,YVR,Vancouver,CYYZ,YYZ,Toronto,1756950737,1756965345,2025-09-04T01:52:17+00:00,2025-09-04T05:55:45+00:00,2025-09-04,2025-09-04,14608
c03bea,SDE751,CYVR,YVR,Vancouver,CYYC,YYC,Calgary,1756949931,1756953773,2025-09-04T01:38:51+00:00,2025-09-04T02:42:53+00:00,2025-09-04,2025-09-04,3842
c03c05,WJA124,CYVR,YVR,Vancouver,CYYC,YYC,Calgary,1756949703,1756953479,2025-09-04T01:35:03+00:00,2025-09-04T02:37:59+00:00,2025-09-04,2025-09-04,3776
c01dcb,FLE804,CYVR,YVR,Vancouver,CYYC,YYC,Calgary,1756948403,1756952210,2025-09-04T01:13:23+00:00,2025-09-04T02:16:50+00:00,2025-09-04,2025-09-04,3807
c050c0,ACA224,CYVR,YVR,Vancouver,CYYC,YYC,Calgary,1756948044,1756952004,2025-09-04T01:07:24+00:00,2025-09-04T02:13:24+00:00,2025-09-04,2025-09-04,3960
c05eac,ACA124,CYVR,YVR,Vancouver,CYYZ,YYZ,Toronto,1756946403,1756961089,2025-09-04T00:40:03+00:00,2025-09-04T04:44:49+00:00,2025-09-04,2025-09-04,14686
c03bfb,WJA122,CYVR,YVR,Vancouver,CYYC,YYC,Calgary,1756946307,1756950096,2025-09-04T00:38:27+00:00,2025-09-04T01:41:36+00:00,2025-09-04,2025-09-04,3789
c010f6,ACA186,CYVR,YVR,Vancouver,CYYZ,YYZ,Toronto,1756946199,1756960929,2025-09-04T00:36:39+00:00,2025-09-04T04:42:09+00:00,2025-09-04,2025-09-04,14730
c03c04,WJA722,CYVR,YVR,Vancouver,CYYZ,YYZ,Toronto,1756945075,1756960946,2025-09-04T00:17:55+00:00,2025-09-04T04:42:26+00:00,2025-09-04,2025-09-04,15871
c05edb,ACA312,CYVR,YVR,Vancouver,CYUL,YUL,Montreal,1756944004,1756960017,2025-09-04T00:00:04+00:00,2025-09-04T04:26:57+00:00,2025-09-04,2025-09-04,16013
c045f1,WJA117,CYYC,YYC,Calgary,CYVR,YVR,Vancouver,1757021493,1757025161,2025-09-04T21:31:33+00:00,2025-09-04T22:32:41+00:00,2025-09-04,2025-09-04,3668
c04599,CJT301,CYYC,YYC,Calgary,CYVR,YVR,Vancouver,1757021040,1757024546,2025-09-04T21:24:00+00:00,2025-09-04T22:22:26+00:00,2025-09-04,2025-09-04,3506
c073fa,CRN711,CYYC,YYC,Calgary,CYVR,YVR,Vancouver,1757017493,1757022783,2025-09-04T20:24:53+00:00,2025-09-04T21:53:03+00:00,2025-09-04,2025-09-04,5290
c069d8,WJA115,CYYC,YYC,Calgary,CYVR,YVR,Vancouver,1757015113,1757018816,2025-09-04T19:45:13+00:00,2025-09-04T20:46:56+00:00,2025-09-04,2025-09-04,3703
c050c0,ACA217,CYYC,YYC,Calgary,CYVR,YVR,Vancouver,1757014952,1757018567,2025-09-04T19:42:32+00:00,2025-09-04T20:42:47+00:00,2025-09-04,2025-09-04,3615
c04ff4,WJA664,CYYC,YYC,Calgary,CYYZ,YYZ,Toronto,1757013334,1757024796,2025-09-04T19:15:34+00:00,2025-09-04T22:26:36+00:00,2025-09-04,2025-09-04,11462
c010f6,ACA146,CYYC,YYC,Calgary,CYYZ,YYZ,Toronto,1757012675,1757023871,2025-09-04T19:04:35+00:00,2025-09-04T22:11:11+00:00,2025-09-04,2025-09-04,11196
c08863,POE356,CYYC,YYC,Calgary,CYYZ,YYZ,Toronto,1757011694,1757023839,2025-09-04T18:48:14+00:00,2025-09-04T22:10:39+00:00,2025-09-04,2025-09-04,12145
c03b15,WJA660,CYYC,YYC,Calgary,CYYZ,YYZ,Toronto,1757011537,1757022763,2025-09-04T18:45:37+00:00,2025-09-04T21:52:43+00:00,2025-09-04,2025-09-04,11226
c00757,ACA211,CYYC,YYC,Calgary,CYVR,YVR,Vancouver,1757011459,1757015375,2025-09-04T18:44:19+00:00,2025-09-04T19:49:35+00:00,2025-09-04,2025-09-04,3916
c04c36,WJA113,CYYC,YYC,Calgary,CYVR,YVR,Vancouver,1757011381,1757015279,2025-09-04T18:43:01+00:00,2025-09-04T19:47:59+00:00,2025-09-04,2025-09-04,3898
c030bb,ACA324,CYYC,YYC,Calgary,CYUL,YUL,Montreal,1757009626,1757024333,2025-09-04T18:13:46+00:00,2025-09-04T22:18:53+00:00,2025-09-04,2025-09-04,14707
c01e11,FLE801,CYYC,YYC,Calgary,CYVR,YVR,Vancouver,1757007271,1757011437,2025-09-04T17:34:31+00:00,2025-09-04T18:43:57+00:00,2025-09-04,2025-09-04,4166
c056c6,WJA111,CYYC,YYC,Calgary,CYVR,YVR,Vancouver,1757007000,1757011032,2025-09-04T17:30:00+00:00,2025-09-04T18:37:12+00:00,2025-09-04,2025-09-04,4032
c05bcf,ACA142,CYYC,YYC,Calgary,CYYZ,YYZ,Toronto,1757004035,1757015272,2025-09-04T16:40:35+00:00,2025-09-04T19:47:52+00:00,2025-09-04,2025-09-04,11237
c004e9,WJA212,CYYC,YYC,Calgary,CYUL,YUL,Montreal,1757003273,1757016621,2025-09-04T16:27:53+00:00,2025-09-04T20:10:21+00:00,2025-09-04,2025-09-04,13348
c05edd,ACA209,CYYC,YYC,Calgary,CYVR,YVR,Vancouver,1757003213,1757007326,2025-09-04T16:26:53+00:00,2025-09-04T17:35:26+00:00,2025-09-04,2025-09-04,4113
c066b6,WJA658,CYYC,YYC,Calgary,CYYZ,YYZ,Toronto,1757002210,1757013728,2025-09-04T16:10:10+00:00,2025-09-04T19:22:08+00:00,2025-09-04,2025-09-04,11518
c0509f,WEN3173,CYYC,YYC,Calgary,CYVR,YVR,Vancouver,1757001909,1757014523,2025-09-04T16:05:09+00:00,2025-09-04T19:35:23+00:00,2025-09-04,2025-09-04,12614
c0315a,ASP864,CYYC,YYC,Calgary,CYYZ,YYZ,Toronto,1757001772,1757013285,2025-09-04T16:02:52+00:00,2025-09-04T19:14:45+00:00,2025-09-04,2025-09-04,11513
c07ee0,WJA109,CYYC,YYC,Calgary,CYVR,YVR,Vancouver,1757001721,1757005423,2025-09-04T16:02:01+00:00,2025-09-04T17:03:43+00:00,2025-09-04,2025-09-04,3702
c045f1,WJA107,CYYC,YYC,Calgary,CYVR,YVR,Vancouver,1757000687,1757004526,2025-09-04T15:44:47+00:00,2025-09-04T16:48:46+00:00,2025-09-04,2025-09-04,3839
c07f02,WJA656,CYYC,YYC,Calgary,CYYZ,YYZ,Toronto,1756999499,1757011275,2025-09-04T15:24:59+00:00,2025-09-04T18:41:15+00:00,2025-09-04,2025-09-04,11776
c050c0,ACA205,CYYC,YYC,Calgary,CYVR,YVR,Vancouver,1756996665,1757000471,2025-09-04T14:37:45+00:00,2025-09-04T15:41:11+00:00,2025-09-04,2025-09-04,3806
c01b4f,WJA654,CYYC,YYC,Calgary,CYYZ,YYZ,Toronto,1756995390,1757006699,2025-09-04T14:16:30+00:00,2025-09-04T17:24:59+00:00,2025-09-04,2025-09-04,11309
c08851,POE384,CYYC,YYC,Calgary,CYUL,YUL,Montreal,1756995272,1757008422,2025-09-04T14:14:32+00:00,2025-09-04T17:53:42+00:00,2025-09-04,2025-09-04,13150
c05eb7,ACA136,CYYC,YYC,Calgary,CYYZ,YYZ,Toronto,1756994944,1757006122,2025-09-04T14:09:04+00:00,2025-09-04T17:15:22+00:00,2025-09-04,2025-09-04,11178
c04453,WJA8975,CYYC,YYC,Calgary,CYVR,YVR,Vancouver,1756994133,1756998072,2025-09-04T13:55:33+00:00,2025-09-04T15:01:12+00:00,2025-09-04,2025-09-04,3939
c05c0e,WJA103,CYYC,YYC,Calgary,CYVR,YVR,Vancouver,1756991798,1756995554,2025-09-04T13:16:38+00:00,2025-09-04T14:19:14+00:00,2025-09-04,2025-09-04,3756
c010ea,ACA134,CYYC,YYC,Calgary,CYYZ,YYZ,Toronto,1756991571,1757002769,2025-09-04T13:12:51+00:00,2025-09-04T16:19:29+00:00,2025-09-04,2025-09-04,11198
c060c3,POE352,CYYC,YYC,Calgary,CYYZ,YYZ,Toronto,1756991407,1757003510,2025-09-04T13:10:07+00:00,2025-09-04T16:31:50+00:00,2025-09-04,2025-09-04,12103
c04fff,ACA203,CYYC,YYC,Calgary,CYVR,YVR,Vancouver,1756990950,1756994878,2025-09-04T13:02:30+00:00,2025-09-04T14:07:58+00:00,2025-09-04,2025-09-04,3928
c00094,CFAFR684,CYYC,YYC,Calgary,CYVR,YVR,Vancouver,1756990451,1757001144,2025-09-04T12:54:11+00:00,2025-09-04T15:52:24+00:00,2025-09-04,2025-09-04,10693
c04cf4,WJA650,CYYC,YYC,Calgary,CYYZ,YYZ,Toronto,1756989433,1757001143,2025-09-04T12:37:13+00:00,2025-09-04T15:52:23+00:00,2025-09-04,2025-09-04,11710
c03064,ACA201,CYYC,YYC,Calgary,CYVR,YVR,Vancouver,1756988839,1756992892,2025-09-04T12:27:19+00:00,2025-09-04T13:34:52+00:00,2025-09-04,2025-09-04,4053
c03003,ACA318,CYYC,YYC,Calgary,CYUL,YUL,Montreal,1756988040,1757000926,2025-09-04T12:14:00+00:00,2025-09-04T15:48:46+00:00,2025-09-04,2025-09-04,12886
ada1de,MAL7051,CYYC,YYC,Calgary,CYVR,YVR,Vancouver,1756981661,1756985289,2025-09-04T10:27:41+00:00,2025-09-04T11:28:09+00:00,2025-09-04,2025-09-04,3628
c01e13,FLE628,CYYC,YYC,Calgary,CYYZ,YYZ,Toronto,1756974292,1756986179,2025-09-04T08:24:52+00:00,2025-09-04T11:42:59+00:00,2025-09-04,2025-09-04,11887
c0611f,ACA316,CYYC,YYC,Calgary,CYUL,YUL,Montreal,1756970923,1756983904,2025-09-04T07:28:43+00:00,2025-09-04T11:05:04+00:00,2025-09-04,2025-09-04,12981
c080a5,WJA646,CYYC,YYC,Calgary,CYYZ,YYZ,Toronto,1756969577,1756982128,2025-09-04T07:06:17+00:00,2025-09-04T10:35:28+00:00,2025-09-04,2025-09-04,12551
c05004,ACA156,CYYC,YYC,Calgary,CYYZ,YYZ,Toronto,1756967497,1756979215,2025-09-04T06:31:37+00:00,2025-09-04T09:46:55+00:00,2025-09-04,2025-09-04,11718
c035cc,WJA652,CYYC,YYC,Calgary,CYYZ,YYZ,Toronto,1756967102,1756979063,2025-09-04T06:25:02+00:00,2025-09-04T09:44:23+00:00,2025-09-04,2025-09-04,11961
c00821,ACA154,CYYC,YYC,Calgary,CYYZ,YYZ,Toronto,1756965954,1756978094,2025-09-04T06:05:54+00:00,2025-09-04T09:28:14+00:00,2025-09-04,2025-09-04,12140
c08887,WJA135,CYYC,YYC,Calgary,CYVR,YVR,Vancouver,1756964974,1756969047,2025-09-04T05:49:34+00:00,2025-09-04T06:57:27+00:00,2025-09-04,2025-09-04,4073
c02067,MAL7062,CYYC,YYC,Calgary,CYYZ,YYZ,Toronto,1756960939,1756972266,2025-09-04T04:42:19+00:00,2025-09-04T07:51:06+00:00,2025-09-04,2025-09-04,11327
c0473b,CJT2385,CYYC,YYC,Calgary,CYVR,YVR,Vancouver,1756959713,1756963604,2025-09-04T04:21:53+00:00,2025-09-04T05:26:44+00:00,2025-09-04,2025-09-04,3891
c02ae3,WJA133,CYYC,YYC,Calgary,CYVR,YVR,Vancouver,1756959594,1756963372,2025-09-04T04:19:54+00:00,2025-09-04T05:22:52+00:00,2025-09-04,2025-09-04,3778
c01dcb,FLE805,CYYC,YYC,Calgary,CYVR,YVR,Vancouver,1756957051,1756960973,2025-09-04T03:37:31+00:00,2025-09-04T04:42:53+00:00,2025-09-04,2025-09-04,3922
c0614d,WJA131,CYYC,YYC,Calgary,CYVR,YVR,Vancouver,1756956786,1756960586,2025-09-04T03:33:06+00:00,2025-09-04T04:36:26+00:00,2025-09-04,2025-09-04,3800
c007d0,ACA227,CYYC,YYC,Calgary,CYVR,YVR,Vancouver,1756955599,1756959283,2025-09-04T03:13:19+00:00,2025-09-04T04:14:43+00:00,2025-09-04,2025-09-04,3684
c03e07,WJA129,CYYC,YYC,Calgary,CYVR,YVR,Vancouver,1756951439,1756955219,2025-09-04T02:03:59+00:00,2025-09-04T03:06:59+00:00,2025-09-04,2025-09-04,3780
c07fb9,WJA127,CYYC,YYC,Calgary,CYVR,YVR,Vancouver,1756948716,1756952517,2025-09-04T01:18:36+00:00,2025-09-04T02:21:57+00:00,2025-09-04,2025-09-04,3801
c010e4,ACA158,CYYC,YYC,Calgary,CYYZ,YYZ,Toronto,1756948294,1756960375,2025-09-04T01:11:34+00:00,2025-09-04T04:32:55+00:00,2025-09-04,2025-09-04,12081
c05efd,JZA279,CYYC,YYC,Calgary,CYVR,YVR,Vancouver,1756947200,1756954917,2025-09-04T00:53:20+00:00,2025-09-04T03:01:57+00:00,2025-09-04,2025-09-04,7717
c03b15,WJA214,CYYC,YYC,Calgary,CYUL,YUL,Montreal,1756947134,1756960335,2025-09-04T00:52:14+00:00,2025-09-04T04:32:15+00:00,2025-09-04,2025-09-04,13201
c02966,WJA676,CYYC,YYC,Calgary,CYYZ,YYZ,Toronto,1756946605,1756958698,2025-09-04T00:43:25+00:00,2025-09-04T04:04:58+00:00,2025-09-04,2025-09-04,12093
c0192e,ACA152,CYYC,YYC,Calgary,CYYZ,YYZ,Toronto,1756945989,1756957858,2025-09-04T00:33:09+00:00,2025-09-04T03:50:58+00:00,2025-09-04,2025-09-04,11869
c05030,ACA223,CYYC,YYC,Calgary,CYVR,YVR,Vancouver,1756945424,1756949239,2025-09-04T00:23:44+00:00,2025-09-04T01:27:19+00:00,2025-09-04,2025-09-04,3815
c01ebb,FLE626,CYYC,YYC,Calgary,CYYZ,YYZ,Toronto,1756945137,1756956959,2025-09-04T00:18:57+00:00,2025-09-04T03:35:59+00:00,2025-09-04,2025-09-04,11822
c07ee0,WJA125,CYYC,YYC,Calgary,CYVR,YVR,Vancouver,1756944968,1756948943,2025-09-04T00:16:08+00:00,2025-09-04T01:22:23+00:00,2025-09-04,2025-09-04,3975
c07bc7,WJA244,CYEG,YEG,Edmonton,CYYC,YYC,Calgary,1757023533,1757025393,2025-09-04T22:05:33+00:00,2025-09-04T22:36:33+00:00,2025-09-04,2025-09-04,1860
c0041d,CFBOM,CYEG,YEG,Edmonton,CYYC,YYC,Calgary,1757023335,1757025833,2025-09-04T22:02:15+00:00,2025-09-04T22:43:53+00:00,2025-09-04,2025-09-04,2498
c0468e,ASP510,CYEG,YEG,Edmonton,CYYC,YYC,Calgary,1757022525,1757024671,2025-09-04T21:48:45+00:00,2025-09-04T22:24:31+00:00,2025-09-04,2025-09-04,2146
c07eda,WJA152,CYEG,YEG,Edmonton,CYYC,YYC,Calgary,1757020886,1757022706,2025-09-04T21:21:26+00:00,2025-09-04T21:51:46+00:00,2025-09-04,2025-09-04,1820
a0cb44,POD2,CYEG,YEG,Edmonton,CYYC,YYC,Calgary,1757020596,1757022339,2025-09-04T21:16:36+00:00,2025-09-04T21:45:39+00:00,2025-09-04,2025-09-04,1743
c07646,CGSUN,CYEG,YEG,Edmonton,CYYC,YYC,Calgary,1757019857,1757021885,2025-09-04T21:04:17+00:00,2025-09-04T21:38:05+00:00,2025-09-04,2025-09-04,2028
c055d2,JZA137,CYEG,YEG,Edmonton,CYYC,YYC,Calgary,1757019268,1757021605,2025-09-04T20:54:28+00:00,2025-09-04T21:33:25+00:00,2025-09-04,2025-09-04,2337
c052d5,WJA169,CYEG,YEG,Edmonton,CYVR,YVR,Vancouver,1757017207,1757021278,2025-09-04T20:20:07+00:00,2025-09-04T21:27:58+00:00,2025-09-04,2025-09-04,4071
c0192e,ACA241,CYEG,YEG,Edmonton,CYVR,YVR,Vancouver,1757013501,1757017677,2025-09-04T19:18:21+00:00,2025-09-04T20:27:57+00:00,2025-09-04,2025-09-04,4176
c04852,,CYEG,YEG,Edmonton,CYYC,YYC,Calgary,1757012592,1757014248,2025-09-04T19:03:12+00:00,2025-09-04T19:30:48+00:00,2025-09-04,2025-09-04,1656
c060bb,POE406,CYEG,YEG,Edmonton,CYYZ,YYZ,Toronto,1757012425,1757024667,2025-09-04T19:00:25+00:00,2025-09-04T22:24:27+00:00,2025-09-04,2025-09-04,12242
c07ee8,WJA167,CYEG,YEG,Edmonton,CYVR,YVR,Vancouver,1757010762,1757014973,2025-09-04T18:32:42+00:00,2025-09-04T19:42:53+00:00,2025-09-04,2025-09-04,4211
c0256e,WEN3348,CYEG,YEG,Edmonton,CYYC,YYC,Calgary,1757010101,1757012278,2025-09-04T18:21:41+00:00,2025-09-04T18:57:58+00:00,2025-09-04,2025-09-04,2177
c08497,ACA164,CYEG,YEG,Edmonton,CYYZ,YYZ,Toronto,1757009374,1757020679,2025-09-04T18:09:34+00:00,2025-09-04T21:17:59+00:00,2025-09-04,2025-09-04,11305
c00700,ACA239,CYEG,YEG,Edmonton,CYVR,YVR,Vancouver,1757008986,1757013209,2025-09-04T18:03:06+00:00,2025-09-04T19:13:29+00:00,2025-09-04,2025-09-04,4223
c07b3c,ADS605,CYEG,YEG,Edmonton,CYVR,YVR,Vancouver,1757008635,1757012616,2025-09-04T17:57:15+00:00,2025-09-04T19:03:36+00:00,2025-09-04,2025-09-04,3981
c05086,ACA336,CYEG,YEG,Edmonton,CYUL,YUL,Montreal,1757007908,1757024199,2025-09-04T17:45:08+00:00,2025-09-04T22:16:39+00:00,2025-09-04,2025-09-04,16291
c007d0,ACA237,CYEG,YEG,Edmonton,CYVR,YVR,Vancouver,1757007217,1757011615,2025-09-04T17:33:37+00:00,2025-09-04T18:46:55+00:00,2025-09-04,2025-09-04,4398
c030f3,ASP858,CYEG,YEG,Edmonton,CYVR,YVR,Vancouver,1757006677,1757011006,2025-09-04T17:24:37+00:00,2025-09-04T18:36:46+00:00,2025-09-04,2025-09-04,4329
c055d2,JZA133,CYEG,YEG,Edmonton,CYYC,YYC,Calgary,1757004782,1757006771,2025-09-04T16:53:02+00:00,2025-09-04T17:26:11+00:00,2025-09-04,2025-09-04,1989
c00bce,CFEMF,CYEG,YEG,Edmonton,CYYZ,YYZ,Toronto,1757003293,1757015083,2025-09-04T16:28:13+00:00,2025-09-04T19:44:43+00:00,2025-09-04,2025-09-04,11790
c00da8,FLE823,CYEG,YEG,Edmonton,CYVR,YVR,Vancouver,1757002482,1757006757,2025-09-04T16:14:42+00:00,2025-09-04T17:25:57+00:00,2025-09-04,2025-09-04,4275
c01ee6,WJA426,CYEG,YEG,Edmonton,CYYZ,YYZ,Toronto,1757002286,1757013977,2025-09-04T16:11:26+00:00,2025-09-04T19:26:17+00:00,2025-09-04,2025-09-04,11691
c08106,WJA165,CYEG,YEG,Edmonton,CYVR,YVR,Vancouver,1757001818,1757006003,2025-09-04T16:03:38+00:00,2025-09-04T17:13:23+00:00,2025-09-04,2025-09-04,4185
c04fae,WEN3376,CYEG,YEG,Edmonton,CYYC,YYC,Calgary,1757000336,1757002544,2025-09-04T15:38:56+00:00,2025-09-04T16:15:44+00:00,2025-09-04,2025-09-04,2208
c084b9,ACA162,CYEG,YEG,Edmonton,CYYZ,YYZ,Toronto,1757000268,1757012238,2025-09-04T15:37:48+00:00,2025-09-04T18:57:18+00:00,2025-09-04,2025-09-04,11970
c0399b,CFVVE,CYEG,YEG,Edmonton,CYYC,YYC,Calgary,1756997352,1756999248,2025-09-04T14:49:12+00:00,2025-09-04T15:20:48+00:00,2025-09-04,2025-09-04,1896
c085e0,WJA163,CYEG,YEG,Edmonton,CYVR,YVR,Vancouver,1756996099,1757000385,2025-09-04T14:28:19+00:00,2025-09-04T15:39:45+00:00,2025-09-04,2025-09-04,4286
c06d38,CGPJJ,CYEG,YEG,Edmonton,CYVR,YVR,Vancouver,1756995796,1756999972,2025-09-04T14:23:16+00:00,2025-09-04T15:32:52+00:00,2025-09-04,2025-09-04,4176
c0202b,CFMES,CYEG,YEG,Edmonton,CYYC,YYC,Calgary,1756995524,1756997259,2025-09-04T14:18:44+00:00,2025-09-04T14:47:39+00:00,2025-09-04,2025-09-04,1735
c03cf4,ACA233,CYEG,YEG,Edmonton,CYVR,YVR,Vancouver,1756995066,1756999243,2025-09-04T14:11:06+00:00,2025-09-04T15:20:43+00:00,2025-09-04,2025-09-04,4177
c07aa4,WJA266,CYEG,YEG,Edmonton,CYYC,YYC,Calgary,1756994992,1756996799,2025-09-04T14:09:52+00:00,2025-09-04T14:39:59+00:00,2025-09-04,2025-09-04,1807
c06177,POE378,CYEG,YEG,Edmonton,CYUL,YUL,Montreal,1756994896,1757008068,2025-09-04T14:08:16+00:00,2025-09-04T17:47:48+00:00,2025-09-04,2025-09-04,13172
c06be3,WJA422,CYEG,YEG,Edmonton,CYYZ,YYZ,Toronto,1756993266,1757004430,2025-09-04T13:41:06+00:00,2025-09-04T16:47:10+00:00,2025-09-04,2025-09-04,11164
c060bd,POE402,CYEG,YEG,Edmonton,CYYZ,YYZ,Toronto,1756991541,1757003752,2025-09-04T13:12:21+00:00,2025-09-04T16:35:52+00:00,2025-09-04,2025-09-04,12211
c0524c,WJA288,CYEG,YEG,Edmonton,CYYC,YYC,Calgary,1756991109,1756992993,2025-09-04T13:05:09+00:00,2025-09-04T13:36:33+00:00,2025-09-04,2025-09-04,1884
c01ec6,FLE827,CYEG,YEG,Edmonton,CYVR,YVR,Vancouver,1756990904,1756995144,2025-09-04T13:01:44+00:00,2025-09-04T14:12:24+00:00,2025-09-04,2025-09-04,4240
c03bf2,WJA161,CYEG,YEG,Edmonton,CYVR,YVR,Vancouver,1756988590,1756993109,2025-09-04T12:23:10+00:00,2025-09-04T13:38:29+00:00,2025-09-04,2025-09-04,4519
c010ec,ACA160,CYEG,YEG,Edmonton,CYYZ,YYZ,Toronto,1756988486,1757000153,2025-09-04T12:21:26+00:00,2025-09-04T15:35:53+00:00,2025-09-04,2025-09-04,11667
c06aa4,JZA7779,CYEG,YEG,Edmonton,CYVR,YVR,Vancouver,1756988298,1756992748,2025-09-04T12:18:18+00:00,2025-09-04T13:32:28+00:00,2025-09-04,2025-09-04,4450
c00926,WJA238,CYEG,YEG,Edmonton,CYYC,YYC,Calgary,1756987334,1756989197,2025-09-04T12:02:14+00:00,2025-09-04T12:33:17+00:00,2025-09-04,2025-09-04,1863
c030bb,ACA332,CYEG,YEG,Edmonton,CYUL,YUL,Montreal,1756971017,1756984248,2025-09-04T07:30:17+00:00,2025-09-04T11:10:48+00:00,2025-09-04,2025-09-04,13231
c00dce,FLE630,CYEG,YEG,Edmonton,CYYZ,YYZ,Toronto,1756970479,1756982459,2025-09-04T07:21:19+00:00,2025-09-04T10:40:59+00:00,2025-09-04,2025-09-04,11980
c08497,ACA178,CYEG,YEG,Edmonton,CYYZ,YYZ,Toronto,1756968216,1756980226,2025-09-04T06:43:36+00:00,2025-09-04T10:03:46+00:00,2025-09-04,2025-09-04,12010
c088fb,WJA418,CYEG,YEG,Edmonton,CYYZ,YYZ,Toronto,1756966870,1756978829,2025-09-04T06:21:10+00:00,2025-09-04T09:40:29+00:00,2025-09-04,2025-09-04,11959
c05ebb,WJA177,CYEG,YEG,Edmonton,CYVR,YVR,Vancouver,1756961338,1756965626,2025-09-04T04:48:58+00:00,2025-09-04T06:00:26+00:00,2025-09-04,2025-09-04,4288
c07566,CNK33,CYEG,YEG,Edmonton,CYYC,YYC,Calgary,1756957809,1756960465,2025-09-04T03:50:09+00:00,2025-09-04T04:34:25+00:00,2025-09-04,2025-09-04,2656
c01e1f,FLE833,CYEG,YEG,Edmonton,CYVR,YVR,Vancouver,1756955814,1756960159,2025-09-04T03:16:54+00:00,2025-09-04T04:29:19+00:00,2025-09-04,2025-09-04,4345
c08095,WJA240,CYEG,YEG,Edmonton,CYYC,YYC,Calgary,1756953683,1756955517,2025-09-04T02:41:23+00:00,2025-09-04T03:11:57+00:00,2025-09-04,2025-09-04,1834
c084b9,ACA176,CYEG,YEG,Edmonton,CYYZ,YYZ,Toronto,1756951033,1756962869,2025-09-04T01:57:13+00:00,2025-09-04T05:14:29+00:00,2025-09-04,2025-09-04,11836
c06539,ACA245,CYEG,YEG,Edmonton,CYVR,YVR,Vancouver,1756948959,1756953237,2025-09-04T01:22:39+00:00,2025-09-04T02:33:57+00:00,2025-09-04,2025-09-04,4278
c01cae,WJA438,CYEG,YEG,Edmonton,CYYZ,YYZ,Toronto,1756947342,1756959052,2025-09-04T00:55:42+00:00,2025-09-04T04:10:52+00:00,2025-09-04,2025-09-04,11710
c00926,WJA175,CYEG,YEG,Edmonton,CYVR,YVR,Vancouver,1756946000,1756950196,2025-09-04T00:33:20+00:00,2025-09-04T01:43:16+00:00,2025-09-04,2025-09-04,4196
c064d8,ACA174,CYEG,YEG,Edmonton,CYYZ,YYZ,Toronto,1756944429,1756956294,2025-09-04T00:07:09+00:00,2025-09-04T03:24:54+00:00,2025-09-04,2025-09-04,11865
c06174,POE125,CYYZ,YYZ,Toronto,CYUL,YUL,Montreal,1757019960,1757025687,2025-09-04T21:06:00+00:00,2025-09-04T22:41:27+00:00,2025-09-04,2025-09-04,5727
c051e4,ACA8XC,CYYZ,YYZ,Toronto,CYUL,YUL,Montreal,1757019754,1757025400,2025-09-04T21:02:34+00:00,2025-09-04T22:36:40+00:00,2025-09-04,2025-09-04,5646
c058c3,ACA488,CYYZ,YYZ,Toronto,CYUL,YUL,Montreal,1757018615,1757024588,2025-09-04T20:43:35+00:00,2025-09-04T22:23:08+00:00,2025-09-04,2025-09-04,5973
c06a75,TSC441,CYYZ,YYZ,Toronto,CYUL,YUL,Montreal,1757016726,1757020120,2025-09-04T20:12:06+00:00,2025-09-04T21:08:40+00:00,2025-09-04,2025-09-04,3394
c05ed8,ACA416,CYYZ,YYZ,Toronto,CYUL,YUL,Montreal,1757016496,1757019898,2025-09-04T20:08:16+00:00,2025-09-04T21:04:58+00:00,2025-09-04,2025-09-04,3402
c010e4,ACA418,CYYZ,YYZ,Toronto,CYUL,YUL,Montreal,1757016240,1757019675,2025-09-04T20:04:00+00:00,2025-09-04T21:01:15+00:00,2025-09-04,2025-09-04,3435
c01b4f,WJA663,CYYZ,YYZ,Toronto,CYYC,YYC,Calgary,1757012582,1757025962,2025-09-04T19:03:02+00:00,2025-09-04T22:46:02+00:00,2025-09-04,2025-09-04,13380
c0332c,ACA414,CYYZ,YYZ,Toronto,CYUL,YUL,Montreal,1757009560,1757014058,2025-09-04T18:12:40+00:00,2025-09-04T19:27:38+00:00,2025-09-04,2025-09-04,4498
c01ebb,FLE613,CYYZ,YYZ,Toronto,CYVR,YVR,Vancouver,1757009495,1757026155,2025-09-04T18:11:35+00:00,2025-09-04T22:49:15+00:00,2025-09-04,2025-09-04,16660
c080a5,WJA715,CYYZ,YYZ,Toronto,CYVR,YVR,Vancouver,1757009130,1757025601,2025-09-04T18:05:30+00:00,2025-09-04T22:40:01+00:00,2025-09-04,2025-09-04,16471
c087d7,CGZLM,CYYZ,YYZ,Toronto,CYUL,YUL,Montreal,1757007882,1757011449,2025-09-04T17:44:42+00:00,2025-09-04T18:44:09+00:00,2025-09-04,2025-09-04,3567
c04cf4,WJA661,CYYZ,YYZ,Toronto,CYYC,YYC,Calgary,1757007427,1757021261,2025-09-04T17:37:07+00:00,2025-09-04T21:27:41+00:00,2025-09-04,2025-09-04,13834
c060c8,POE357,CYYZ,YYZ,Toronto,CYYC,YYC,Calgary,1757007069,1757020757,2025-09-04T17:31:09+00:00,2025-09-04T21:19:17+00:00,2025-09-04,2025-09-04,13688
c0618e,POE307,CYYZ,YYZ,Toronto,CYVR,YVR,Vancouver,1757006646,1757023512,2025-09-04T17:24:06+00:00,2025-09-04T22:05:12+00:00,2025-09-04,2025-09-04,16866
c05004,ACA143,CYYZ,YYZ,Toronto,CYYC,YYC,Calgary,1757006234,1757019957,2025-09-04T17:17:14+00:00,2025-09-04T21:05:57+00:00,2025-09-04,2025-09-04,13723
c010ec,ACA113,CYYZ,YYZ,Toronto,CYVR,YVR,Vancouver,1757005601,1757021937,2025-09-04T17:06:41+00:00,2025-09-04T21:38:57+00:00,2025-09-04,2025-09-04,16336
c00a0b,ACA412,CYYZ,YYZ,Toronto,CYUL,YUL,Montreal,1757005518,1757008949,2025-09-04T17:05:18+00:00,2025-09-04T18:02:29+00:00,2025-09-04,2025-09-04,3431
c04eb6,ACA7201,CYYZ,YYZ,Toronto,CYVR,YVR,Vancouver,1757005475,1757021424,2025-09-04T17:04:35+00:00,2025-09-04T21:30:24+00:00,2025-09-04,2025-09-04,15949
c03cc6,CFXAJ,CYYZ,YYZ,Toronto,CYYC,YYC,Calgary,1757005395,1757018099,2025-09-04T17:03:15+00:00,2025-09-04T20:34:59+00:00,2025-09-04,2025-09-04,12704
c06b6a,WJA711,CYYZ,YYZ,Toronto,CYVR,YVR,Vancouver,1757004633,1757020739,2025-09-04T16:50:33+00:00,2025-09-04T21:18:59+00:00,2025-09-04,2025-09-04,16106
c02ed9,ACA7069,CYYZ,YYZ,Toronto,CYVR,YVR,Vancouver,1757002949,1757018252,2025-09-04T16:22:29+00:00,2025-09-04T20:37:32+00:00,2025-09-04,2025-09-04,15303
c03ba4,CFWPF,CYYZ,YYZ,Toronto,CYUL,YUL,Montreal,1757001840,1757005132,2025-09-04T16:04:00+00:00,2025-09-04T16:58:52+00:00,2025-09-04,2025-09-04,3292
c0653d,ACA141,CYYZ,YYZ,Toronto,CYYC,YYC,Calgary,1757001292,1757015036,2025-09-04T15:54:52+00:00,2025-09-04T19:43:56+00:00,2025-09-04,2025-09-04,13744
c05eac,ACA117,CYYZ,YYZ,Toronto,CYVR,YVR,Vancouver,1757000718,1757016927,2025-09-04T15:45:18+00:00,2025-09-04T20:15:27+00:00,2025-09-04,2025-09-04,16209
c010e4,ACA408,CYYZ,YYZ,Toronto,CYUL,YUL,Montreal,1756998960,1757002665,2025-09-04T15:16:00+00:00,2025-09-04T16:17:45+00:00,2025-09-04,2025-09-04,3705
c0797b,ACA137,CYYZ,YYZ,Toronto,CYYC,YYC,Calgary,1756998450,1757012428,2025-09-04T15:07:30+00:00,2025-09-04T19:00:28+00:00,2025-09-04,2025-09-04,13978
c019eb,WJA657,CYYZ,YYZ,Toronto,CYYC,YYC,Calgary,1756998364,1757013040,2025-09-04T15:06:04+00:00,2025-09-04T19:10:40+00:00,2025-09-04,2025-09-04,14676
c08866,POE305,CYYZ,YYZ,Toronto,CYVR,YVR,Vancouver,1756997957,1757015057,2025-09-04T14:59:17+00:00,2025-09-04T19:44:17+00:00,2025-09-04,2025-09-04,17100
c05eb1,ACA109,CYYZ,YYZ,Toronto,CYVR,YVR,Vancouver,1756997910,1757014311,2025-09-04T14:58:30+00:00,2025-09-04T19:31:51+00:00,2025-09-04,2025-09-04,16401
a7def8,EJA606,CYYZ,YYZ,Toronto,CYUL,YUL,Montreal,1756997649,1757001382,2025-09-04T14:54:09+00:00,2025-09-04T15:56:22+00:00,2025-09-04,2025-09-04,3733
c00dce,FLE625,CYYZ,YYZ,Toronto,CYYC,YYC,Calgary,1756997493,1757011277,2025-09-04T14:51:33+00:00,2025-09-04T18:41:17+00:00,2025-09-04,2025-09-04,13784
c035cc,WJA655,CYYZ,YYZ,Toronto,CYYC,YYC,Calgary,1756997259,1757010531,2025-09-04T14:47:39+00:00,2025-09-04T18:28:51+00:00,2025-09-04,2025-09-04,13272
c00e55,FLE609,CYYZ,YYZ,Toronto,CYVR,YVR,Vancouver,1756996682,1757013766,2025-09-04T14:38:02+00:00,2025-09-04T19:22:46+00:00,2025-09-04,2025-09-04,17084
c01d3c,WJA707,CYYZ,YYZ,Toronto,CYVR,YVR,Vancouver,1756996563,1757013103,2025-09-04T14:36:03+00:00,2025-09-04T19:11:43+00:00,2025-09-04,2025-09-04,16540
c058d5,ACA107,CYYZ,YYZ,Toronto,CYVR,YVR,Vancouver,1756994589,1757010059,2025-09-04T14:03:09+00:00,2025-09-04T18:20:59+00:00,2025-09-04,2025-09-04,15470
c010f6,ACA135,CYYZ,YYZ,Toronto,CYYC,YYC,Calgary,1756994134,1757007854,2025-09-04T13:55:34+00:00,2025-09-04T17:44:14+00:00,2025-09-04,2025-09-04,13720
c07e62,WJA651,CYYZ,YYZ,Toronto,CYYC,YYC,Calgary,1756994087,1757007480,2025-09-04T13:54:47+00:00,2025-09-04T17:38:00+00:00,2025-09-04,2025-09-04,13393
c08863,POE353,CYYZ,YYZ,Toronto,CYYC,YYC,Calgary,1756992990,1757006939,2025-09-04T13:36:30+00:00,2025-09-04T17:28:59+00:00,2025-09-04,2025-09-04,13949
c01e13,FLE601,CYYZ,YYZ,Toronto,CYVR,YVR,Vancouver,1756992771,1757009819,2025-09-04T13:32:51+00:00,2025-09-04T18:16:59+00:00,2025-09-04,2025-09-04,17048
c05edb,ACA404,CYYZ,YYZ,Toronto,CYUL,YUL,Montreal,1756992580,1756996739,2025-09-04T13:29:40+00:00,2025-09-04T14:38:59+00:00,2025-09-04,2025-09-04,4159
c02cf1,ACA189,CYYZ,YYZ,Toronto,CYVR,YVR,Vancouver,1756992513,1757008169,2025-09-04T13:28:33+00:00,2025-09-04T17:49:29+00:00,2025-09-04,2025-09-04,15656
c05bcb,ACA105,CYYZ,YYZ,Toronto,CYVR,YVR,Vancouver,1756991374,1757008406,2025-09-04T13:09:34+00:00,2025-09-04T17:53:26+00:00,2025-09-04,2025-09-04,17032
c0360e,WJA649,CYYZ,YYZ,Toronto,CYYC,YYC,Calgary,1756990415,1757004358,2025-09-04T12:53:35+00:00,2025-09-04T16:45:58+00:00,2025-09-04,2025-09-04,13943
c05212,00000000,CYYZ,YYZ,Toronto,CYYC,YYC,Calgary,1756989803,1757004181,2025-09-04T12:43:23+00:00,2025-09-04T16:43:01+00:00,2025-09-04,2025-09-04,14378
c08536,WJA703,CYYZ,YYZ,Toronto,CYVR,YVR,Vancouver,1756989053,1757007071,2025-09-04T12:30:53+00:00,2025-09-04T17:31:11+00:00,2025-09-04,2025-09-04,18018
c0618c,POE303,CYYZ,YYZ,Toronto,CYVR,YVR,Vancouver,1756989000,1757006437,2025-09-04T12:30:00+00:00,2025-09-04T17:20:37+00:00,2025-09-04,2025-09-04,17437
c05ee1,ACA402,CYYZ,YYZ,Toronto,CYUL,YUL,Montreal,1756988880,1756992345,2025-09-04T12:28:00+00:00,2025-09-04T13:25:45+00:00,2025-09-04,2025-09-04,3465
c0527b,HRT623,CYYZ,YYZ,Toronto,CYUL,YUL,Montreal,1756987736,1756991295,2025-09-04T12:08:56+00:00,2025-09-04T13:08:15+00:00,2025-09-04,2025-09-04,3559
c0616c,POE111,CYYZ,YYZ,Toronto,CYUL,YUL,Montreal,1756987582,1756991176,2025-09-04T12:06:22+00:00,2025-09-04T13:06:16+00:00,2025-09-04,2025-09-04,3594
c05bcf,ACA133,CYYZ,YYZ,Toronto,CYYC,YYC,Calgary,1756984928,1756998500,2025-09-04T11:22:08+00:00,2025-09-04T15:08:20+00:00,2025-09-04,2025-09-04,13572
c0653d,ACA400,CYYZ,YYZ,Toronto,CYUL,YUL,Montreal,1756983993,1756987403,2025-09-04T11:06:33+00:00,2025-09-04T12:03:23+00:00,2025-09-04,2025-09-04,3410
c0192e,ACA101,CYYZ,YYZ,Toronto,CYVR,YVR,Vancouver,1756983641,1757000968,2025-09-04T11:00:41+00:00,2025-09-04T15:49:28+00:00,2025-09-04,2025-09-04,17327
c066b6,WJA653,CYYZ,YYZ,Toronto,CYYC,YYC,Calgary,1756982240,1756997396,2025-09-04T10:37:20+00:00,2025-09-04T14:49:56+00:00,2025-09-04,2025-09-04,15156
c05bd2,ACA181,CYYZ,YYZ,Toronto,CYVR,YVR,Vancouver,1756981931,1756999318,2025-09-04T10:32:11+00:00,2025-09-04T15:21:58+00:00,2025-09-04,2025-09-04,17387
c03c04,WJA701,CYYZ,YYZ,Toronto,CYVR,YVR,Vancouver,1756981745,1757000159,2025-09-04T10:29:05+00:00,2025-09-04T15:35:59+00:00,2025-09-04,2025-09-04,18414
c064d8,ACA480,CYYZ,YYZ,Toronto,CYUL,YUL,Montreal,1756981243,1756985498,2025-09-04T10:20:43+00:00,2025-09-04T11:31:38+00:00,2025-09-04,2025-09-04,4255
ada1de,MAL7051,CYYZ,YYZ,Toronto,CYYC,YYC,Calgary,1756962747,1756976427,2025-09-04T05:12:27+00:00,2025-09-04T09:00:27+00:00,2025-09-04,2025-09-04,13680
c05f0a,JZA7774,CYYZ,YYZ,Toronto,CYUL,YUL,Montreal,1756960269,1756963613,2025-09-04T04:31:09+00:00,2025-09-04T05:26:53+00:00,2025-09-04,2025-09-04,3344
c060c4,POE135,CYYZ,YYZ,Toronto,CYUL,YUL,Montreal,1756958437,1756961769,2025-09-04T04:00:37+00:00,2025-09-04T04:56:09+00:00,2025-09-04,2025-09-04,3332
c035f8,WJA598,CYYZ,YYZ,Toronto,CYUL,YUL,Montreal,1756957206,1756961390,2025-09-04T03:40:06+00:00,2025-09-04T04:49:50+00:00,2025-09-04,2025-09-04,4184
c0671b,ACA432,CYYZ,YYZ,Toronto,CYUL,YUL,Montreal,1756956243,1756959508,2025-09-04T03:24:03+00:00,2025-09-04T04:18:28+00:00,2025-09-04,2025-09-04,3265
c03003,ACA159,CYYZ,YYZ,Toronto,CYYC,YYC,Calgary,1756955193,1756968980,2025-09-04T03:06:33+00:00,2025-09-04T06:56:20+00:00,2025-09-04,2025-09-04,13787
c00cd6,WJA679,CYYZ,YYZ,Toronto,CYYC,YYC,Calgary,1756954206,1756968229,2025-09-04T02:50:06+00:00,2025-09-04T06:43:49+00:00,2025-09-04,2025-09-04,14023
c080a2,WJA731,CYYZ,YYZ,Toronto,CYVR,YVR,Vancouver,1756953631,1756970217,2025-09-04T02:40:31+00:00,2025-09-04T07:16:57+00:00,2025-09-04,2025-09-04,16586
c01e13,FLE629,CYYZ,YYZ,Toronto,CYYC,YYC,Calgary,1756950010,1756964367,2025-09-04T01:40:10+00:00,2025-09-04T05:39:27+00:00,2025-09-04,2025-09-04,14357
c029dd,ACA157,CYYZ,YYZ,Toronto,CYYC,YYC,Calgary,1756949504,1756963281,2025-09-04T01:31:44+00:00,2025-09-04T05:21:21+00:00,2025-09-04,2025-09-04,13777
c0534e,FLE603,CYYZ,YYZ,Toronto,CYVR,YVR,Vancouver,1756949093,1756965894,2025-09-04T01:24:53+00:00,2025-09-04T06:04:54+00:00,2025-09-04,2025-09-04,16801
c05eb1,ACA129,CYYZ,YYZ,Toronto,CYVR,YVR,Vancouver,1756948465,1756964749,2025-09-04T01:14:25+00:00,2025-09-04T05:45:49+00:00,2025-09-04,2025-09-04,16284
c07e2c,ACA426,CYYZ,YYZ,Toronto,CYUL,YUL,Montreal,1756946903,1756950158,2025-09-04T00:48:23+00:00,2025-09-04T01:42:38+00:00,2025-09-04,2025-09-04,3255
c08335,WJA675,CYYZ,YYZ,Toronto,CYYC,YYC,Calgary,1756944863,1756958699,2025-09-04T00:14:23+00:00,2025-09-04T04:04:59+00:00,2025-09-04,2025-09-04,13836
c05bcb,ACA127,CYYZ,YYZ,Toronto,CYVR,YVR,Vancouver,1756944592,1756961167,2025-09-04T00:09:52+00:00,2025-09-04T04:46:07+00:00,2025-09-04,2025-09-04,16575
c0618c,POE129,CYYZ,YYZ,Toronto,CYUL,YUL,Montreal,1756944053,1756947718,2025-09-04T00:00:53+00:00,2025-09-04T01:01:58+00:00,2025-09-04,2025-09-04,3665
c05840,ACA9XC,CYUL,YUL,Montreal,CYYZ,YYZ,Toronto,1757018416,1757022023,2025-09-04T20:40:16+00:00,2025-09-04T21:40:23+00:00,2025-09-04,2025-09-04,3607
c058c2,ACA489,CYUL,YUL,Montreal,CYYZ,YYZ,Toronto,1757017396,1757021107,2025-09-04T20:23:16+00:00,2025-09-04T21:25:07+00:00,2025-09-04,2025-09-04,3711
c06a88,TSC440,CYUL,YUL,Montreal,CYYZ,YYZ,Toronto,1757017291,1757020805,2025-09-04T20:21:31+00:00,2025-09-04T21:20:05+00:00,2025-09-04,2025-09-04,3514
c0527b,HRT623,CYUL,YUL,Montreal,CYYZ,YYZ,Toronto,1757016825,1757020331,2025-09-04T20:13:45+00:00,2025-09-04T21:12:11+00:00,2025-09-04,2025-09-04,3506
c06177,POE120,CYUL,YUL,Montreal,CYYZ,YYZ,Toronto,1757014054,1757017811,2025-09-04T19:27:34+00:00,2025-09-04T20:30:11+00:00,2025-09-04,2025-09-04,3757
c00a0b,ACA415,CYUL,YUL,Montreal,CYYZ,YYZ,Toronto,1757013960,1757017798,2025-09-04T19:26:00+00:00,2025-09-04T20:29:58+00:00,2025-09-04,2025-09-04,3838
a79b80,ADSBTST1,CYUL,YUL,Montreal,CYYZ,YYZ,Toronto,1757009052,1757012279,2025-09-04T18:04:12+00:00,2025-09-04T18:57:59+00:00,2025-09-04,2025-09-04,3227
c023c5,ACA323,CYUL,YUL,Montreal,CYYC,YYC,Calgary,1757007283,1757020487,2025-09-04T17:34:43+00:00,2025-09-04T21:14:47+00:00,2025-09-04,2025-09-04,13204
c05ed0,ACA305,CYUL,YUL,Montreal,CYVR,YVR,Vancouver,1757006891,1757023785,2025-09-04T17:28:11+00:00,2025-09-04T22:09:45+00:00,2025-09-04,2025-09-04,16894
c010e4,ACA413,CYUL,YUL,Montreal,CYYZ,YYZ,Toronto,1757006305,1757009728,2025-09-04T17:18:25+00:00,2025-09-04T18:15:28+00:00,2025-09-04,2025-09-04,3423
c071d9,CGRCY,CYUL,YUL,Montreal,CYYZ,YYZ,Toronto,1757003198,1757007417,2025-09-04T16:26:38+00:00,2025-09-04T17:36:57+00:00,2025-09-04,2025-09-04,4219
c055cd,JZA7959,CYUL,YUL,Montreal,CYYZ,YYZ,Toronto,1757001705,1757006031,2025-09-04T16:01:45+00:00,2025-09-04T17:13:51+00:00,2025-09-04,2025-09-04,4326
c05edb,ACA409,CYUL,YUL,Montreal,CYYZ,YYZ,Toronto,1757000465,1757004085,2025-09-04T15:41:05+00:00,2025-09-04T16:41:25+00:00,2025-09-04,2025-09-04,3620
c04413,ROU7095,CYUL,YUL,Montreal,CYYZ,YYZ,Toronto,1757000210,1757004037,2025-09-04T15:36:50+00:00,2025-09-04T16:40:37+00:00,2025-09-04,2025-09-04,3827
c05ee1,ACA407,CYUL,YUL,Montreal,CYYZ,YYZ,Toronto,1756996028,1756999979,2025-09-04T14:27:08+00:00,2025-09-04T15:32:59+00:00,2025-09-04,2025-09-04,3951
c0616c,POE112,CYUL,YUL,Montreal,CYYZ,YYZ,Toronto,1756995363,1756999546,2025-09-04T14:16:03+00:00,2025-09-04T15:25:46+00:00,2025-09-04,2025-09-04,4183
c0653d,ACA405,CYUL,YUL,Montreal,CYYZ,YYZ,Toronto,1756992348,1756996437,2025-09-04T13:25:48+00:00,2025-09-04T14:33:57+00:00,2025-09-04,2025-09-04,4089
c0103e,ACA303,CYUL,YUL,Montreal,CYVR,YVR,Vancouver,1756989584,1757005669,2025-09-04T12:39:44+00:00,2025-09-04T17:07:49+00:00,2025-09-04,2025-09-04,16085
c030bb,ACA321,CYUL,YUL,Montreal,CYYC,YYC,Calgary,1756989153,1757003129,2025-09-04T12:32:33+00:00,2025-09-04T16:25:29+00:00,2025-09-04,2025-09-04,13976
c0307c,ACA403,CYUL,YUL,Montreal,CYYZ,YYZ,Toronto,1756987563,1756991518,2025-09-04T12:06:03+00:00,2025-09-04T13:11:58+00:00,2025-09-04,2025-09-04,3955
c0582b,ACA301,CYUL,YUL,Montreal,CYVR,YVR,Vancouver,1756985788,1757002730,2025-09-04T11:36:28+00:00,2025-09-04T16:18:50+00:00,2025-09-04,2025-09-04,16942
c060c4,POE373,CYUL,YUL,Montreal,CYVR,YVR,Vancouver,1756984639,1757003182,2025-09-04T11:17:19+00:00,2025-09-04T16:26:22+00:00,2025-09-04,2025-09-04,18543
c03b15,WJA215,CYUL,YUL,Montreal,CYYC,YYC,Calgary,1756984548,1756999005,2025-09-04T11:15:48+00:00,2025-09-04T15:16:45+00:00,2025-09-04,2025-09-04,14457
c0671b,ACA401,CYUL,YUL,Montreal,CYYZ,YYZ,Toronto,1756984336,1756988188,2025-09-04T11:12:16+00:00,2025-09-04T12:16:28+00:00,2025-09-04,2025-09-04,3852
c035f8,WJA579,CYUL,YUL,Montreal,CYYZ,YYZ,Toronto,1756983930,1756988068,2025-09-04T11:05:30+00:00,2025-09-04T12:14:28+00:00,2025-09-04,2025-09-04,4138
c08866,POE102,CYUL,YUL,Montreal,CYYZ,YYZ,Toronto,1756983652,1756987544,2025-09-04T11:00:52+00:00,2025-09-04T12:05:44+00:00,2025-09-04,2025-09-04,3892
c03ba4,CFWPF,CYUL,YUL,Montreal,CYYZ,YYZ,Toronto,1756983028,1756986239,2025-09-04T10:50:28+00:00,2025-09-04T11:43:59+00:00,2025-09-04,2025-09-04,3211
c05edb,ACA481,CYUL,YUL,Montreal,CYYZ,YYZ,Toronto,1756981446,1756984886,2025-09-04T10:24:06+00:00,2025-09-04T11:21:26+00:00,2025-09-04,2025-09-04,3440
c018c8,JZA7773,CYUL,YUL,Montreal,CYYZ,YYZ,Toronto,1756977090,1756980537,2025-09-04T09:11:30+00:00,2025-09-04T10:08:57+00:00,2025-09-04,2025-09-04,3447
c0653f,ACA313,CYUL,YUL,Montreal,CYVR,YVR,Vancouver,1756952175,1756969469,2025-09-04T02:16:15+00:00,2025-09-04T07:04:29+00:00,2025-09-04,2025-09-04,17294
c0618c,POE130,CYUL,YUL,Montreal,CYYZ,YYZ,Toronto,1756951920,1756955238,2025-09-04T02:12:00+00:00,2025-09-04T03:07:18+00:00,2025-09-04,2025-09-04,3318
c038a3,ACA315,CYUL,YUL,Montreal,CYVR,YVR,Vancouver,1756951543,1756968165,2025-09-04T02:05:43+00:00,2025-09-04T06:42:45+00:00,2025-09-04,2025-09-04,16622
c0440e,ACA429,CYUL,YUL,Montreal,CYYZ,YYZ,Toronto,1756951264,1756954439,2025-09-04T02:01:04+00:00,2025-09-04T02:53:59+00:00,2025-09-04,2025-09-04,3175
c060c0,POE375,CYUL,YUL,Montreal,CYVR,YVR,Vancouver,1756948289,1756966334,2025-09-04T01:11:29+00:00,2025-09-04T06:12:14+00:00,2025-09-04,2025-09-04,18045
c0611f,ACA327,CYUL,YUL,Montreal,CYYC,YYC,Calgary,1756947288,1756961399,2025-09-04T00:54:48+00:00,2025-09-04T04:49:59+00:00,2025-09-04,2025-09-04,14111
c010cb,ACA427,CYUL,YUL,Montreal,CYYZ,YYZ,Toronto,1756946531,1756949920,2025-09-04T00:42:11+00:00,2025-09-04T01:38:40+00:00,2025-09-04,2025-09-04,3389
c04ed6,HRT364,CYUL,YUL,Montreal,CYYZ,YYZ,Toronto,1756946436,1756949803,2025-09-04T00:40:36+00:00,2025-09-04T01:36:43+00:00,2025-09-04,2025-09-04,3367
c03493,TSC630,CYUL,YUL,Montreal,CYYZ,YYZ,Toronto,1756945067,1756948422,2025-09-04T00:17:47+00:00,2025-09-04T01:13:42+00:00,2025-09-04,2025-09-04,3355
c04e21,CGDPG,CYUL,YUL,Montreal,CYYZ,YYZ,Toronto,1756944963,1756947866,2025-09-04T00:16:03+00:00,2025-09-04T01:04:26+00:00,2025-09-04,2025-09-04,2903
c036b1,WJA116,CYVR,YVR,Vancouver,CYYC,YYC,Calgary,1757108905,1757113177,2025-09-05T21:48:25+00:00,2025-09-05T22:59:37+00:00,2025-09-05,2025-09-05,4272
c03a5a,WJA114,CYVR,YVR,Vancouver,CYYC,YYC,Calgary,1757105374,1757109183,2025-09-05T20:49:34+00:00,2025-09-05T21:53:03+00:00,2025-09-05,2025-09-05,3809
c004e9,WJA168,CYVR,YVR,Vancouver,CYEG,YEG,Edmonton,1757104675,1757108786,2025-09-05T20:37:55+00:00,2025-09-05T21:46:26+00:00,2025-09-05,2025-09-05,4111
c05056,ACA216,CYVR,YVR,Vancouver,CYYC,YYC,Calgary,1757102935,1757106787,2025-09-05T20:08:55+00:00,2025-09-05T21:13:07+00:00,2025-09-05,2025-09-05,3852
c01e1f,FLE820,CYVR,YVR,Vancouver,CYEG,YEG,Edmonton,1757102241,1757106478,2025-09-05T19:57:21+00:00,2025-09-05T21:07:58+00:00,2025-09-05,2025-09-05,4237
c00734,WJA112,CYVR,YVR,Vancouver,CYYC,YYC,Calgary,1757101723,1757105716,2025-09-05T19:48:43+00:00,2025-09-05T20:55:16+00:00,2025-09-05,2025-09-05,3993
c05da4,WJA166,CYVR,YVR,Vancouver,CYEG,YEG,Edmonton,1757099412,1757103626,2025-09-05T19:10:12+00:00,2025-09-05T20:20:26+00:00,2025-09-05,2025-09-05,4214
c01dcb,FLE816,CYVR,YVR,Vancouver,CYYC,YYC,Calgary,1757098909,1757102945,2025-09-05T19:01:49+00:00,2025-09-05T20:09:05+00:00,2025-09-05,2025-09-05,4036
c03e07,WJA110,CYVR,YVR,Vancouver,CYYC,YYC,Calgary,1757098081,1757102026,2025-09-05T18:48:01+00:00,2025-09-05T19:53:46+00:00,2025-09-05,2025-09-05,3945
c05bcb,ACA110,CYVR,YVR,Vancouver,CYYZ,YYZ,Toronto,1757097991,1757113075,2025-09-05T18:46:31+00:00,2025-09-05T22:57:55+00:00,2025-09-05,2025-09-05,15084
c00757,ACA238,CYVR,YVR,Vancouver,CYEG,YEG,Edmonton,1757097913,1757101850,2025-09-05T18:45:13+00:00,2025-09-05T19:50:50+00:00,2025-09-05,2025-09-05,3937
c086fa,CNK715,CYVR,YVR,Vancouver,CYEG,YEG,Edmonton,1757097185,1757101264,2025-09-05T18:33:05+00:00,2025-09-05T19:41:04+00:00,2025-09-05,2025-09-05,4079
c01e11,FLE806,CYVR,YVR,Vancouver,CYYC,YYC,Calgary,1757095253,1757099495,2025-09-05T18:00:53+00:00,2025-09-05T19:11:35+00:00,2025-09-05,2025-09-05,4242
c03c04,WJA108,CYVR,YVR,Vancouver,CYYC,YYC,Calgary,1757094041,1757098190,2025-09-05T17:40:41+00:00,2025-09-05T18:49:50+00:00,2025-09-05,2025-09-05,4149
c08863,POE304,CYVR,YVR,Vancouver,CYYZ,YYZ,Toronto,1757093764,1757108990,2025-09-05T17:36:04+00:00,2025-09-05T21:49:50+00:00,2025-09-05,2025-09-05,15226
c03f85,WJA162,CYVR,YVR,Vancouver,CYEG,YEG,Edmonton,1757093015,1757097251,2025-09-05T17:23:35+00:00,2025-09-05T18:34:11+00:00,2025-09-05,2025-09-05,4236
c010ea,ACA210,CYVR,YVR,Vancouver,CYYC,YYC,Calgary,1757092892,1757096928,2025-09-05T17:21:32+00:00,2025-09-05T18:28:48+00:00,2025-09-05,2025-09-05,4036
c010ec,ACA108,CYVR,YVR,Vancouver,CYYZ,YYZ,Toronto,1757092691,1757108715,2025-09-05T17:18:11+00:00,2025-09-05T21:45:15+00:00,2025-09-05,2025-09-05,16024
c07fb0,WJA708,CYVR,YVR,Vancouver,CYYZ,YYZ,Toronto,1757092140,1757108596,2025-09-05T17:09:00+00:00,2025-09-05T21:43:16+00:00,2025-09-05,2025-09-05,16456
c007d0,ACA236,CYVR,YVR,Vancouver,CYEG,YEG,Edmonton,1757091004,1757095028,2025-09-05T16:50:04+00:00,2025-09-05T17:57:08+00:00,2025-09-05,2025-09-05,4024
c01729,ACA34,CYVR,YVR,Vancouver,CYYZ,YYZ,Toronto,1757089394,1757103607,2025-09-05T16:23:14+00:00,2025-09-05T20:20:07+00:00,2025-09-05,2025-09-05,14213
c0175a,ACA304,CYVR,YVR,Vancouver,CYUL,YUL,Montreal,1757089238,1757104725,2025-09-05T16:20:38+00:00,2025-09-05T20:38:45+00:00,2025-09-05,2025-09-05,15487
c02655,WJA706,CYVR,YVR,Vancouver,CYYZ,YYZ,Toronto,1757088964,1757105087,2025-09-05T16:16:04+00:00,2025-09-05T20:44:47+00:00,2025-09-05,2025-09-05,16123
c007d8,ACA204,CYVR,YVR,Vancouver,CYYC,YYC,Calgary,1757087254,1757091509,2025-09-05T15:47:34+00:00,2025-09-05T16:58:29+00:00,2025-09-05,2025-09-05,4255
c00700,ACA234,CYVR,YVR,Vancouver,CYEG,YEG,Edmonton,1757087077,1757091015,2025-09-05T15:44:37+00:00,2025-09-05T16:50:15+00:00,2025-09-05,2025-09-05,3938
c036b1,WJA104,CYVR,YVR,Vancouver,CYYC,YYC,Calgary,1757086956,1757091263,2025-09-05T15:42:36+00:00,2025-09-05T16:54:23+00:00,2025-09-05,2025-09-05,4307
c060c0,POE372,CYVR,YVR,Vancouver,CYUL,YUL,Montreal,1757086054,1757102503,2025-09-05T15:27:34+00:00,2025-09-05T20:01:43+00:00,2025-09-05,2025-09-05,16449
c004e9,WJA164,CYVR,YVR,Vancouver,CYEG,YEG,Edmonton,1757085937,1757090207,2025-09-05T15:25:37+00:00,2025-09-05T16:36:47+00:00,2025-09-05,2025-09-05,4270
c06081,ACA302,CYVR,YVR,Vancouver,CYUL,YUL,Montreal,1757084511,1757100839,2025-09-05T15:01:51+00:00,2025-09-05T19:33:59+00:00,2025-09-05,2025-09-05,16328
c06171,POE302,CYVR,YVR,Vancouver,CYYZ,YYZ,Toronto,1757083745,1757099468,2025-09-05T14:49:05+00:00,2025-09-05T19:11:08+00:00,2025-09-05,2025-09-05,15723
c01e1f,FLE800,CYVR,YVR,Vancouver,CYYC,YYC,Calgary,1757083591,1757087729,2025-09-05T14:46:31+00:00,2025-09-05T15:55:29+00:00,2025-09-05,2025-09-05,4138
c05030,ACA104,CYVR,YVR,Vancouver,CYYZ,YYZ,Toronto,1757083501,1757098577,2025-09-05T14:45:01+00:00,2025-09-05T18:56:17+00:00,2025-09-05,2025-09-05,15076
c006ec,ACA232,CYVR,YVR,Vancouver,CYEG,YEG,Edmonton,1757082737,1757086745,2025-09-05T14:32:17+00:00,2025-09-05T15:39:05+00:00,2025-09-05,2025-09-05,4008
c066b0,WJA102,CYVR,YVR,Vancouver,CYYC,YYC,Calgary,1757081582,1757085576,2025-09-05T14:13:02+00:00,2025-09-05T15:19:36+00:00,2025-09-05,2025-09-05,3994
c0730e,ACA202,CYVR,YVR,Vancouver,CYYC,YYC,Calgary,1757081100,1757085108,2025-09-05T14:05:00+00:00,2025-09-05T15:11:48+00:00,2025-09-05,2025-09-05,4008
c01dcb,FLE822,CYVR,YVR,Vancouver,CYEG,YEG,Edmonton,1757081043,1757085369,2025-09-05T14:04:03+00:00,2025-09-05T15:16:09+00:00,2025-09-05,2025-09-05,4326
c05da4,WJA160,CYVR,YVR,Vancouver,CYEG,YEG,Edmonton,1757078100,1757082389,2025-09-05T13:15:00+00:00,2025-09-05T14:26:29+00:00,2025-09-05,2025-09-05,4289
c03af2,WJA700,CYVR,YVR,Vancouver,CYYZ,YYZ,Toronto,1757077770,1757093034,2025-09-05T13:09:30+00:00,2025-09-05T17:23:54+00:00,2025-09-05,2025-09-05,15264
c05054,ACA100,CYVR,YVR,Vancouver,CYYZ,YYZ,Toronto,1757077681,1757092668,2025-09-05T13:08:01+00:00,2025-09-05T17:17:48+00:00,2025-09-05,2025-09-05,14987
c080ac,WJA100,CYVR,YVR,Vancouver,CYYC,YYC,Calgary,1757077272,1757081332,2025-09-05T13:01:12+00:00,2025-09-05T14:08:52+00:00,2025-09-05,2025-09-05,4060
c0817c,WJA136,CYVR,YVR,Vancouver,CYYC,YYC,Calgary,1757075310,1757079405,2025-09-05T12:28:30+00:00,2025-09-05T13:36:45+00:00,2025-09-05,2025-09-05,4095
c01d2d,FLE602,CYVR,YVR,Vancouver,CYYZ,YYZ,Toronto,1757060371,1757075369,2025-09-05T08:19:31+00:00,2025-09-05T12:29:29+00:00,2025-09-05,2025-09-05,14998
c0473b,CJT2382,CYVR,YVR,Vancouver,CYYC,YYC,Calgary,1757058819,1757062234,2025-09-05T07:53:39+00:00,2025-09-05T08:50:34+00:00,2025-09-05,2025-09-05,3415
c05bcb,ACA182,CYVR,YVR,Vancouver,CYYZ,YYZ,Toronto,1757057205,1757071334,2025-09-05T07:26:45+00:00,2025-09-05T11:22:14+00:00,2025-09-05,2025-09-05,14129
c010f6,ACA128,CYVR,YVR,Vancouver,CYYZ,YYZ,Toronto,1757055663,1757070102,2025-09-05T07:01:03+00:00,2025-09-05T11:01:42+00:00,2025-09-05,2025-09-05,14439
c02ae3,WJA564,CYVR,YVR,Vancouver,CYUL,YUL,Montreal,1757054141,1757070239,2025-09-05T06:35:41+00:00,2025-09-05T11:03:59+00:00,2025-09-05,2025-09-05,16098
c06539,ACA314,CYVR,YVR,Vancouver,CYUL,YUL,Montreal,1757053603,1757069278,2025-09-05T06:26:43+00:00,2025-09-05T10:47:58+00:00,2025-09-05,2025-09-05,15675
c04453,WJA724,CYVR,YVR,Vancouver,CYYZ,YYZ,Toronto,1757052382,1757066866,2025-09-05T06:06:22+00:00,2025-09-05T10:07:46+00:00,2025-09-05,2025-09-05,14484
c01e11,FLE600,CYVR,YVR,Vancouver,CYYZ,YYZ,Toronto,1757051899,1757067387,2025-09-05T05:58:19+00:00,2025-09-05T10:16:27+00:00,2025-09-05,2025-09-05,15488
c0501e,ACA126,CYVR,YVR,Vancouver,CYYZ,YYZ,Toronto,1757050653,1757065099,2025-09-05T05:37:33+00:00,2025-09-05T09:38:19+00:00,2025-09-05,2025-09-05,14446
c07fb9,WJA132,CYVR,YVR,Vancouver,CYYC,YYC,Calgary,1757049978,1757053709,2025-09-05T05:26:18+00:00,2025-09-05T06:28:29+00:00,2025-09-05,2025-09-05,3731
c0884e,POE318,CYVR,YVR,Vancouver,CYYZ,YYZ,Toronto,1757049720,1757064232,2025-09-05T05:22:00+00:00,2025-09-05T09:23:52+00:00,2025-09-05,2025-09-05,14512
c050c0,ACA228,CYVR,YVR,Vancouver,CYYC,YYC,Calgary,1757049600,1757053364,2025-09-05T05:20:00+00:00,2025-09-05T06:22:44+00:00,2025-09-05,2025-09-05,3764
c00741,WJA128,CYVR,YVR,Vancouver,CYYC,YYC,Calgary,1757049163,1757053041,2025-09-05T05:12:43+00:00,2025-09-05T06:17:21+00:00,2025-09-05,2025-09-05,3878
c02fd8,ACA226,CYVR,YVR,Vancouver,CYYC,YYC,Calgary,1757045134,1757048939,2025-09-05T04:05:34+00:00,2025-09-05T05:08:59+00:00,2025-09-05,2025-09-05,3805
c03bf1,WJA126,CYVR,YVR,Vancouver,CYYC,YYC,Calgary,1757042857,1757046599,2025-09-05T03:27:37+00:00,2025-09-05T04:29:59+00:00,2025-09-05,2025-09-05,3742
c059cb,CGIAC,CYVR,YVR,Vancouver,CYYC,YYC,Calgary,1757039650,1757043310,2025-09-05T02:34:10+00:00,2025-09-05T03:35:10+00:00,2025-09-05,2025-09-05,3660
c0211f,MAL8079,CYVR,YVR,Vancouver,CYYZ,YYZ,Toronto,1757038469,1757052835,2025-09-05T02:14:29+00:00,2025-09-05T06:13:55+00:00,2025-09-05,2025-09-05,14366
ada1de,MAL7062,CYVR,YVR,Vancouver,CYYC,YYC,Calgary,1757037862,1757041648,2025-09-05T02:04:22+00:00,2025-09-05T03:07:28+00:00,2025-09-05,2025-09-05,3786
c05004,ACA224,CYVR,YVR,Vancouver,CYYC,YYC,Calgary,1757037007,1757040878,2025-09-05T01:50:07+00:00,2025-09-05T02:54:38+00:00,2025-09-05,2025-09-05,3871
c03bf2,WJA124,CYVR,YVR,Vancouver,CYYC,YYC,Calgary,1757036179,1757040080,2025-09-05T01:36:19+00:00,2025-09-05T02:41:20+00:00,2025-09-05,2025-09-05,3901
c00da8,FLE804,CYVR,YVR,Vancouver,CYYC,YYC,Calgary,1757035276,1757039218,2025-09-05T01:21:16+00:00,2025-09-05T02:26:58+00:00,2025-09-05,2025-09-05,3942
c080a4,WJA120,CYVR,YVR,Vancouver,CYYC,YYC,Calgary,1757034990,1757039023,2025-09-05T01:16:30+00:00,2025-09-05T02:23:43+00:00,2025-09-05,2025-09-05,4033
c04eb6,ACA7202,CYVR,YVR,Vancouver,CYYZ,YYZ,Toronto,1757033961,1757048630,2025-09-05T00:59:21+00:00,2025-09-05T05:03:50+00:00,2025-09-05,2025-09-05,14669
c03e07,WJA122,CYVR,YVR,Vancouver,CYYC,YYC,Calgary,1757032871,1757036879,2025-09-05T00:41:11+00:00,2025-09-05T01:47:59+00:00,2025-09-05,2025-09-05,4008
c010ea,ACA124,CYVR,YVR,Vancouver,CYYZ,YYZ,Toronto,1757032674,1757047944,2025-09-05T00:37:54+00:00,2025-09-05T04:52:24+00:00,2025-09-05,2025-09-05,15270
c006ec,ACA222,CYVR,YVR,Vancouver,CYYC,YYC,Calgary,1757031527,1757035616,2025-09-05T00:18:47+00:00,2025-09-05T01:26:56+00:00,2025-09-05,2025-09-05,4089
c080a5,WJA722,CYVR,YVR,Vancouver,CYYZ,YYZ,Toronto,1757031254,1757046839,2025-09-05T00:14:14+00:00,2025-09-05T04:33:59+00:00,2025-09-05,2025-09-05,15585
c01ebb,FLE612,CYVR,YVR,Vancouver,CYYZ,YYZ,Toronto,1757030831,1757045667,2025-09-05T00:07:11+00:00,2025-09-05T04:14:27+00:00,2025-09-05,2025-09-05,14836
c05ed0,ACA312,CYVR,YVR,Vancouver,CYUL,YUL,Montreal,1757030715,1757046858,2025-09-05T00:05:15+00:00,2025-09-05T04:34:18+00:00,2025-09-05,2025-09-05,16143
c045f1,WJA118,CYVR,YVR,Vancouver,CYYC,YYC,Calgary,1757030439,1757034777,2025-09-05T00:00:39+00:00,2025-09-05T01:12:57+00:00,2025-09-05,2025-09-05,4338
c07d20,JZA138,CYYC,YYC,Calgary,CYEG,YEG,Edmonton,1757109378,1757111590,2025-09-05T21:56:18+00:00,2025-09-05T22:33:10+00:00,2025-09-05,2025-09-05,2212
c03e07,WJA119,CYYC,YYC,Calgary,CYVR,YVR,Vancouver,1757107892,1757111806,2025-09-05T21:31:32+00:00,2025-09-05T22:36:46+00:00,2025-09-05,2025-09-05,3914
c08870,SUT8101,CYYC,YYC,Calgary,CYVR,YVR,Vancouver,1757105924,1757110142,2025-09-05T20:58:44+00:00,2025-09-05T22:09:02+00:00,2025-09-05,2025-09-05,4218
c069d8,WJA253,CYYC,YYC,Calgary,CYEG,YEG,Edmonton,1757104299,1757106252,2025-09-05T20:31:39+00:00,2025-09-05T21:04:12+00:00,2025-09-05,2025-09-05,1953
c01e11,FLE807,CYYC,YYC,Calgary,CYVR,YVR,Vancouver,1757103828,1757107607,2025-09-05T20:23:48+00:00,2025-09-05T21:26:47+00:00,2025-09-05,2025-09-05,3779
c03c04,WJA117,CYYC,YYC,Calgary,CYVR,YVR,Vancouver,1757103532,1757107277,2025-09-05T20:18:52+00:00,2025-09-05T21:21:17+00:00,2025-09-05,2025-09-05,3745
c010ea,ACA217,CYYC,YYC,Calgary,CYVR,YVR,Vancouver,1757101599,1757105360,2025-09-05T19:46:39+00:00,2025-09-05T20:49:20+00:00,2025-09-05,2025-09-05,3761
c03c05,WJA239,CYYC,YYC,Calgary,CYEG,YEG,Edmonton,1757100106,1757101968,2025-09-05T19:21:46+00:00,2025-09-05T19:52:48+00:00,2025-09-05,2025-09-05,1862
c07e62,WJA664,CYYC,YYC,Calgary,CYYZ,YYZ,Toronto,1757099815,1757112163,2025-09-05T19:16:55+00:00,2025-09-05T22:42:43+00:00,2025-09-05,2025-09-05,12348
c07fb9,WJA115,CYYC,YYC,Calgary,CYVR,YVR,Vancouver,1757099742,1757103440,2025-09-05T19:15:42+00:00,2025-09-05T20:17:20+00:00,2025-09-05,2025-09-05,3698
c03084,ASP877,CYYC,YYC,Calgary,CYEG,YEG,Edmonton,1757099310,1757101357,2025-09-05T19:08:30+00:00,2025-09-05T19:42:37+00:00,2025-09-05,2025-09-05,2047
c060c6,POE356,CYYC,YYC,Calgary,CYYZ,YYZ,Toronto,1757099015,1757111391,2025-09-05T19:03:35+00:00,2025-09-05T22:29:51+00:00,2025-09-05,2025-09-05,12376
c05eb7,ACA146,CYYC,YYC,Calgary,CYYZ,YYZ,Toronto,1757098266,1757111499,2025-09-05T18:51:06+00:00,2025-09-05T22:31:39+00:00,2025-09-05,2025-09-05,13233
c0041d,CFBOM,CYYC,YYC,Calgary,CYEG,YEG,Edmonton,1757097506,1757100235,2025-09-05T18:38:26+00:00,2025-09-05T19:23:55+00:00,2025-09-05,2025-09-05,2729
c07d20,JZA134,CYYC,YYC,Calgary,CYEG,YEG,Edmonton,1757097320,1757099511,2025-09-05T18:35:20+00:00,2025-09-05T19:11:51+00:00,2025-09-05,2025-09-05,2191
c007d8,ACA211,CYYC,YYC,Calgary,CYVR,YVR,Vancouver,1757096250,1757099990,2025-09-05T18:17:30+00:00,2025-09-05T19:19:50+00:00,2025-09-05,2025-09-05,3740
c036b1,WJA113,CYYC,YYC,Calgary,CYVR,YVR,Vancouver,1757095980,1757099871,2025-09-05T18:13:00+00:00,2025-09-05T19:17:51+00:00,2025-09-05,2025-09-05,3891
c030bb,ACA324,CYYC,YYC,Calgary,CYUL,YUL,Montreal,1757095632,1757108618,2025-09-05T18:07:12+00:00,2025-09-05T21:43:38+00:00,2025-09-05,2025-09-05,12986
c07c92,WEN3317,CYYC,YYC,Calgary,CYEG,YEG,Edmonton,1757095440,1757097953,2025-09-05T18:04:00+00:00,2025-09-05T18:45:53+00:00,2025-09-05,2025-09-05,2513
c01cae,WJA660,CYYC,YYC,Calgary,CYYZ,YYZ,Toronto,1757094879,1757107845,2025-09-05T17:54:39+00:00,2025-09-05T21:30:45+00:00,2025-09-05,2025-09-05,12966
c00734,WJA111,CYYC,YYC,Calgary,CYVR,YVR,Vancouver,1757092970,1757096698,2025-09-05T17:22:50+00:00,2025-09-05T18:24:58+00:00,2025-09-05,2025-09-05,3728
c01e1f,FLE801,CYYC,YYC,Calgary,CYVR,YVR,Vancouver,1757092417,1757096109,2025-09-05T17:13:37+00:00,2025-09-05T18:15:09+00:00,2025-09-05,2025-09-05,3692
c0757a,SYB088,CYYC,YYC,Calgary,CYYZ,YYZ,Toronto,1757091833,1757104173,2025-09-05T17:03:53+00:00,2025-09-05T20:29:33+00:00,2025-09-05,2025-09-05,12340
c05eb1,ACA142,CYYC,YYC,Calgary,CYYZ,YYZ,Toronto,1757090671,1757103359,2025-09-05T16:44:31+00:00,2025-09-05T20:15:59+00:00,2025-09-05,2025-09-05,12688
c01c28,WJA212,CYYC,YYC,Calgary,CYUL,YUL,Montreal,1757089800,1757103470,2025-09-05T16:30:00+00:00,2025-09-05T20:17:50+00:00,2025-09-05,2025-09-05,13670
c0730e,ACA209,CYYC,YYC,Calgary,CYVR,YVR,Vancouver,1757089365,1757093254,2025-09-05T16:22:45+00:00,2025-09-05T17:27:34+00:00,2025-09-05,2025-09-05,3889
c02294,NCB2338,CYYC,YYC,Calgary,CYEG,YEG,Edmonton,1757089069,1757091774,2025-09-05T16:17:49+00:00,2025-09-05T17:02:54+00:00,2025-09-05,2025-09-05,2705
c04cf4,WJA658,CYYC,YYC,Calgary,CYYZ,YYZ,Toronto,1757088510,1757100425,2025-09-05T16:08:30+00:00,2025-09-05T19:27:05+00:00,2025-09-05,2025-09-05,11915
c03e07,WJA109,CYYC,YYC,Calgary,CYVR,YVR,Vancouver,1757088439,1757092349,2025-09-05T16:07:19+00:00,2025-09-05T17:12:29+00:00,2025-09-05,2025-09-05,3910
c06e85,WEN3173,CYYC,YYC,Calgary,CYVR,YVR,Vancouver,1757087645,1757099475,2025-09-05T15:54:05+00:00,2025-09-05T19:11:15+00:00,2025-09-05,2025-09-05,11830
c025d2,CJT918,CYYC,YYC,Calgary,CYEG,YEG,Edmonton,1757087310,1757089121,2025-09-05T15:48:30+00:00,2025-09-05T16:18:41+00:00,2025-09-05,2025-09-05,1811
a0cb44,POD2,CYYC,YYC,Calgary,CYUL,YUL,Montreal,1757086476,1757099562,2025-09-05T15:34:36+00:00,2025-09-05T19:12:42+00:00,2025-09-05,2025-09-05,13086
c08106,WJA654,CYYC,YYC,Calgary,CYYZ,YYZ,Toronto,1757086151,1757098193,2025-09-05T15:29:11+00:00,2025-09-05T18:49:53+00:00,2025-09-05,2025-09-05,12042
c0737c,WJA656,CYYC,YYC,Calgary,CYYZ,YYZ,Toronto,1757085411,1757097701,2025-09-05T15:16:51+00:00,2025-09-05T18:41:41+00:00,2025-09-05,2025-09-05,12290
c03c04,WJA107,CYYC,YYC,Calgary,CYVR,YVR,Vancouver,1757085337,1757088926,2025-09-05T15:15:37+00:00,2025-09-05T16:15:26+00:00,2025-09-05,2025-09-05,3589
c02fd8,ACA205,CYYC,YYC,Calgary,CYVR,YVR,Vancouver,1757083136,1757086825,2025-09-05T14:38:56+00:00,2025-09-05T15:40:25+00:00,2025-09-05,2025-09-05,3689
c05bd2,ACA134,CYYC,YYC,Calgary,CYYZ,YYZ,Toronto,1757082810,1757094727,2025-09-05T14:33:30+00:00,2025-09-05T17:52:07+00:00,2025-09-05,2025-09-05,11917
c08852,POE384,CYYC,YYC,Calgary,CYUL,YUL,Montreal,1757081963,1757095469,2025-09-05T14:19:23+00:00,2025-09-05T18:04:29+00:00,2025-09-05,2025-09-05,13506
c013de,AKT1504,CYYC,YYC,Calgary,CYEG,YEG,Edmonton,1757081820,1757083516,2025-09-05T14:17:00+00:00,2025-09-05T14:45:16+00:00,2025-09-05,2025-09-05,1696
c03cc6,CFXAJ,CYYC,YYC,Calgary,CYYZ,YYZ,Toronto,1757081703,1757092887,2025-09-05T14:15:03+00:00,2025-09-05T17:21:27+00:00,2025-09-05,2025-09-05,11184
c01e28,ACA136,CYYC,YYC,Calgary,CYYZ,YYZ,Toronto,1757081391,1757093098,2025-09-05T14:09:51+00:00,2025-09-05T17:24:58+00:00,2025-09-05,2025-09-05,11707
c06ca3,CNK821,CYYC,YYC,Calgary,CYVR,YVR,Vancouver,1757080878,1757084457,2025-09-05T14:01:18+00:00,2025-09-05T15:00:57+00:00,2025-09-05,2025-09-05,3579
c05099,WEN3395,CYYC,YYC,Calgary,CYEG,YEG,Edmonton,1757078645,1757080679,2025-09-05T13:24:05+00:00,2025-09-05T13:57:59+00:00,2025-09-05,2025-09-05,2034
c060bb,POE352,CYYC,YYC,Calgary,CYYZ,YYZ,Toronto,1757078461,1757090889,2025-09-05T13:21:01+00:00,2025-09-05T16:48:09+00:00,2025-09-05,2025-09-05,12428
c036b1,WJA103,CYYC,YYC,Calgary,CYVR,YVR,Vancouver,1757078314,1757081905,2025-09-05T13:18:34+00:00,2025-09-05T14:18:25+00:00,2025-09-05,2025-09-05,3591
c05086,ACA203,CYYC,YYC,Calgary,CYVR,YVR,Vancouver,1757077621,1757081183,2025-09-05T13:07:01+00:00,2025-09-05T14:06:23+00:00,2025-09-05,2025-09-05,3562
c00094,CFAFR684,CYYC,YYC,Calgary,CYVR,YVR,Vancouver,1757076570,1757087009,2025-09-05T12:49:30+00:00,2025-09-05T15:43:29+00:00,2025-09-05,2025-09-05,10439
c049e9,WJA650,CYYC,YYC,Calgary,CYYZ,YYZ,Toronto,1757075841,1757087840,2025-09-05T12:37:21+00:00,2025-09-05T15:57:20+00:00,2025-09-05,2025-09-05,11999
c050c0,ACA201,CYYC,YYC,Calgary,CYVR,YVR,Vancouver,1757074689,1757078299,2025-09-05T12:18:09+00:00,2025-09-05T13:18:19+00:00,2025-09-05,2025-09-05,3610
c030eb,ACA318,CYYC,YYC,Calgary,CYUL,YUL,Montreal,1757074560,1757088142,2025-09-05T12:16:00+00:00,2025-09-05T16:02:22+00:00,2025-09-05,2025-09-05,13582
c063fe,NCB1734,CYYC,YYC,Calgary,CYEG,YEG,Edmonton,1757074288,1757076418,2025-09-05T12:11:28+00:00,2025-09-05T12:46:58+00:00,2025-09-05,2025-09-05,2130
c086fa,CNK715,CYYC,YYC,Calgary,CYEG,YEG,Edmonton,1757071332,1757073053,2025-09-05T11:22:12+00:00,2025-09-05T11:50:53+00:00,2025-09-05,2025-09-05,1721
c02028,MAL7051,CYYC,YYC,Calgary,CYVR,YVR,Vancouver,1757068630,1757072281,2025-09-05T10:37:10+00:00,2025-09-05T11:38:01+00:00,2025-09-05,2025-09-05,3651
c06e87,ACA2116,CYYC,YYC,Calgary,CYUL,YUL,Montreal,1757058880,1757071847,2025-09-05T07:54:40+00:00,2025-09-05T11:30:47+00:00,2025-09-05,2025-09-05,12967
c07eda,WJA646,CYYC,YYC,Calgary,CYYZ,YYZ,Toronto,1757056144,1757068541,2025-09-05T07:09:04+00:00,2025-09-05T10:35:41+00:00,2025-09-05,2025-09-05,12397
c00e55,FLE628,CYYC,YYC,Calgary,CYYZ,YYZ,Toronto,1757056062,1757068909,2025-09-05T07:07:42+00:00,2025-09-05T10:41:49+00:00,2025-09-05,2025-09-05,12847
c05004,ACA156,CYYC,YYC,Calgary,CYYZ,YYZ,Toronto,1757054822,1757066818,2025-09-05T06:47:02+00:00,2025-09-05T10:06:58+00:00,2025-09-05,2025-09-05,11996
c004f3,WJA652,CYYC,YYC,Calgary,CYYZ,YYZ,Toronto,1757053914,1757065664,2025-09-05T06:31:54+00:00,2025-09-05T09:47:44+00:00,2025-09-05,2025-09-05,11750
c0797b,ACA154,CYYC,YYC,Calgary,CYYZ,YYZ,Toronto,1757052249,1757064535,2025-09-05T06:04:09+00:00,2025-09-05T09:28:55+00:00,2025-09-05,2025-09-05,12286
c080e0,WJA135,CYYC,YYC,Calgary,CYVR,YVR,Vancouver,1757050889,1757054632,2025-09-05T05:41:29+00:00,2025-09-05T06:43:52+00:00,2025-09-05,2025-09-05,3743
c066b0,WJA133,CYYC,YYC,Calgary,CYVR,YVR,Vancouver,1757047545,1757051216,2025-09-05T04:45:45+00:00,2025-09-05T05:46:56+00:00,2025-09-05,2025-09-05,3671
ada1de,MAL7062,CYYC,YYC,Calgary,CYYZ,YYZ,Toronto,1757045821,1757057211,2025-09-05T04:17:01+00:00,2025-09-05T07:26:51+00:00,2025-09-05,2025-09-05,11390
c0473b,CJT2389,CYYC,YYC,Calgary,CYVR,YVR,Vancouver,1757045544,1757049163,2025-09-05T04:12:24+00:00,2025-09-05T05:12:43+00:00,2025-09-05,2025-09-05,3619
c00da8,FLE805,CYYC,YYC,Calgary,CYVR,YVR,Vancouver,1757043393,1757047227,2025-09-05T03:36:33+00:00,2025-09-05T04:40:27+00:00,2025-09-05,2025-09-05,3834
c07fb0,WJA131,CYYC,YYC,Calgary,CYVR,YVR,Vancouver,1757042402,1757046147,2025-09-05T03:20:02+00:00,2025-09-05T04:22:27+00:00,2025-09-05,2025-09-05,3745
c006ec,ACA227,CYYC,YYC,Calgary,CYVR,YVR,Vancouver,1757041440,1757045393,2025-09-05T03:04:00+00:00,2025-09-05T04:09:53+00:00,2025-09-05,2025-09-05,3953
c00741,WJA127,CYYC,YYC,Calgary,CYVR,YVR,Vancouver,1757041352,1757045151,2025-09-05T03:02:32+00:00,2025-09-05T04:05:51+00:00,2025-09-05,2025-09-05,3799
c03a5a,WJA129,CYYC,YYC,Calgary,CYVR,YVR,Vancouver,1757038386,1757042036,2025-09-05T02:13:06+00:00,2025-09-05T03:13:56+00:00,2025-09-05,2025-09-05,3650
c01dcb,FLE809,CYYC,YYC,Calgary,CYVR,YVR,Vancouver,1757035001,1757038647,2025-09-05T01:16:41+00:00,2025-09-05T02:17:27+00:00,2025-09-05,2025-09-05,3646
c05eb7,ACA158,CYYC,YYC,Calgary,CYYZ,YYZ,Toronto,1757033892,1757046056,2025-09-05T00:58:12+00:00,2025-09-05T04:20:56+00:00,2025-09-05,2025-09-05,12164
c0517e,WJA214,CYYC,YYC,Calgary,CYUL,YUL,Montreal,1757033675,1757047044,2025-09-05T00:54:35+00:00,2025-09-05T04:37:24+00:00,2025-09-05,2025-09-05,13369
c050c0,ACA223,CYYC,YYC,Calgary,CYVR,YVR,Vancouver,1757033526,1757037194,2025-09-05T00:52:06+00:00,2025-09-05T01:53:14+00:00,2025-09-05,2025-09-05,3668
c069d8,WJA676,CYYC,YYC,Calgary,CYYZ,YYZ,Toronto,1757032894,1757045246,2025-09-05T00:41:34+00:00,2025-09-05T04:07:26+00:00,2025-09-05,2025-09-05,12352
c03517,WJA125,CYYC,YYC,Calgary,CYVR,YVR,Vancouver,1757031693,1757035247,2025-09-05T00:21:33+00:00,2025-09-05T01:20:47+00:00,2025-09-05,2025-09-05,3554
c0041d,CFBOM,CYEG,YEG,Edmonton,CYYC,YYC,Calgary,1757109885,1757112360,2025-09-05T22:04:45+00:00,2025-09-05T22:46:00+00:00,2025-09-05,2025-09-05,2475
c07d20,JZA137,CYEG,YEG,Edmonton,CYYC,YYC,Calgary,1757102910,1757104839,2025-09-05T20:08:30+00:00,2025-09-05T20:40:39+00:00,2025-09-05,2025-09-05,1929
c07d20,JZA133,CYEG,YEG,Edmonton,CYYC,YYC,Calgary,1757091422,1757093238,2025-09-05T16:57:02+00:00,2025-09-05T17:27:18+00:00,2025-09-05,2025-09-05,1816
c03cf4,ACA178,CYEG,YEG,Edmonton,CYYZ,YYZ,Toronto,1757055865,1757068738,2025-09-05T07:04:25+00:00,2025-09-05T10:38:58+00:00,2025-09-05,2025-09-05,12873
c07bc7,WJA418,CYEG,YEG,Edmonton,CYYZ,YYZ,Toronto,1757052731,1757065246,2025-09-05T06:12:11+00:00,2025-09-05T09:40:46+00:00,2025-09-05,2025-09-05,12515
c060c5,POE410,CYEG,YEG,Edmonton,CYYZ,YYZ,Toronto,1757052669,1757065005,2025-09-05T06:11:09+00:00,2025-09-05T09:36:45+00:00,2025-09-05,2025-09-05,12336
c05da4,WJA177,CYEG,YEG,Edmonton,CYVR,YVR,Vancouver,1757045866,1757050033,2025-09-05T04:17:46+00:00,2025-09-05T05:27:13+00:00,2025-09-05,2025-09-05,4167
c07f02,WJA240,CYEG,YEG,Edmonton,CYYC,YYC,Calgary,1757045151,1757046972,2025-09-05T04:05:51+00:00,2025-09-05T04:36:12+00:00,2025-09-05,2025-09-05,1821
c05a0a,AKT1749,CYEG,YEG,Edmonton,CYYC,YYC,Calgary,1757042979,1757044889,2025-09-05T03:29:39+00:00,2025-09-05T04:01:29+00:00,2025-09-05,2025-09-05,1910
c01e11,FLE833,CYEG,YEG,Edmonton,CYVR,YVR,Vancouver,1757042784,1757047045,2025-09-05T03:26:24+00:00,2025-09-05T04:37:25+00:00,2025-09-05,2025-09-05,4261
c084b9,ACA176,CYEG,YEG,Edmonton,CYYZ,YYZ,Toronto,1757037379,1757049358,2025-09-05T01:56:19+00:00,2025-09-05T05:15:58+00:00,2025-09-05,2025-09-05,11979
c030f7,ACA245,CYEG,YEG,Edmonton,CYVR,YVR,Vancouver,1757035424,1757039377,2025-09-05T01:23:44+00:00,2025-09-05T02:29:37+00:00,2025-09-05,2025-09-05,3953
c03f37,WJA438,CYEG,YEG,Edmonton,CYYZ,YYZ,Toronto,1757033332,1757045639,2025-09-05T00:48:52+00:00,2025-09-05T04:13:59+00:00,2025-09-05,2025-09-05,12307
c02ae3,WJA175,CYEG,YEG,Edmonton,CYVR,YVR,Vancouver,1757032979,1757036939,2025-09-05T00:42:59+00:00,2025-09-05T01:48:59+00:00,2025-09-05,2025-09-05,3960
c05ea6,ACA174,CYEG,YEG,Edmonton,CYYZ,YYZ,Toronto,1757031269,1757043057,2025-09-05T00:14:29+00:00,2025-09-05T03:30:57+00:00,2025-09-05,2025-09-05,11788
c05d56,JZA7781,CYEG,YEG,Edmonton,CYVR,YVR,Vancouver,1757031022,1757035044,2025-09-05T00:10:22+00:00,2025-09-05T01:17:24+00:00,2025-09-05,2025-09-05,4022
c07d20,JZA143,CYEG,YEG,Edmonton,CYYC,YYC,Calgary,1757030710,1757032958,2025-09-05T00:05:10+00:00,2025-09-05T00:42:38+00:00,2025-09-05,2025-09-05,2248
c03bfb,WJA316,CYEG,YEG,Edmonton,CYYC,YYC,Calgary,1757030622,1757032554,2025-09-05T00:03:42+00:00,2025-09-05T00:35:54+00:00,2025-09-05,2025-09-05,1932
c025d2,CJT917,CYEG,YEG,Edmonton,CYYC,YYC,Calgary,1757030405,1757032267,2025-09-05T00:00:05+00:00,2025-09-05T00:31:07+00:00,2025-09-05,2025-09-05,1862
c0440e,ACA422,CYYZ,YYZ,Toronto,CYUL,YUL,Montreal,1757110591,1757113192,2025-09-05T22:16:31+00:00,2025-09-05T22:59:52+00:00,2025-09-05,2025-09-05,2601
c051d1,TSC551,CYYZ,YYZ,Toronto,CYUL,YUL,Montreal,1757109531,1757112908,2025-09-05T21:58:51+00:00,2025-09-05T22:55:08+00:00,2025-09-05,2025-09-05,3377
c06a39,ACA894,CYYZ,YYZ,Toronto,CYUL,YUL,Montreal,1757106391,1757110663,2025-09-05T21:06:31+00:00,2025-09-05T22:17:43+00:00,2025-09-05,2025-09-05,4272
c060c1,POE125,CYYZ,YYZ,Toronto,CYUL,YUL,Montreal,1757105075,1757108764,2025-09-05T20:44:35+00:00,2025-09-05T21:46:04+00:00,2025-09-05,2025-09-05,3689
c07973,ACA488,CYYZ,YYZ,Toronto,CYUL,YUL,Montreal,1757104713,1757108064,2025-09-05T20:38:33+00:00,2025-09-05T21:34:24+00:00,2025-09-05,2025-09-05,3351
c06a7b,TSC451,CYYZ,YYZ,Toronto,CYUL,YUL,Montreal,1757103069,1757106400,2025-09-05T20:11:09+00:00,2025-09-05T21:06:40+00:00,2025-09-05,2025-09-05,3331
c06e87,ACA418,CYYZ,YYZ,Toronto,CYUL,YUL,Montreal,1757102132,1757105966,2025-09-05T19:55:32+00:00,2025-09-05T20:59:26+00:00,2025-09-05,2025-09-05,3834
c00a0b,ACA416,CYYZ,YYZ,Toronto,CYUL,YUL,Montreal,1757100244,1757103383,2025-09-05T19:24:04+00:00,2025-09-05T20:16:23+00:00,2025-09-05,2025-09-05,3139
c0534e,FLE627,CYYZ,YYZ,Toronto,CYYC,YYC,Calgary,1757098839,1757112473,2025-09-05T19:00:39+00:00,2025-09-05T22:47:53+00:00,2025-09-05,2025-09-05,13634
c05054,ACA171,CYYZ,YYZ,Toronto,CYEG,YEG,Edmonton,1757098715,1757112613,2025-09-05T18:58:35+00:00,2025-09-05T22:50:13+00:00,2025-09-05,2025-09-05,13898
c01e28,ACA145,CYYZ,YYZ,Toronto,CYYC,YYC,Calgary,1757098593,1757112826,2025-09-05T18:56:33+00:00,2025-09-05T22:53:46+00:00,2025-09-05,2025-09-05,14233
c06810,CGNKP,CYYZ,YYZ,Toronto,CYYC,YYC,Calgary,1757097022,1757110222,2025-09-05T18:30:22+00:00,2025-09-05T22:10:22+00:00,2025-09-05,2025-09-05,13200
c060bb,POE357,CYYZ,YYZ,Toronto,CYYC,YYC,Calgary,1757095442,1757109857,2025-09-05T18:04:02+00:00,2025-09-05T22:04:17+00:00,2025-09-05,2025-09-05,14415
c080a6,WJA715,CYYZ,YYZ,Toronto,CYVR,YVR,Vancouver,1757095350,1757111266,2025-09-05T18:02:30+00:00,2025-09-05T22:27:46+00:00,2025-09-05,2025-09-05,15916
c0248c,ACA414,CYYZ,YYZ,Toronto,CYUL,YUL,Montreal,1757095209,1757098792,2025-09-05T18:00:09+00:00,2025-09-05T18:59:52+00:00,2025-09-05,2025-09-05,3583
c066b6,WJA661,CYYZ,YYZ,Toronto,CYYC,YYC,Calgary,1757093609,1757107598,2025-09-05T17:33:29+00:00,2025-09-05T21:26:38+00:00,2025-09-05,2025-09-05,13989
c010cb,ACA143,CYYZ,YYZ,Toronto,CYYC,YYC,Calgary,1757093520,1757106633,2025-09-05T17:32:00+00:00,2025-09-05T21:10:33+00:00,2025-09-05,2025-09-05,13113
c060bd,POE405,CYYZ,YYZ,Toronto,CYEG,YEG,Edmonton,1757093461,1757107439,2025-09-05T17:31:01+00:00,2025-09-05T21:23:59+00:00,2025-09-05,2025-09-05,13978
c06175,POE307,CYYZ,YYZ,Toronto,CYVR,YVR,Vancouver,1757093134,1757109621,2025-09-05T17:25:34+00:00,2025-09-05T22:00:21+00:00,2025-09-05,2025-09-05,16487
c05eac,ACA113,CYYZ,YYZ,Toronto,CYVR,YVR,Vancouver,1757092862,1757109152,2025-09-05T17:21:02+00:00,2025-09-05T21:52:32+00:00,2025-09-05,2025-09-05,16290
c06751,WJA425,CYYZ,YYZ,Toronto,CYEG,YEG,Edmonton,1757089104,1757102597,2025-09-05T16:18:24+00:00,2025-09-05T20:03:17+00:00,2025-09-05,2025-09-05,13493
c0506b,ACA111,CYYZ,YYZ,Toronto,CYVR,YVR,Vancouver,1757088485,1757104936,2025-09-05T16:08:05+00:00,2025-09-05T20:42:16+00:00,2025-09-05,2025-09-05,16451
c06403,WJA711,CYYZ,YYZ,Toronto,CYVR,YVR,Vancouver,1757088368,1757104514,2025-09-05T16:06:08+00:00,2025-09-05T20:35:14+00:00,2025-09-05,2025-09-05,16146
c030fd,ACA141,CYYZ,YYZ,Toronto,CYYC,YYC,Calgary,1757088312,1757101520,2025-09-05T16:05:12+00:00,2025-09-05T19:45:20+00:00,2025-09-05,2025-09-05,13208
c05ed8,ACA410,CYYZ,YYZ,Toronto,CYUL,YUL,Montreal,1757088097,1757091327,2025-09-05T16:01:37+00:00,2025-09-05T16:55:27+00:00,2025-09-05,2025-09-05,3230
c05ea6,ACA109,CYYZ,YYZ,Toronto,CYVR,YVR,Vancouver,1757087371,1757103351,2025-09-05T15:49:31+00:00,2025-09-05T20:15:51+00:00,2025-09-05,2025-09-05,15980
740821,RJA272,CYYZ,YYZ,Toronto,CYUL,YUL,Montreal,1757086622,1757089909,2025-09-05T15:37:02+00:00,2025-09-05T16:31:49+00:00,2025-09-05,2025-09-05,3287
c06e87,ACA408,CYYZ,YYZ,Toronto,CYUL,YUL,Montreal,1757085830,1757089375,2025-09-05T15:23:50+00:00,2025-09-05T16:22:55+00:00,2025-09-05,2025-09-05,3545
c05007,ACA117,CYYZ,YYZ,Toronto,CYVR,YVR,Vancouver,1757085782,1757101856,2025-09-05T15:23:02+00:00,2025-09-05T19:50:56+00:00,2025-09-05,2025-09-05,16074
c088fb,WJA657,CYYZ,YYZ,Toronto,CYYC,YYC,Calgary,1757084805,1757098012,2025-09-05T15:06:45+00:00,2025-09-05T18:46:52+00:00,2025-09-05,2025-09-05,13207
c01d72,FLE637,CYYZ,YYZ,Toronto,CYEG,YEG,Edmonton,1757084792,1757097712,2025-09-05T15:06:32+00:00,2025-09-05T18:41:52+00:00,2025-09-05,2025-09-05,12920
c07966,ACA167,CYYZ,YYZ,Toronto,CYEG,YEG,Edmonton,1757084441,1757098046,2025-09-05T15:00:41+00:00,2025-09-05T18:47:26+00:00,2025-09-05,2025-09-05,13605
c08537,ACA137,CYYZ,YYZ,Toronto,CYYC,YYC,Calgary,1757083262,1757096655,2025-09-05T14:41:02+00:00,2025-09-05T18:24:15+00:00,2025-09-05,2025-09-05,13393
c08866,POE305,CYYZ,YYZ,Toronto,CYVR,YVR,Vancouver,1757082810,1757099035,2025-09-05T14:33:30+00:00,2025-09-05T19:03:55+00:00,2025-09-05,2025-09-05,16225
c01d2d,FLE625,CYYZ,YYZ,Toronto,CYYC,YYC,Calgary,1757082259,1757095564,2025-09-05T14:24:19+00:00,2025-09-05T18:06:04+00:00,2025-09-05,2025-09-05,13305
c069d8,WJA655,CYYZ,YYZ,Toronto,CYYC,YYC,Calgary,1757081315,1757094466,2025-09-05T14:08:35+00:00,2025-09-05T17:47:46+00:00,2025-09-05,2025-09-05,13151
c0153b,WJA707,CYYZ,YYZ,Toronto,CYVR,YVR,Vancouver,1757081111,1757096898,2025-09-05T14:05:11+00:00,2025-09-05T18:28:18+00:00,2025-09-05,2025-09-05,15787
c04693,ASP554,CYYZ,YYZ,Toronto,CYYC,YYC,Calgary,1757080313,1757096539,2025-09-05T13:51:53+00:00,2025-09-05T18:22:19+00:00,2025-09-05,2025-09-05,16226
c05eb7,ACA135,CYYZ,YYZ,Toronto,CYYC,YYC,Calgary,1757078649,1757092120,2025-09-05T13:24:09+00:00,2025-09-05T17:08:40+00:00,2025-09-05,2025-09-05,13471
c060be,POE403,CYYZ,YYZ,Toronto,CYEG,YEG,Edmonton,1757078496,1757091909,2025-09-05T13:21:36+00:00,2025-09-05T17:05:09+00:00,2025-09-05,2025-09-05,13413
c060c6,POE353,CYYZ,YYZ,Toronto,CYYC,YYC,Calgary,1757078386,1757092281,2025-09-05T13:19:46+00:00,2025-09-05T17:11:21+00:00,2025-09-05,2025-09-05,13895
c02ee9,ACA107,CYYZ,YYZ,Toronto,CYVR,YVR,Vancouver,1757078104,1757093081,2025-09-05T13:15:04+00:00,2025-09-05T17:24:41+00:00,2025-09-05,2025-09-05,14977
c05858,ACA7078,CYYZ,YYZ,Toronto,CYUL,YUL,Montreal,1757077927,1757081407,2025-09-05T13:12:07+00:00,2025-09-05T14:10:07+00:00,2025-09-05,2025-09-05,3480
c06be3,WJA421,CYYZ,YYZ,Toronto,CYEG,YEG,Edmonton,1757077665,1757091178,2025-09-05T13:07:45+00:00,2025-09-05T16:52:58+00:00,2025-09-05,2025-09-05,13513
c0248c,ACA404,CYYZ,YYZ,Toronto,CYUL,YUL,Montreal,1757077650,1757081108,2025-09-05T13:07:30+00:00,2025-09-05T14:05:08+00:00,2025-09-05,2025-09-05,3458
c035f8,WJA651,CYYZ,YYZ,Toronto,CYYC,YYC,Calgary,1757077630,1757091179,2025-09-05T13:07:10+00:00,2025-09-05T16:52:59+00:00,2025-09-05,2025-09-05,13549
c010f6,ACA165,CYYZ,YYZ,Toronto,CYEG,YEG,Edmonton,1757075911,1757089338,2025-09-05T12:38:31+00:00,2025-09-05T16:22:18+00:00,2025-09-05,2025-09-05,13427
c05bcb,ACA105,CYYZ,YYZ,Toronto,CYVR,YVR,Vancouver,1757075822,1757091868,2025-09-05T12:37:02+00:00,2025-09-05T17:04:28+00:00,2025-09-05,2025-09-05,16046
c0618c,POE303,CYYZ,YYZ,Toronto,CYVR,YVR,Vancouver,1757075043,1757091298,2025-09-05T12:24:03+00:00,2025-09-05T16:54:58+00:00,2025-09-05,2025-09-05,16255
c019eb,WJA703,CYYZ,YYZ,Toronto,CYVR,YVR,Vancouver,1757074353,1757090349,2025-09-05T12:12:33+00:00,2025-09-05T16:39:09+00:00,2025-09-05,2025-09-05,15996
c01cae,WJA649,CYYZ,YYZ,Toronto,CYYC,YYC,Calgary,1757074226,1757087382,2025-09-05T12:10:26+00:00,2025-09-05T15:49:42+00:00,2025-09-05,2025-09-05,13156
c07b05,ACA402,CYYZ,YYZ,Toronto,CYUL,YUL,Montreal,1757073840,1757077097,2025-09-05T12:04:00+00:00,2025-09-05T12:58:17+00:00,2025-09-05,2025-09-05,3257
c01e11,FLE601,CYYZ,YYZ,Toronto,CYVR,YVR,Vancouver,1757073544,1757089973,2025-09-05T11:59:04+00:00,2025-09-05T16:32:53+00:00,2025-09-05,2025-09-05,16429
c02cf1,ACA189,CYYZ,YYZ,Toronto,CYVR,YVR,Vancouver,1757073420,1757089106,2025-09-05T11:57:00+00:00,2025-09-05T16:18:26+00:00,2025-09-05,2025-09-05,15686
c0884e,POE111,CYYZ,YYZ,Toronto,CYUL,YUL,Montreal,1757072584,1757075722,2025-09-05T11:43:04+00:00,2025-09-05T12:35:22+00:00,2025-09-05,2025-09-05,3138
c01ebb,FLE639,CYYZ,YYZ,Toronto,CYEG,YEG,Edmonton,1757071640,1757084578,2025-09-05T11:27:20+00:00,2025-09-05T15:02:58+00:00,2025-09-05,2025-09-05,12938
c05eb1,ACA133,CYYZ,YYZ,Toronto,CYYC,YYC,Calgary,1757071026,1757084357,2025-09-05T11:17:06+00:00,2025-09-05T14:59:17+00:00,2025-09-05,2025-09-05,13331
c010ec,ACA101,CYYZ,YYZ,Toronto,CYVR,YVR,Vancouver,1757070875,1757087058,2025-09-05T11:14:35+00:00,2025-09-05T15:44:18+00:00,2025-09-05,2025-09-05,16183
c030fd,ACA400,CYYZ,YYZ,Toronto,CYUL,YUL,Montreal,1757070306,1757073508,2025-09-05T11:05:06+00:00,2025-09-05T11:58:28+00:00,2025-09-05,2025-09-05,3202
c0121e,WJA419,CYYZ,YYZ,Toronto,CYEG,YEG,Edmonton,1757069526,1757082928,2025-09-05T10:52:06+00:00,2025-09-05T14:35:28+00:00,2025-09-05,2025-09-05,13402
c04cf4,WJA653,CYYZ,YYZ,Toronto,CYYC,YYC,Calgary,1757068593,1757082486,2025-09-05T10:36:33+00:00,2025-09-05T14:28:06+00:00,2025-09-05,2025-09-05,13893
c07f01,WJA701,CYYZ,YYZ,Toronto,CYVR,YVR,Vancouver,1757068059,1757084984,2025-09-05T10:27:39+00:00,2025-09-05T15:09:44+00:00,2025-09-05,2025-09-05,16925
c00dea,ACA161,CYYZ,YYZ,Toronto,CYEG,YEG,Edmonton,1757067465,1757081668,2025-09-05T10:17:45+00:00,2025-09-05T14:14:28+00:00,2025-09-05,2025-09-05,14203
c010ea,ACA181,CYYZ,YYZ,Toronto,CYVR,YVR,Vancouver,1757067453,1757084129,2025-09-05T10:17:33+00:00,2025-09-05T14:55:29+00:00,2025-09-05,2025-09-05,16676
c02028,MAL7051,CYYZ,YYZ,Toronto,CYYC,YYC,Calgary,1757049112,1757062409,2025-09-05T05:11:52+00:00,2025-09-05T08:53:29+00:00,2025-09-05,2025-09-05,13297
c052e0,JZA7774,CYYZ,YYZ,Toronto,CYUL,YUL,Montreal,1757047262,1757050649,2025-09-05T04:41:02+00:00,2025-09-05T05:37:29+00:00,2025-09-05,2025-09-05,3387
c030eb,ACA159,CYYZ,YYZ,Toronto,CYYC,YYC,Calgary,1757045291,1757058786,2025-09-05T04:08:11+00:00,2025-09-05T07:53:06+00:00,2025-09-05,2025-09-05,13495
c07b09,ACA432,CYYZ,YYZ,Toronto,CYUL,YUL,Montreal,1757042979,1757046418,2025-09-05T03:29:39+00:00,2025-09-05T04:26:58+00:00,2025-09-05,2025-09-05,3439
c060c1,POE135,CYYZ,YYZ,Toronto,CYUL,YUL,Montreal,1757041864,1757045726,2025-09-05T03:11:04+00:00,2025-09-05T04:15:26+00:00,2025-09-05,2025-09-05,3862
c05416,WJA598,CYYZ,YYZ,Toronto,CYUL,YUL,Montreal,1757041307,1757045129,2025-09-05T03:01:47+00:00,2025-09-05T04:05:29+00:00,2025-09-05,2025-09-05,3822
c02655,WJA731,CYYZ,YYZ,Toronto,CYVR,YVR,Vancouver,1757039611,1757056334,2025-09-05T02:33:31+00:00,2025-09-05T07:12:14+00:00,2025-09-05,2025-09-05,16723
c0637c,WJA679,CYYZ,YYZ,Toronto,CYYC,YYC,Calgary,1757039440,1757052799,2025-09-05T02:30:40+00:00,2025-09-05T06:13:19+00:00,2025-09-05,2025-09-05,13359
c01d2d,FLE603,CYYZ,YYZ,Toronto,CYVR,YVR,Vancouver,1757038384,1757055466,2025-09-05T02:13:04+00:00,2025-09-05T06:57:46+00:00,2025-09-05,2025-09-05,17082
c0653d,ACA185,CYYZ,YYZ,Toronto,CYVR,YVR,Vancouver,1757038174,1757054876,2025-09-05T02:09:34+00:00,2025-09-05T06:47:56+00:00,2025-09-05,2025-09-05,16702
c00e55,FLE629,CYYZ,YYZ,Toronto,CYYC,YYC,Calgary,1757037457,1757051109,2025-09-05T01:57:37+00:00,2025-09-05T05:45:09+00:00,2025-09-05,2025-09-05,13652
c060c3,POE313,CYYZ,YYZ,Toronto,CYVR,YVR,Vancouver,1757037038,1757053797,2025-09-05T01:50:38+00:00,2025-09-05T06:29:57+00:00,2025-09-05,2025-09-05,16759
c00821,ACA157,CYYZ,YYZ,Toronto,CYYC,YYC,Calgary,1757035941,1757049418,2025-09-05T01:32:21+00:00,2025-09-05T05:16:58+00:00,2025-09-05,2025-09-05,13477
c05bcb,ACA129,CYYZ,YYZ,Toronto,CYVR,YVR,Vancouver,1757035135,1757051375,2025-09-05T01:18:55+00:00,2025-09-05T05:49:35+00:00,2025-09-05,2025-09-05,16240
c0405a,ROU7096,CYYZ,YYZ,Toronto,CYUL,YUL,Montreal,1757033442,1757037263,2025-09-05T00:50:42+00:00,2025-09-05T01:54:23+00:00,2025-09-05,2025-09-05,3821
c07e32,ACA426,CYYZ,YYZ,Toronto,CYUL,YUL,Montreal,1757032043,1757035407,2025-09-05T00:27:23+00:00,2025-09-05T01:23:27+00:00,2025-09-05,2025-09-05,3364
c00b71,JZA7123,CYYZ,YYZ,Toronto,CYUL,YUL,Montreal,1757031159,1757034329,2025-09-05T00:12:39+00:00,2025-09-05T01:05:29+00:00,2025-09-05,2025-09-05,3170
c08863,POE129,CYYZ,YYZ,Toronto,CYUL,YUL,Montreal,1757030769,1757034558,2025-09-05T00:06:09+00:00,2025-09-05T01:09:18+00:00,2025-09-05,2025-09-05,3789
c03b15,WJA675,CYYZ,YYZ,Toronto,CYYC,YYC,Calgary,1757030622,1757044527,2025-09-05T00:03:42+00:00,2025-09-05T03:55:27+00:00,2025-09-05,2025-09-05,13905
c010f6,ACA127,CYYZ,YYZ,Toronto,CYVR,YVR,Vancouver,1757030531,1757046256,2025-09-05T00:02:11+00:00,2025-09-05T04:24:16+00:00,2025-09-05,2025-09-05,15725
a2576b,N25ZG,CYYZ,YYZ,Toronto,CYUL,YUL,Montreal,1757030404,1757033638,2025-09-05T00:00:04+00:00,2025-09-05T00:53:58+00:00,2025-09-05,2025-09-05,3234
c00a0b,ACA421,CYUL,YUL,Montreal,CYYZ,YYZ,Toronto,1757108844,1757112627,2025-09-05T21:47:24+00:00,2025-09-05T22:50:27+00:00,2025-09-05,2025-09-05,3783
c060c0,POE124,CYUL,YUL,Montreal,CYYZ,YYZ,Toronto,1757108310,1757112002,2025-09-05T21:38:30+00:00,2025-09-05T22:40:02+00:00,2025-09-05,2025-09-05,3692
c07996,TSC765,CYUL,YUL,Montreal,CYYZ,YYZ,Toronto,1757107811,1757112055,2025-09-05T21:30:11+00:00,2025-09-05T22:40:55+00:00,2025-09-05,2025-09-05,4244
c078b2,TSC450,CYUL,YUL,Montreal,CYYZ,YYZ,Toronto,1757105130,1757109458,2025-09-05T20:45:30+00:00,2025-09-05T21:57:38+00:00,2025-09-05,2025-09-05,4328
c0583f,ACA9XC,CYUL,YUL,Montreal,CYYZ,YYZ,Toronto,1757104530,1757109210,2025-09-05T20:35:30+00:00,2025-09-05T21:53:30+00:00,2025-09-05,2025-09-05,4680
c0248c,ACA489,CYUL,YUL,Montreal,CYYZ,YYZ,Toronto,1757103134,1757107304,2025-09-05T20:12:14+00:00,2025-09-05T21:21:44+00:00,2025-09-05,2025-09-05,4170
c06120,ACA7072,CYUL,YUL,Montreal,CYYZ,YYZ,Toronto,1757102941,1757107155,2025-09-05T20:09:01+00:00,2025-09-05T21:19:15+00:00,2025-09-05,2025-09-05,4214
c066f0,ACA487,CYUL,YUL,Montreal,CYYZ,YYZ,Toronto,1757101176,1757104974,2025-09-05T19:39:36+00:00,2025-09-05T20:42:54+00:00,2025-09-05,2025-09-05,3798
c08852,POE120,CYUL,YUL,Montreal,CYYZ,YYZ,Toronto,1757100150,1757104706,2025-09-05T19:22:30+00:00,2025-09-05T20:38:26+00:00,2025-09-05,2025-09-05,4556
c044bb,ASP567,CYUL,YUL,Montreal,CYYZ,YYZ,Toronto,1757097353,1757101947,2025-09-05T18:35:53+00:00,2025-09-05T19:52:27+00:00,2025-09-05,2025-09-05,4594
c05ed8,ACA415,CYUL,YUL,Montreal,CYYZ,YYZ,Toronto,1757096294,1757100234,2025-09-05T18:18:14+00:00,2025-09-05T19:23:54+00:00,2025-09-05,2025-09-05,3940
c00b35,ACA323,CYUL,YUL,Montreal,CYYC,YYC,Calgary,1757094909,1757108079,2025-09-05T17:55:09+00:00,2025-09-05T21:34:39+00:00,2025-09-05,2025-09-05,13170
c06e87,ACA413,CYUL,YUL,Montreal,CYYZ,YYZ,Toronto,1757094395,1757098276,2025-09-05T17:46:35+00:00,2025-09-05T18:51:16+00:00,2025-09-05,2025-09-05,3881
c030eb,ACA335,CYUL,YUL,Montreal,CYEG,YEG,Edmonton,1757094062,1757108272,2025-09-05T17:41:02+00:00,2025-09-05T21:37:52+00:00,2025-09-05,2025-09-05,14210
c07b0a,ACA305,CYUL,YUL,Montreal,CYVR,YVR,Vancouver,1757093431,1757110676,2025-09-05T17:30:31+00:00,2025-09-05T22:17:56+00:00,2025-09-05,2025-09-05,17245
c03003,ACA411,CYUL,YUL,Montreal,CYYZ,YYZ,Toronto,1757091525,1757095243,2025-09-05T16:58:45+00:00,2025-09-05T18:00:43+00:00,2025-09-05,2025-09-05,3718
c0248c,ACA409,CYUL,YUL,Montreal,CYYZ,YYZ,Toronto,1757085681,1757089525,2025-09-05T15:21:21+00:00,2025-09-05T16:25:25+00:00,2025-09-05,2025-09-05,3844
c069f0,CGODB,CYUL,YUL,Montreal,CYYZ,YYZ,Toronto,1757082858,1757086192,2025-09-05T14:34:18+00:00,2025-09-05T15:29:52+00:00,2025-09-05,2025-09-05,3334
c07b05,ACA407,CYUL,YUL,Montreal,CYYZ,YYZ,Toronto,1757082019,1757085647,2025-09-05T14:20:19+00:00,2025-09-05T15:20:47+00:00,2025-09-05,2025-09-05,3628
c0884e,POE112,CYUL,YUL,Montreal,CYYZ,YYZ,Toronto,1757081553,1757085052,2025-09-05T14:12:33+00:00,2025-09-05T15:10:52+00:00,2025-09-05,2025-09-05,3499
c030fd,ACA405,CYUL,YUL,Montreal,CYYZ,YYZ,Toronto,1757078474,1757081997,2025-09-05T13:21:14+00:00,2025-09-05T14:19:57+00:00,2025-09-05,2025-09-05,3523
c06e87,ACA403,CYUL,YUL,Montreal,CYYZ,YYZ,Toronto,1757077992,1757081259,2025-09-05T13:13:12+00:00,2025-09-05T14:07:39+00:00,2025-09-05,2025-09-05,3267
c02fb8,ACA303,CYUL,YUL,Montreal,CYVR,YVR,Vancouver,1757075894,1757091726,2025-09-05T12:38:14+00:00,2025-09-05T17:02:06+00:00,2025-09-05,2025-09-05,15832
c02ae3,WJA589,CYUL,YUL,Montreal,CYVR,YVR,Vancouver,1757075793,1757092730,2025-09-05T12:36:33+00:00,2025-09-05T17:18:50+00:00,2025-09-05,2025-09-05,16937
c030bb,ACA321,CYUL,YUL,Montreal,CYYC,YYC,Calgary,1757075038,1757089168,2025-09-05T12:23:58+00:00,2025-09-05T16:19:28+00:00,2025-09-05,2025-09-05,14130
740821,RJA271,CYUL,YUL,Montreal,CYYZ,YYZ,Toronto,1757074644,1757077940,2025-09-05T12:17:24+00:00,2025-09-05T13:12:20+00:00,2025-09-05,2025-09-05,3296
c06539,ACA331,CYUL,YUL,Montreal,CYEG,YEG,Edmonton,1757074535,1757088627,2025-09-05T12:15:35+00:00,2025-09-05T16:10:27+00:00,2025-09-05,2025-09-05,14092
c008b7,ACA301,CYUL,YUL,Montreal,CYVR,YVR,Vancouver,1757072748,1757089284,2025-09-05T11:45:48+00:00,2025-09-05T16:21:24+00:00,2025-09-05,2025-09-05,16536
c0517e,WJA215,CYUL,YUL,Montreal,CYYC,YYC,Calgary,1757071144,1757085248,2025-09-05T11:19:04+00:00,2025-09-05T15:14:08+00:00,2025-09-05,2025-09-05,14104
c08863,POE373,CYUL,YUL,Montreal,CYVR,YVR,Vancouver,1757070730,1757088325,2025-09-05T11:12:10+00:00,2025-09-05T16:05:25+00:00,2025-09-05,2025-09-05,17595
c07b09,ACA401,CYUL,YUL,Montreal,CYYZ,YYZ,Toronto,1757070620,1757074220,2025-09-05T11:10:20+00:00,2025-09-05T12:10:20+00:00,2025-09-05,2025-09-05,3600
c060c1,POE102,CYUL,YUL,Montreal,CYYZ,YYZ,Toronto,1757070099,1757073401,2025-09-05T11:01:39+00:00,2025-09-05T11:56:41+00:00,2025-09-05,2025-09-05,3302
c03487,WJA579,CYUL,YUL,Montreal,CYYZ,YYZ,Toronto,1757070029,1757073346,2025-09-05T11:00:29+00:00,2025-09-05T11:55:46+00:00,2025-09-05,2025-09-05,3317
c07e32,ACA481,CYUL,YUL,Montreal,CYYZ,YYZ,Toronto,1757067065,1757070593,2025-09-05T10:11:05+00:00,2025-09-05T11:09:53+00:00,2025-09-05,2025-09-05,3528
c052e0,JZA7773,CYUL,YUL,Montreal,CYYZ,YYZ,Toronto,1757063538,1757067349,2025-09-05T09:12:18+00:00,2025-09-05T10:15:49+00:00,2025-09-05,2025-09-05,3811
c06e87,ACA2127,CYUL,YUL,Montreal,CYYC,YYC,Calgary,1757039543,1757054150,2025-09-05T02:32:23+00:00,2025-09-05T06:35:50+00:00,2025-09-05,2025-09-05,14607
c05054,ACA313,CYUL,YUL,Montreal,CYVR,YVR,Vancouver,1757038624,1757055816,2025-09-05T02:17:04+00:00,2025-09-05T07:03:36+00:00,2025-09-05,2025-09-05,17192
c05ee1,ACA429,CYUL,YUL,Montreal,CYYZ,YYZ,Toronto,1757038082,1757041574,2025-09-05T02:08:02+00:00,2025-09-05T03:06:14+00:00,2025-09-05,2025-09-05,3492
c043b7,ACA427,CYUL,YUL,Montreal,CYYZ,YYZ,Toronto,1757037710,1757041163,2025-09-05T02:01:50+00:00,2025-09-05T02:59:23+00:00,2025-09-05,2025-09-05,3453
c0618c,POE130,CYUL,YUL,Montreal,CYYZ,YYZ,Toronto,1757033746,1757037132,2025-09-05T00:55:46+00:00,2025-09-05T01:52:12+00:00,2025-09-05,2025-09-05,3386
c07721,TSC640,CYUL,YUL,Montreal,CYYZ,YYZ,Toronto,1757032297,1757035549,2025-09-05T00:31:37+00:00,2025-09-05T01:25:49+00:00,2025-09-05,2025-09-05,3252
c0617d,POE389,CYUL,YUL,Montreal,CYYC,YYC,Calgary,1757031580,1757046247,2025-09-05T00:19:40+00:00,2025-09-05T04:24:07+00:00,2025-09-05,2025-09-05,14667
c06174,POE375,CYUL,YUL,Montreal,CYVR,YVR,Vancouver,1757030668,1757048184,2025-09-05T00:04:28+00:00,2025-09-05T04:56:24+00:00,2025-09-05,2025-09-05,17516
c021f6,WJA114,CYVR,YVR,Vancouver,CYYC,YYC,Calgary,1757193132,1757197071,2025-09-06T21:12:12+00:00,2025-09-06T22:17:51+00:00,2025-09-06,2025-09-06,3939
c05086,ACA216,CYVR,YVR,Vancouver,CYYC,YYC,Calgary,1757189413,1757193049,2025-09-06T20:10:13+00:00,2025-09-06T21:10:49+00:00,2025-09-06,2025-09-06,3636
c03af2,WJA112,CYVR,YVR,Vancouver,CYYC,YYC,Calgary,1757188020,1757191769,2025-09-06T19:47:00+00:00,2025-09-06T20:49:29+00:00,2025-09-06,2025-09-06,3749
c01e11,FLE820,CYVR,YVR,Vancouver,CYEG,YEG,Edmonton,1757187810,1757191909,2025-09-06T19:43:30+00:00,2025-09-06T20:51:49+00:00,2025-09-06,2025-09-06,4099
c01e1f,FLE816,CYVR,YVR,Vancouver,CYYC,YYC,Calgary,1757186702,1757190654,2025-09-06T19:25:02+00:00,2025-09-06T20:30:54+00:00,2025-09-06,2025-09-06,3952
c080e0,WJA166,CYVR,YVR,Vancouver,CYEG,YEG,Edmonton,1757185712,1757189614,2025-09-06T19:08:32+00:00,2025-09-06T20:13:34+00:00,2025-09-06,2025-09-06,3902
c052d3,WJA110,CYVR,YVR,Vancouver,CYYC,YYC,Calgary,1757185343,1757189474,2025-09-06T19:02:23+00:00,2025-09-06T20:11:14+00:00,2025-09-06,2025-09-06,4131
c01cae,WJA710,CYVR,YVR,Vancouver,CYYZ,YYZ,Toronto,1757184676,1757199269,2025-09-06T18:51:16+00:00,2025-09-06T22:54:29+00:00,2025-09-06,2025-09-06,14593
c05bcf,ACA110,CYVR,YVR,Vancouver,CYYZ,YYZ,Toronto,1757184456,1757198872,2025-09-06T18:47:36+00:00,2025-09-06T22:47:52+00:00,2025-09-06,2025-09-06,14416
c007d0,ACA238,CYVR,YVR,Vancouver,CYEG,YEG,Edmonton,1757184337,1757188155,2025-09-06T18:45:37+00:00,2025-09-06T19:49:15+00:00,2025-09-06,2025-09-06,3818
c0669e,WJA108,CYVR,YVR,Vancouver,CYYC,YYC,Calgary,1757183701,1757187558,2025-09-06T18:35:01+00:00,2025-09-06T19:39:18+00:00,2025-09-06,2025-09-06,3857
c0884f,POE374,CYVR,YVR,Vancouver,CYUL,YUL,Montreal,1757183614,1757199592,2025-09-06T18:33:34+00:00,2025-09-06T22:59:52+00:00,2025-09-06,2025-09-06,15978
c01e28,ACA210,CYVR,YVR,Vancouver,CYYC,YYC,Calgary,1757182350,1757186518,2025-09-06T18:12:30+00:00,2025-09-06T19:21:58+00:00,2025-09-06,2025-09-06,4168
c06189,POE304,CYVR,YVR,Vancouver,CYYZ,YYZ,Toronto,1757180342,1757194792,2025-09-06T17:39:02+00:00,2025-09-06T21:39:52+00:00,2025-09-06,2025-09-06,14450
c05ea6,ACA108,CYVR,YVR,Vancouver,CYYZ,YYZ,Toronto,1757179728,1757194525,2025-09-06T17:28:48+00:00,2025-09-06T21:35:25+00:00,2025-09-06,2025-09-06,14797
c085e0,WJA162,CYVR,YVR,Vancouver,CYEG,YEG,Edmonton,1757179432,1757183482,2025-09-06T17:23:52+00:00,2025-09-06T18:31:22+00:00,2025-09-06,2025-09-06,4050
c02f21,WJA1128,CYVR,YVR,Vancouver,CYYZ,YYZ,Toronto,1757177457,1757193050,2025-09-06T16:50:57+00:00,2025-09-06T21:10:50+00:00,2025-09-06,2025-09-06,15593
c06aa4,JZA7776,CYVR,YVR,Vancouver,CYEG,YEG,Edmonton,1757176757,1757180683,2025-09-06T16:39:17+00:00,2025-09-06T17:44:43+00:00,2025-09-06,2025-09-06,3926
c006ec,ACA204,CYVR,YVR,Vancouver,CYYC,YYC,Calgary,1757176413,1757180179,2025-09-06T16:33:33+00:00,2025-09-06T17:36:19+00:00,2025-09-06,2025-09-06,3766
c031c9,WEN3174,CYVR,YVR,Vancouver,CYYC,YYC,Calgary,1757175671,1757189062,2025-09-06T16:21:11+00:00,2025-09-06T20:04:22+00:00,2025-09-06,2025-09-06,13391
c019eb,WJA706,CYVR,YVR,Vancouver,CYYZ,YYZ,Toronto,1757175633,1757190812,2025-09-06T16:20:33+00:00,2025-09-06T20:33:32+00:00,2025-09-06,2025-09-06,15179
c0174d,ACA34,CYVR,YVR,Vancouver,CYYZ,YYZ,Toronto,1757175518,1757189758,2025-09-06T16:18:38+00:00,2025-09-06T20:15:58+00:00,2025-09-06,2025-09-06,14240
c0371f,WJA104,CYVR,YVR,Vancouver,CYYC,YYC,Calgary,1757175180,1757179079,2025-09-06T16:13:00+00:00,2025-09-06T17:17:59+00:00,2025-09-06,2025-09-06,3899
c023bd,ACA304,CYVR,YVR,Vancouver,CYUL,YUL,Montreal,1757174701,1757189948,2025-09-06T16:05:01+00:00,2025-09-06T20:19:08+00:00,2025-09-06,2025-09-06,15247
c050c0,ACA234,CYVR,YVR,Vancouver,CYEG,YEG,Edmonton,1757172515,1757176515,2025-09-06T15:28:35+00:00,2025-09-06T16:35:15+00:00,2025-09-06,2025-09-06,4000
c01ec6,FLE826,CYVR,YVR,Vancouver,CYEG,YEG,Edmonton,1757172365,1757176357,2025-09-06T15:26:05+00:00,2025-09-06T16:32:37+00:00,2025-09-06,2025-09-06,3992
c080a3,WJA164,CYVR,YVR,Vancouver,CYEG,YEG,Edmonton,1757172071,1757176019,2025-09-06T15:21:11+00:00,2025-09-06T16:26:59+00:00,2025-09-06,2025-09-06,3948
c0884e,POE372,CYVR,YVR,Vancouver,CYUL,YUL,Montreal,1757171880,1757188299,2025-09-06T15:18:00+00:00,2025-09-06T19:51:39+00:00,2025-09-06,2025-09-06,16419
c01e11,FLE800,CYVR,YVR,Vancouver,CYYC,YYC,Calgary,1757170239,1757174124,2025-09-06T14:50:39+00:00,2025-09-06T15:55:24+00:00,2025-09-06,2025-09-06,3885
c06081,ACA302,CYVR,YVR,Vancouver,CYUL,YUL,Montreal,1757170026,1757185966,2025-09-06T14:47:06+00:00,2025-09-06T19:12:46+00:00,2025-09-06,2025-09-06,15940
c08859,POE302,CYVR,YVR,Vancouver,CYYZ,YYZ,Toronto,1757169873,1757184655,2025-09-06T14:44:33+00:00,2025-09-06T18:50:55+00:00,2025-09-06,2025-09-06,14782
c05eb7,ACA104,CYVR,YVR,Vancouver,CYYZ,YYZ,Toronto,1757169619,1757183781,2025-09-06T14:40:19+00:00,2025-09-06T18:36:21+00:00,2025-09-06,2025-09-06,14162
c007d8,ACA232,CYVR,YVR,Vancouver,CYEG,YEG,Edmonton,1757169469,1757173217,2025-09-06T14:37:49+00:00,2025-09-06T15:40:17+00:00,2025-09-06,2025-09-06,3748
c05ed9,ACA202,CYVR,YVR,Vancouver,CYYC,YYC,Calgary,1757168113,1757172465,2025-09-06T14:15:13+00:00,2025-09-06T15:27:45+00:00,2025-09-06,2025-09-06,4352
c03af2,WJA102,CYVR,YVR,Vancouver,CYYC,YYC,Calgary,1757167890,1757171853,2025-09-06T14:11:30+00:00,2025-09-06T15:17:33+00:00,2025-09-06,2025-09-06,3963
c01e1f,FLE822,CYVR,YVR,Vancouver,CYEG,YEG,Edmonton,1757167020,1757171039,2025-09-06T13:57:00+00:00,2025-09-06T15:03:59+00:00,2025-09-06,2025-09-06,4019
c07ee8,WJA700,CYVR,YVR,Vancouver,CYYZ,YYZ,Toronto,1757166252,1757180632,2025-09-06T13:44:12+00:00,2025-09-06T17:43:52+00:00,2025-09-06,2025-09-06,14380
c07fb0,WJA100,CYVR,YVR,Vancouver,CYYC,YYC,Calgary,1757164361,1757168375,2025-09-06T13:12:41+00:00,2025-09-06T14:19:35+00:00,2025-09-06,2025-09-06,4014
c064d8,ACA100,CYVR,YVR,Vancouver,CYYZ,YYZ,Toronto,1757164254,1757178975,2025-09-06T13:10:54+00:00,2025-09-06T17:16:15+00:00,2025-09-06,2025-09-06,14721
c07ee6,WJA136,CYVR,YVR,Vancouver,CYYC,YYC,Calgary,1757162210,1757165789,2025-09-06T12:36:50+00:00,2025-09-06T13:36:29+00:00,2025-09-06,2025-09-06,3579
c01e1a,FLE9949,CYVR,YVR,Vancouver,CYYZ,YYZ,Toronto,1757159492,1757174334,2025-09-06T11:51:32+00:00,2025-09-06T15:58:54+00:00,2025-09-06,2025-09-06,14842
c0473b,CJT2389,CYVR,YVR,Vancouver,CYYC,YYC,Calgary,1757144463,1757148077,2025-09-06T07:41:03+00:00,2025-09-06T08:41:17+00:00,2025-09-06,2025-09-06,3614
c05bcb,ACA182,CYVR,YVR,Vancouver,CYYZ,YYZ,Toronto,1757144341,1757159248,2025-09-06T07:39:01+00:00,2025-09-06T11:47:28+00:00,2025-09-06,2025-09-06,14907
c01d2d,FLE602,CYVR,YVR,Vancouver,CYYZ,YYZ,Toronto,1757143120,1757158056,2025-09-06T07:18:40+00:00,2025-09-06T11:27:36+00:00,2025-09-06,2025-09-06,14936
c05bcf,ACA128,CYVR,YVR,Vancouver,CYYZ,YYZ,Toronto,1757141206,1757156789,2025-09-06T06:46:46+00:00,2025-09-06T11:06:29+00:00,2025-09-06,2025-09-06,15583
c0653d,ACA314,CYVR,YVR,Vancouver,CYUL,YUL,Montreal,1757139941,1757155678,2025-09-06T06:25:41+00:00,2025-09-06T10:47:58+00:00,2025-09-06,2025-09-06,15737
c01dcb,FLE600,CYVR,YVR,Vancouver,CYYZ,YYZ,Toronto,1757138194,1757153632,2025-09-06T05:56:34+00:00,2025-09-06T10:13:52+00:00,2025-09-06,2025-09-06,15438
c0737c,WJA724,CYVR,YVR,Vancouver,CYYZ,YYZ,Toronto,1757137952,1757153596,2025-09-06T05:52:32+00:00,2025-09-06T10:13:16+00:00,2025-09-06,2025-09-06,15644
c0502e,ACA126,CYVR,YVR,Vancouver,CYYZ,YYZ,Toronto,1757137304,1757152469,2025-09-06T05:41:44+00:00,2025-09-06T09:54:29+00:00,2025-09-06,2025-09-06,15165
c027d1,ACA7202,CYVR,YVR,Vancouver,CYYZ,YYZ,Toronto,1757136810,1757151357,2025-09-06T05:33:30+00:00,2025-09-06T09:35:57+00:00,2025-09-06,2025-09-06,14547
c04fff,ACA228,CYVR,YVR,Vancouver,CYYC,YYC,Calgary,1757136416,1757140161,2025-09-06T05:26:56+00:00,2025-09-06T06:29:21+00:00,2025-09-06,2025-09-06,3745
c08863,POE318,CYVR,YVR,Vancouver,CYYZ,YYZ,Toronto,1757136322,1757151415,2025-09-06T05:25:22+00:00,2025-09-06T09:36:55+00:00,2025-09-06,2025-09-06,15093
c004e9,WJA132,CYVR,YVR,Vancouver,CYYC,YYC,Calgary,1757136206,1757140026,2025-09-06T05:23:26+00:00,2025-09-06T06:27:06+00:00,2025-09-06,2025-09-06,3820
c07ee0,WJA178,CYVR,YVR,Vancouver,CYEG,YEG,Edmonton,1757132478,1757136479,2025-09-06T04:21:18+00:00,2025-09-06T05:27:59+00:00,2025-09-06,2025-09-06,4001
c0506b,ACA250,CYVR,YVR,Vancouver,CYEG,YEG,Edmonton,1757131999,1757136038,2025-09-06T04:13:19+00:00,2025-09-06T05:20:38+00:00,2025-09-06,2025-09-06,4039
c080a2,WJA128,CYVR,YVR,Vancouver,CYYC,YYC,Calgary,1757129615,1757133755,2025-09-06T03:33:35+00:00,2025-09-06T04:42:35+00:00,2025-09-06,2025-09-06,4140
c06c9c,CJT550,CYVR,YVR,Vancouver,CYYC,YYC,Calgary,1757129052,1757133053,2025-09-06T03:24:12+00:00,2025-09-06T04:30:53+00:00,2025-09-06,2025-09-06,4001
c06081,ACA246,CYVR,YVR,Vancouver,CYEG,YEG,Edmonton,1757128410,1757132459,2025-09-06T03:13:30+00:00,2025-09-06T04:20:59+00:00,2025-09-06,2025-09-06,4049
c02876,CJT554,CYVR,YVR,Vancouver,CYEG,YEG,Edmonton,1757128187,1757132124,2025-09-06T03:09:47+00:00,2025-09-06T04:15:24+00:00,2025-09-06,2025-09-06,3937
c05056,ACA226,CYVR,YVR,Vancouver,CYYC,YYC,Calgary,1757127026,1757130915,2025-09-06T02:50:26+00:00,2025-09-06T03:55:15+00:00,2025-09-06,2025-09-06,3889
c080a6,WJA126,CYVR,YVR,Vancouver,CYYC,YYC,Calgary,1757126417,1757130447,2025-09-06T02:40:17+00:00,2025-09-06T03:47:27+00:00,2025-09-06,2025-09-06,4030
c02067,MAL7063,CYVR,YVR,Vancouver,CYYC,YYC,Calgary,1757123708,1757127523,2025-09-06T01:55:08+00:00,2025-09-06T02:58:43+00:00,2025-09-06,2025-09-06,3815
c056c6,WJA174,CYVR,YVR,Vancouver,CYEG,YEG,Edmonton,1757123159,1757127386,2025-09-06T01:45:59+00:00,2025-09-06T02:56:26+00:00,2025-09-06,2025-09-06,4227
c05186,WEN8985,CYVR,YVR,Vancouver,CYYC,YYC,Calgary,1757122966,1757128125,2025-09-06T01:42:46+00:00,2025-09-06T03:08:45+00:00,2025-09-06,2025-09-06,5159
c0653f,ACA224,CYVR,YVR,Vancouver,CYYC,YYC,Calgary,1757122917,1757126816,2025-09-06T01:41:57+00:00,2025-09-06T02:46:56+00:00,2025-09-06,2025-09-06,3899
c05ebb,WJA124,CYVR,YVR,Vancouver,CYYC,YYC,Calgary,1757122828,1757126684,2025-09-06T01:40:28+00:00,2025-09-06T02:44:44+00:00,2025-09-06,2025-09-06,3856
c05818,JBA392,CYVR,YVR,Vancouver,CYEG,YEG,Edmonton,1757121935,1757125660,2025-09-06T01:25:35+00:00,2025-09-06T02:27:40+00:00,2025-09-06,2025-09-06,3725
c01dcb,FLE804,CYVR,YVR,Vancouver,CYYC,YYC,Calgary,1757121878,1757125858,2025-09-06T01:24:38+00:00,2025-09-06T02:30:58+00:00,2025-09-06,2025-09-06,3980
c055f2,JZA7125,CYVR,YVR,Vancouver,CYYC,YYC,Calgary,1757120205,1757124762,2025-09-06T00:56:45+00:00,2025-09-06T02:12:42+00:00,2025-09-06,2025-09-06,4557
c01e1f,FLE832,CYVR,YVR,Vancouver,CYEG,YEG,Edmonton,1757120165,1757124366,2025-09-06T00:56:05+00:00,2025-09-06T02:06:06+00:00,2025-09-06,2025-09-06,4201
c0192e,ACA124,CYVR,YVR,Vancouver,CYYZ,YYZ,Toronto,1757119916,1757134859,2025-09-06T00:51:56+00:00,2025-09-06T05:00:59+00:00,2025-09-06,2025-09-06,14943
c049fd,WJA122,CYVR,YVR,Vancouver,CYYC,YYC,Calgary,1757119833,1757123870,2025-09-06T00:50:33+00:00,2025-09-06T01:57:50+00:00,2025-09-06,2025-09-06,4037
c05d56,JZA7780,CYVR,YVR,Vancouver,CYEG,YEG,Edmonton,1757117587,1757121789,2025-09-06T00:13:07+00:00,2025-09-06T01:23:09+00:00,2025-09-06,2025-09-06,4202
c03c04,WJA722,CYVR,YVR,Vancouver,CYYZ,YYZ,Toronto,1757117507,1757132352,2025-09-06T00:11:47+00:00,2025-09-06T04:19:12+00:00,2025-09-06,2025-09-06,14845
c00757,ACA222,CYVR,YVR,Vancouver,CYYC,YYC,Calgary,1757116975,1757120913,2025-09-06T00:02:55+00:00,2025-09-06T01:08:33+00:00,2025-09-06,2025-09-06,3938
c07b0a,ACA312,CYVR,YVR,Vancouver,CYUL,YUL,Montreal,1757116888,1757133238,2025-09-06T00:01:28+00:00,2025-09-06T04:33:58+00:00,2025-09-06,2025-09-06,16350
c03c05,WJA203,CYYC,YYC,Calgary,CYEG,YEG,Edmonton,1757196991,1757198904,2025-09-06T22:16:31+00:00,2025-09-06T22:48:24+00:00,2025-09-06,2025-09-06,1913
c07d20,JZA138,CYYC,YYC,Calgary,CYEG,YEG,Edmonton,1757195670,1757197584,2025-09-06T21:54:30+00:00,2025-09-06T22:26:24+00:00,2025-09-06,2025-09-06,1914
c052d3,WJA119,CYYC,YYC,Calgary,CYVR,YVR,Vancouver,1757194547,1757198511,2025-09-06T21:35:47+00:00,2025-09-06T22:41:51+00:00,2025-09-06,2025-09-06,3964
c040e8,WJA253,CYYC,YYC,Calgary,CYEG,YEG,Edmonton,1757191350,1757193238,2025-09-06T20:42:30+00:00,2025-09-06T21:13:58+00:00,2025-09-06,2025-09-06,1888
c01e28,ACA217,CYYC,YYC,Calgary,CYVR,YVR,Vancouver,1757190454,1757194222,2025-09-06T20:27:34+00:00,2025-09-06T21:30:22+00:00,2025-09-06,2025-09-06,3768
c07fb1,WJA117,CYYC,YYC,Calgary,CYVR,YVR,Vancouver,1757189959,1757193925,2025-09-06T20:19:19+00:00,2025-09-06T21:25:25+00:00,2025-09-06,2025-09-06,3966
c063fe,NCB9820,CYYC,YYC,Calgary,CYEG,YEG,Edmonton,1757188312,1757190469,2025-09-06T19:51:52+00:00,2025-09-06T20:27:49+00:00,2025-09-06,2025-09-06,2157
c03c44,WJA115,CYYC,YYC,Calgary,CYVR,YVR,Vancouver,1757186648,1757190749,2025-09-06T19:24:08+00:00,2025-09-06T20:32:29+00:00,2025-09-06,2025-09-06,4101
c07d20,JZA134,CYYC,YYC,Calgary,CYEG,YEG,Edmonton,1757186580,1757188438,2025-09-06T19:23:00+00:00,2025-09-06T19:53:58+00:00,2025-09-06,2025-09-06,1858
c043cb,WJA664,CYYC,YYC,Calgary,CYYZ,YYZ,Toronto,1757186090,1757198050,2025-09-06T19:14:50+00:00,2025-09-06T22:34:10+00:00,2025-09-06,2025-09-06,11960
c006ec,ACA211,CYYC,YYC,Calgary,CYVR,YVR,Vancouver,1757184500,1757188552,2025-09-06T18:48:20+00:00,2025-09-06T19:55:52+00:00,2025-09-06,2025-09-06,4052
c05bcb,ACA146,CYYC,YYC,Calgary,CYYZ,YYZ,Toronto,1757184339,1757196375,2025-09-06T18:45:39+00:00,2025-09-06T22:06:15+00:00,2025-09-06,2025-09-06,12036
c06171,POE356,CYYC,YYC,Calgary,CYYZ,YYZ,Toronto,1757184015,1757196308,2025-09-06T18:40:15+00:00,2025-09-06T22:05:08+00:00,2025-09-06,2025-09-06,12293
c0371f,WJA113,CYYC,YYC,Calgary,CYVR,YVR,Vancouver,1757183211,1757187011,2025-09-06T18:26:51+00:00,2025-09-06T19:30:11+00:00,2025-09-06,2025-09-06,3800
c017d7,ASP822,CYYC,YYC,Calgary,CYYZ,YYZ,Toronto,1757182282,1757194027,2025-09-06T18:11:22+00:00,2025-09-06T21:27:07+00:00,2025-09-06,2025-09-06,11745
c030bb,ACA324,CYYC,YYC,Calgary,CYUL,YUL,Montreal,1757182073,1757195074,2025-09-06T18:07:53+00:00,2025-09-06T21:44:34+00:00,2025-09-06,2025-09-06,13001
c046f7,WJA1622,CYYC,YYC,Calgary,CYYZ,YYZ,Toronto,1757179416,1757192605,2025-09-06T17:23:36+00:00,2025-09-06T21:03:25+00:00,2025-09-06,2025-09-06,13189
c01e11,FLE801,CYYC,YYC,Calgary,CYVR,YVR,Vancouver,1757179163,1757183351,2025-09-06T17:19:23+00:00,2025-09-06T18:29:11+00:00,2025-09-06,2025-09-06,4188
c03af2,WJA111,CYYC,YYC,Calgary,CYVR,YVR,Vancouver,1757178406,1757182464,2025-09-06T17:06:46+00:00,2025-09-06T18:14:24+00:00,2025-09-06,2025-09-06,4058
c07915,WEN3317,CYYC,YYC,Calgary,CYEG,YEG,Edmonton,1757177400,1757179481,2025-09-06T16:50:00+00:00,2025-09-06T17:24:41+00:00,2025-09-06,2025-09-06,2081
c010ea,ACA142,CYYC,YYC,Calgary,CYYZ,YYZ,Toronto,1757177242,1757189278,2025-09-06T16:47:22+00:00,2025-09-06T20:07:58+00:00,2025-09-06,2025-09-06,12036
c05ed9,ACA209,CYYC,YYC,Calgary,CYVR,YVR,Vancouver,1757176839,1757180926,2025-09-06T16:40:39+00:00,2025-09-06T17:48:46+00:00,2025-09-06,2025-09-06,4087
c03b15,WJA212,CYYC,YYC,Calgary,CYUL,YUL,Montreal,1757176660,1757190267,2025-09-06T16:37:40+00:00,2025-09-06T20:24:27+00:00,2025-09-06,2025-09-06,13607
c052d3,WJA109,CYYC,YYC,Calgary,CYVR,YVR,Vancouver,1757176051,1757180037,2025-09-06T16:27:31+00:00,2025-09-06T17:33:57+00:00,2025-09-06,2025-09-06,3986
c07ee4,WJA1680,CYYC,YYC,Calgary,CYYZ,YYZ,Toronto,1757175214,1757190093,2025-09-06T16:13:34+00:00,2025-09-06T20:21:33+00:00,2025-09-06,2025-09-06,14879
c050a0,WEN3173,CYYC,YYC,Calgary,CYVR,YVR,Vancouver,1757175014,1757186368,2025-09-06T16:10:14+00:00,2025-09-06T19:19:28+00:00,2025-09-06,2025-09-06,11354
c0669e,WJA107,CYYC,YYC,Calgary,CYVR,YVR,Vancouver,1757172180,1757176159,2025-09-06T15:23:00+00:00,2025-09-06T16:29:19+00:00,2025-09-06,2025-09-06,3979
c0670f,ASP642,CYYC,YYC,Calgary,CYVR,YVR,Vancouver,1757170741,1757175238,2025-09-06T14:59:01+00:00,2025-09-06T16:13:58+00:00,2025-09-06,2025-09-06,4497
c0653f,ACA205,CYYC,YYC,Calgary,CYVR,YVR,Vancouver,1757169530,1757173379,2025-09-06T14:38:50+00:00,2025-09-06T15:42:59+00:00,2025-09-06,2025-09-06,3849
c05403,WJA654,CYYC,YYC,Calgary,CYYZ,YYZ,Toronto,1757168234,1757180235,2025-09-06T14:17:14+00:00,2025-09-06T17:37:15+00:00,2025-09-06,2025-09-06,12001
c010f6,ACA136,CYYC,YYC,Calgary,CYYZ,YYZ,Toronto,1757167533,1757179469,2025-09-06T14:05:33+00:00,2025-09-06T17:24:29+00:00,2025-09-06,2025-09-06,11936
c05bd2,ACA584,CYYC,YYC,Calgary,CYYZ,YYZ,Toronto,1757165860,1757183387,2025-09-06T13:37:40+00:00,2025-09-06T18:29:47+00:00,2025-09-06,2025-09-06,17527
c01a05,WEN3395,CYYC,YYC,Calgary,CYEG,YEG,Edmonton,1757164815,1757166927,2025-09-06T13:20:15+00:00,2025-09-06T13:55:27+00:00,2025-09-06,2025-09-06,2112
c060ca,POE352,CYYC,YYC,Calgary,CYYZ,YYZ,Toronto,1757164592,1757176288,2025-09-06T13:16:32+00:00,2025-09-06T16:31:28+00:00,2025-09-06,2025-09-06,11696
c030fd,ACA203,CYYC,YYC,Calgary,CYVR,YVR,Vancouver,1757164457,1757168486,2025-09-06T13:14:17+00:00,2025-09-06T14:21:26+00:00,2025-09-06,2025-09-06,4029
c05eb1,ACA134,CYYC,YYC,Calgary,CYYZ,YYZ,Toronto,1757164365,1757176409,2025-09-06T13:12:45+00:00,2025-09-06T16:33:29+00:00,2025-09-06,2025-09-06,12044
c021f6,WJA103,CYYC,YYC,Calgary,CYVR,YVR,Vancouver,1757164160,1757167988,2025-09-06T13:09:20+00:00,2025-09-06T14:13:08+00:00,2025-09-06,2025-09-06,3828
c008c6,CJT551,CYYC,YYC,Calgary,CYVR,YVR,Vancouver,1757162952,1757166867,2025-09-06T12:49:12+00:00,2025-09-06T13:54:27+00:00,2025-09-06,2025-09-06,3915
c0637c,WJA650,CYYC,YYC,Calgary,CYYZ,YYZ,Toronto,1757161802,1757173826,2025-09-06T12:30:02+00:00,2025-09-06T15:50:26+00:00,2025-09-06,2025-09-06,12024
c04fff,ACA201,CYYC,YYC,Calgary,CYVR,YVR,Vancouver,1757161285,1757165218,2025-09-06T12:21:25+00:00,2025-09-06T13:26:58+00:00,2025-09-06,2025-09-06,3933
c05056,ACA318,CYYC,YYC,Calgary,CYUL,YUL,Montreal,1757160260,1757173337,2025-09-06T12:04:20+00:00,2025-09-06T15:42:17+00:00,2025-09-06,2025-09-06,13077
c08261,CGXJS,CYYC,YYC,Calgary,CYYZ,YYZ,Toronto,1757157635,1757183527,2025-09-06T11:20:35+00:00,2025-09-06T18:32:07+00:00,2025-09-06,2025-09-06,25892
c030ef,ACA316,CYYC,YYC,Calgary,CYUL,YUL,Montreal,1757143929,1757156874,2025-09-06T07:32:09+00:00,2025-09-06T11:07:54+00:00,2025-09-06,2025-09-06,12945
c01cae,WJA646,CYYC,YYC,Calgary,CYYZ,YYZ,Toronto,1757142862,1757155820,2025-09-06T07:14:22+00:00,2025-09-06T10:50:20+00:00,2025-09-06,2025-09-06,12958
c00e55,FLE628,CYYC,YYC,Calgary,CYYZ,YYZ,Toronto,1757142734,1757155018,2025-09-06T07:12:14+00:00,2025-09-06T10:36:58+00:00,2025-09-06,2025-09-06,12284
c06539,ACA156,CYYC,YYC,Calgary,CYYZ,YYZ,Toronto,1757140600,1757152791,2025-09-06T06:36:40+00:00,2025-09-06T09:59:51+00:00,2025-09-06,2025-09-06,12191
c03bfb,WJA652,CYYC,YYC,Calgary,CYYZ,YYZ,Toronto,1757139880,1757152147,2025-09-06T06:24:40+00:00,2025-09-06T09:49:07+00:00,2025-09-06,2025-09-06,12267
c08537,ACA154,CYYC,YYC,Calgary,CYYZ,YYZ,Toronto,1757138402,1757150870,2025-09-06T06:00:02+00:00,2025-09-06T09:27:50+00:00,2025-09-06,2025-09-06,12468
c046f7,WJA237,CYYC,YYC,Calgary,CYEG,YEG,Edmonton,1757138287,1757140093,2025-09-06T05:58:07+00:00,2025-09-06T06:28:13+00:00,2025-09-06,2025-09-06,1806
c07fb0,WJA135,CYYC,YYC,Calgary,CYVR,YVR,Vancouver,1757137419,1757141306,2025-09-06T05:43:39+00:00,2025-09-06T06:48:26+00:00,2025-09-06,2025-09-06,3887
c07ee6,WJA133,CYYC,YYC,Calgary,CYVR,YVR,Vancouver,1757133553,1757137345,2025-09-06T04:39:13+00:00,2025-09-06T05:42:25+00:00,2025-09-06,2025-09-06,3792
c0202b,CFMES,CYYC,YYC,Calgary,CYEG,YEG,Edmonton,1757132169,1757134123,2025-09-06T04:16:09+00:00,2025-09-06T04:48:43+00:00,2025-09-06,2025-09-06,1954
c0473b,CJT2389,CYYC,YYC,Calgary,CYVR,YVR,Vancouver,1757132028,1757135544,2025-09-06T04:13:48+00:00,2025-09-06T05:12:24+00:00,2025-09-06,2025-09-06,3516
c080a3,WJA131,CYYC,YYC,Calgary,CYVR,YVR,Vancouver,1757131002,1757134646,2025-09-06T03:56:42+00:00,2025-09-06T04:57:26+00:00,2025-09-06,2025-09-06,3644
c01dcb,FLE805,CYYC,YYC,Calgary,CYVR,YVR,Vancouver,1757130072,1757133928,2025-09-06T03:41:12+00:00,2025-09-06T04:45:28+00:00,2025-09-06,2025-09-06,3856
c01f52,WJA289,CYYC,YYC,Calgary,CYEG,YEG,Edmonton,1757129797,1757131511,2025-09-06T03:36:37+00:00,2025-09-06T04:05:11+00:00,2025-09-06,2025-09-06,1714
c00757,ACA227,CYYC,YYC,Calgary,CYVR,YVR,Vancouver,1757127226,1757130838,2025-09-06T02:53:46+00:00,2025-09-06T03:53:58+00:00,2025-09-06,2025-09-06,3612
c03e07,WJA129,CYYC,YYC,Calgary,CYVR,YVR,Vancouver,1757125942,1757129866,2025-09-06T02:32:22+00:00,2025-09-06T03:37:46+00:00,2025-09-06,2025-09-06,3924
c01e11,FLE809,CYYC,YYC,Calgary,CYVR,YVR,Vancouver,1757122185,1757126005,2025-09-06T01:29:45+00:00,2025-09-06T02:33:25+00:00,2025-09-06,2025-09-06,3820
c07d20,JZA144,CYYC,YYC,Calgary,CYEG,YEG,Edmonton,1757121960,1757123909,2025-09-06T01:26:00+00:00,2025-09-06T01:58:29+00:00,2025-09-06,2025-09-06,1949
c07ef2,WJA127,CYYC,YYC,Calgary,CYVR,YVR,Vancouver,1757121155,1757124685,2025-09-06T01:12:35+00:00,2025-09-06T02:11:25+00:00,2025-09-06,2025-09-06,3530
c004f3,WJA255,CYYC,YYC,Calgary,CYEG,YEG,Edmonton,1757120679,1757122668,2025-09-06T01:04:39+00:00,2025-09-06T01:37:48+00:00,2025-09-06,2025-09-06,1989
c00821,ACA158,CYYC,YYC,Calgary,CYYZ,YYZ,Toronto,1757120614,1757132969,2025-09-06T01:03:34+00:00,2025-09-06T04:29:29+00:00,2025-09-06,2025-09-06,12355
c00734,WJA214,CYYC,YYC,Calgary,CYUL,YUL,Montreal,1757119499,1757132218,2025-09-06T00:44:59+00:00,2025-09-06T04:16:58+00:00,2025-09-06,2025-09-06,12719
c0371f,WJA125,CYYC,YYC,Calgary,CYVR,YVR,Vancouver,1757119318,1757122941,2025-09-06T00:41:58+00:00,2025-09-06T01:42:21+00:00,2025-09-06,2025-09-06,3623
c080ac,WJA676,CYYC,YYC,Calgary,CYYZ,YYZ,Toronto,1757119150,1757131196,2025-09-06T00:39:10+00:00,2025-09-06T03:59:56+00:00,2025-09-06,2025-09-06,12046
c01d7e,FLE626,CYYC,YYC,Calgary,CYYZ,YYZ,Toronto,1757118577,1757131168,2025-09-06T00:29:37+00:00,2025-09-06T03:59:28+00:00,2025-09-06,2025-09-06,12591
c007d0,ACA223,CYYC,YYC,Calgary,CYVR,YVR,Vancouver,1757118448,1757122427,2025-09-06T00:27:28+00:00,2025-09-06T01:33:47+00:00,2025-09-06,2025-09-06,3979
c01e28,ACA152,CYYC,YYC,Calgary,CYYZ,YYZ,Toronto,1757117469,1757130297,2025-09-06T00:11:09+00:00,2025-09-06T03:44:57+00:00,2025-09-06,2025-09-06,12828
c07444,CNK91,CYEG,YEG,Edmonton,CYYC,YYC,Calgary,1757120220,1757121831,2025-09-06T00:57:00+00:00,2025-09-06T01:23:51+00:00,2025-09-06,2025-09-06,1611
c04fdd,ACA894,CYYZ,YYZ,Toronto,CYUL,YUL,Montreal,1757192376,1757196153,2025-09-06T20:59:36+00:00,2025-09-06T22:02:33+00:00,2025-09-06,2025-09-06,3777
c060be,POE125,CYYZ,YYZ,Toronto,CYUL,YUL,Montreal,1757192250,1757195500,2025-09-06T20:57:30+00:00,2025-09-06T21:51:40+00:00,2025-09-06,2025-09-06,3250
c058be,ACA488,CYYZ,YYZ,Toronto,CYUL,YUL,Montreal,1757190966,1757194548,2025-09-06T20:36:06+00:00,2025-09-06T21:35:48+00:00,2025-09-06,2025-09-06,3582
c06a7f,TSC461,CYYZ,YYZ,Toronto,CYUL,YUL,Montreal,1757189329,1757193719,2025-09-06T20:08:49+00:00,2025-09-06T21:21:59+00:00,2025-09-06,2025-09-06,4390
c010e4,ACA418,CYYZ,YYZ,Toronto,CYUL,YUL,Montreal,1757188741,1757192398,2025-09-06T19:59:01+00:00,2025-09-06T20:59:58+00:00,2025-09-06,2025-09-06,3657
c00a0b,ACA416,CYYZ,YYZ,Toronto,CYUL,YUL,Montreal,1757185982,1757189686,2025-09-06T19:13:02+00:00,2025-09-06T20:14:46+00:00,2025-09-06,2025-09-06,3704
c0193b,ROU1532,CYYZ,YYZ,Toronto,CYUL,YUL,Montreal,1757185363,1757195623,2025-09-06T19:02:43+00:00,2025-09-06T21:53:43+00:00,2025-09-06,2025-09-06,10260
c06751,WJA663,CYYZ,YYZ,Toronto,CYYC,YYC,Calgary,1757185330,1757199413,2025-09-06T19:02:10+00:00,2025-09-06T22:56:53+00:00,2025-09-06,2025-09-06,14083
c010f6,ACA145,CYYZ,YYZ,Toronto,CYYC,YYC,Calgary,1757185293,1757199200,2025-09-06T19:01:33+00:00,2025-09-06T22:53:20+00:00,2025-09-06,2025-09-06,13907
c010ec,ACA171,CYYZ,YYZ,Toronto,CYEG,YEG,Edmonton,1757184044,1757198073,2025-09-06T18:40:44+00:00,2025-09-06T22:34:33+00:00,2025-09-06,2025-09-06,14029
c05eb1,ACA115,CYYZ,YYZ,Toronto,CYVR,YVR,Vancouver,1757182568,1757199306,2025-09-06T18:16:08+00:00,2025-09-06T22:55:06+00:00,2025-09-06,2025-09-06,16738
c066fb,ACA414,CYYZ,YYZ,Toronto,CYUL,YUL,Montreal,1757182091,1757185686,2025-09-06T18:08:11+00:00,2025-09-06T19:08:06+00:00,2025-09-06,2025-09-06,3595
c07bc7,WJA715,CYYZ,YYZ,Toronto,CYVR,YVR,Vancouver,1757181931,1757198849,2025-09-06T18:05:31+00:00,2025-09-06T22:47:29+00:00,2025-09-06,2025-09-06,16918
c01d7e,FLE613,CYYZ,YYZ,Toronto,CYVR,YVR,Vancouver,1757181754,1757198434,2025-09-06T18:02:34+00:00,2025-09-06T22:40:34+00:00,2025-09-06,2025-09-06,16680
c060ca,POE115,CYYZ,YYZ,Toronto,CYUL,YUL,Montreal,1757181306,1757184745,2025-09-06T17:55:06+00:00,2025-09-06T18:52:25+00:00,2025-09-06,2025-09-06,3439
c0637c,WJA661,CYYZ,YYZ,Toronto,CYYC,YYC,Calgary,1757180430,1757193863,2025-09-06T17:40:30+00:00,2025-09-06T21:24:23+00:00,2025-09-06,2025-09-06,13433
c07966,ACA143,CYYZ,YYZ,Toronto,CYYC,YYC,Calgary,1757180295,1757194032,2025-09-06T17:38:15+00:00,2025-09-06T21:27:12+00:00,2025-09-06,2025-09-06,13737
c08866,POE405,CYYZ,YYZ,Toronto,CYEG,YEG,Edmonton,1757180191,1757193584,2025-09-06T17:36:31+00:00,2025-09-06T21:19:44+00:00,2025-09-06,2025-09-06,13393
c06183,POE357,CYYZ,YYZ,Toronto,CYYC,YYC,Calgary,1757179650,1757193237,2025-09-06T17:27:30+00:00,2025-09-06T21:13:57+00:00,2025-09-06,2025-09-06,13587
c08853,POE307,CYYZ,YYZ,Toronto,CYVR,YVR,Vancouver,1757178881,1757195793,2025-09-06T17:14:41+00:00,2025-09-06T21:56:33+00:00,2025-09-06,2025-09-06,16912
c0617a,POE111,CYYZ,YYZ,Toronto,CYUL,YUL,Montreal,1757177934,1757181190,2025-09-06T16:58:54+00:00,2025-09-06T17:53:10+00:00,2025-09-06,2025-09-06,3256
c05004,ACA111,CYYZ,YYZ,Toronto,CYVR,YVR,Vancouver,1757174850,1757191660,2025-09-06T16:07:30+00:00,2025-09-06T20:47:40+00:00,2025-09-06,2025-09-06,16810
c0192e,ACA410,CYYZ,YYZ,Toronto,CYUL,YUL,Montreal,1757174825,1757178065,2025-09-06T16:07:05+00:00,2025-09-06T17:01:05+00:00,2025-09-06,2025-09-06,3240
c06709,ACA141,CYYZ,YYZ,Toronto,CYYC,YYC,Calgary,1757174794,1757188735,2025-09-06T16:06:34+00:00,2025-09-06T19:58:55+00:00,2025-09-06,2025-09-06,13941
c030eb,ACA117,CYYZ,YYZ,Toronto,CYVR,YVR,Vancouver,1757172480,1757189097,2025-09-06T15:28:00+00:00,2025-09-06T20:04:57+00:00,2025-09-06,2025-09-06,16617
c010e4,ACA408,CYYZ,YYZ,Toronto,CYUL,YUL,Montreal,1757172330,1757175477,2025-09-06T15:25:30+00:00,2025-09-06T16:17:57+00:00,2025-09-06,2025-09-06,3147
c02fed,ACA406,CYYZ,YYZ,Toronto,CYUL,YUL,Montreal,1757171706,1757175597,2025-09-06T15:15:06+00:00,2025-09-06T16:19:57+00:00,2025-09-06,2025-09-06,3891
c07fb1,WJA657,CYYZ,YYZ,Toronto,CYYC,YYC,Calgary,1757170983,1757184765,2025-09-06T15:03:03+00:00,2025-09-06T18:52:45+00:00,2025-09-06,2025-09-06,13782
c08861,POE305,CYYZ,YYZ,Toronto,CYVR,YVR,Vancouver,1757169486,1757186044,2025-09-06T14:38:06+00:00,2025-09-06T19:14:04+00:00,2025-09-06,2025-09-06,16558
c00a0d,ACA167,CYYZ,YYZ,Toronto,CYEG,YEG,Edmonton,1757169337,1757182905,2025-09-06T14:35:37+00:00,2025-09-06T18:21:45+00:00,2025-09-06,2025-09-06,13568
c00e6c,FLE637,CYYZ,YYZ,Toronto,CYEG,YEG,Edmonton,1757169151,1757183137,2025-09-06T14:32:31+00:00,2025-09-06T18:25:37+00:00,2025-09-06,2025-09-06,13986
c07b09,ACA137,CYYZ,YYZ,Toronto,CYYC,YYC,Calgary,1757168743,1757183316,2025-09-06T14:25:43+00:00,2025-09-06T18:28:36+00:00,2025-09-06,2025-09-06,14573
c00e55,FLE625,CYYZ,YYZ,Toronto,CYYC,YYC,Calgary,1757168738,1757182803,2025-09-06T14:25:38+00:00,2025-09-06T18:20:03+00:00,2025-09-06,2025-09-06,14065
c0173f,ACA109,CYYZ,YYZ,Toronto,CYVR,YVR,Vancouver,1757168570,1757184667,2025-09-06T14:22:50+00:00,2025-09-06T18:51:07+00:00,2025-09-06,2025-09-06,16097
c0025a,WJA707,CYYZ,YYZ,Toronto,CYVR,YVR,Vancouver,1757167773,1757184019,2025-09-06T14:09:33+00:00,2025-09-06T18:40:19+00:00,2025-09-06,2025-09-06,16246
c0248c,ACA404,CYYZ,YYZ,Toronto,CYUL,YUL,Montreal,1757164823,1757168174,2025-09-06T13:20:23+00:00,2025-09-06T14:16:14+00:00,2025-09-06,2025-09-06,3351
c06171,POE353,CYYZ,YYZ,Toronto,CYYC,YYC,Calgary,1757164712,1757178098,2025-09-06T13:18:32+00:00,2025-09-06T17:01:38+00:00,2025-09-06,2025-09-06,13386
c060ba,POE403,CYYZ,YYZ,Toronto,CYEG,YEG,Edmonton,1757164548,1757177985,2025-09-06T13:15:48+00:00,2025-09-06T16:59:45+00:00,2025-09-06,2025-09-06,13437
c043cb,WJA651,CYYZ,YYZ,Toronto,CYYC,YYC,Calgary,1757164474,1757178625,2025-09-06T13:14:34+00:00,2025-09-06T17:10:25+00:00,2025-09-06,2025-09-06,14151
c05bcb,ACA135,CYYZ,YYZ,Toronto,CYYC,YYC,Calgary,1757164190,1757177680,2025-09-06T13:09:50+00:00,2025-09-06T16:54:40+00:00,2025-09-06,2025-09-06,13490
c023c7,ACA107,CYYZ,YYZ,Toronto,CYVR,YVR,Vancouver,1757163724,1757179267,2025-09-06T13:02:04+00:00,2025-09-06T17:21:07+00:00,2025-09-06,2025-09-06,15543
c080ac,WJA421,CYYZ,YYZ,Toronto,CYEG,YEG,Edmonton,1757163490,1757177003,2025-09-06T12:58:10+00:00,2025-09-06T16:43:23+00:00,2025-09-06,2025-09-06,13513
c03003,ACA402,CYYZ,YYZ,Toronto,CYUL,YUL,Montreal,1757162589,1757166269,2025-09-06T12:43:09+00:00,2025-09-06T13:44:29+00:00,2025-09-06,2025-09-06,3680
c05bcf,ACA105,CYYZ,YYZ,Toronto,CYVR,YVR,Vancouver,1757162373,1757179399,2025-09-06T12:39:33+00:00,2025-09-06T17:23:19+00:00,2025-09-06,2025-09-06,17026
c01cae,WJA703,CYYZ,YYZ,Toronto,CYVR,YVR,Vancouver,1757161989,1757178749,2025-09-06T12:33:09+00:00,2025-09-06T17:12:29+00:00,2025-09-06,2025-09-06,16760
c03bf1,WJA649,CYYZ,YYZ,Toronto,CYYC,YYC,Calgary,1757161923,1757175639,2025-09-06T12:32:03+00:00,2025-09-06T16:20:39+00:00,2025-09-06,2025-09-06,13716
c05eac,ACA165,CYYZ,YYZ,Toronto,CYEG,YEG,Edmonton,1757161050,1757174694,2025-09-06T12:17:30+00:00,2025-09-06T16:04:54+00:00,2025-09-06,2025-09-06,13644
c0884f,POE303,CYYZ,YYZ,Toronto,CYVR,YVR,Vancouver,1757160997,1757177546,2025-09-06T12:16:37+00:00,2025-09-06T16:52:26+00:00,2025-09-06,2025-09-06,16549
c01dcb,FLE601,CYYZ,YYZ,Toronto,CYVR,YVR,Vancouver,1757160666,1757177245,2025-09-06T12:11:06+00:00,2025-09-06T16:47:25+00:00,2025-09-06,2025-09-06,16579
c01734,ACA189,CYYZ,YYZ,Toronto,CYVR,YVR,Vancouver,1757160076,1757175518,2025-09-06T12:01:16+00:00,2025-09-06T16:18:38+00:00,2025-09-06,2025-09-06,15442
c010ea,ACA133,CYYZ,YYZ,Toronto,CYYC,YYC,Calgary,1757157270,1757170837,2025-09-06T11:14:30+00:00,2025-09-06T15:00:37+00:00,2025-09-06,2025-09-06,13567
c08537,ACA400,CYYZ,YYZ,Toronto,CYUL,YUL,Montreal,1757156588,1757159846,2025-09-06T11:03:08+00:00,2025-09-06T11:57:26+00:00,2025-09-06,2025-09-06,3258
c05ea6,ACA101,CYYZ,YYZ,Toronto,CYVR,YVR,Vancouver,1757156380,1757173094,2025-09-06T10:59:40+00:00,2025-09-06T15:38:14+00:00,2025-09-06,2025-09-06,16714
c03c04,WJA419,CYYZ,YYZ,Toronto,CYEG,YEG,Edmonton,1757155399,1757169553,2025-09-06T10:43:19+00:00,2025-09-06T14:39:13+00:00,2025-09-06,2025-09-06,14154
c05054,ACA480,CYYZ,YYZ,Toronto,CYUL,YUL,Montreal,1757154093,1757158073,2025-09-06T10:21:33+00:00,2025-09-06T11:27:53+00:00,2025-09-06,2025-09-06,3980
c01e28,ACA181,CYYZ,YYZ,Toronto,CYVR,YVR,Vancouver,1757153611,1757170668,2025-09-06T10:13:31+00:00,2025-09-06T14:57:48+00:00,2025-09-06,2025-09-06,17057
c00dea,ACA161,CYYZ,YYZ,Toronto,CYEG,YEG,Edmonton,1757153499,1757168000,2025-09-06T10:11:39+00:00,2025-09-06T14:13:20+00:00,2025-09-06,2025-09-06,14501
c01e1a,FLE9948,CYYZ,YYZ,Toronto,CYVR,YVR,Vancouver,1757137712,1757155018,2025-09-06T05:48:32+00:00,2025-09-06T10:36:58+00:00,2025-09-06,2025-09-06,17306
c018c8,JZA7774,CYYZ,YYZ,Toronto,CYUL,YUL,Montreal,1757133340,1757136249,2025-09-06T04:35:40+00:00,2025-09-06T05:24:09+00:00,2025-09-06,2025-09-06,2909
c00e6c,FLE631,CYYZ,YYZ,Toronto,CYEG,YEG,Edmonton,1757132507,1757146854,2025-09-06T04:21:47+00:00,2025-09-06T08:20:54+00:00,2025-09-06,2025-09-06,14347
c066fb,ACA432,CYYZ,YYZ,Toronto,CYUL,YUL,Montreal,1757128871,1757132099,2025-09-06T03:21:11+00:00,2025-09-06T04:14:59+00:00,2025-09-06,2025-09-06,3228
c08861,POE135,CYYZ,YYZ,Toronto,CYUL,YUL,Montreal,1757128414,1757131874,2025-09-06T03:13:34+00:00,2025-09-06T04:11:14+00:00,2025-09-06,2025-09-06,3460
c03488,WJA598,CYYZ,YYZ,Toronto,CYUL,YUL,Montreal,1757128262,1757131614,2025-09-06T03:11:02+00:00,2025-09-06T04:06:54+00:00,2025-09-06,2025-09-06,3352
c030fd,ACA159,CYYZ,YYZ,Toronto,CYYC,YYC,Calgary,1757127935,1757141579,2025-09-06T03:05:35+00:00,2025-09-06T06:52:59+00:00,2025-09-06,2025-09-06,13644
c019eb,WJA445,CYYZ,YYZ,Toronto,CYEG,YEG,Edmonton,1757126953,1757141584,2025-09-06T02:49:13+00:00,2025-09-06T06:53:04+00:00,2025-09-06,2025-09-06,14631
c08106,WJA679,CYYZ,YYZ,Toronto,CYYC,YYC,Calgary,1757125836,1757139301,2025-09-06T02:30:36+00:00,2025-09-06T06:15:01+00:00,2025-09-06,2025-09-06,13465
c03af2,WJA731,CYYZ,YYZ,Toronto,CYVR,YVR,Vancouver,1757125756,1757142289,2025-09-06T02:29:16+00:00,2025-09-06T07:04:49+00:00,2025-09-06,2025-09-06,16533
c05bd2,ACA157,CYYZ,YYZ,Toronto,CYYC,YYC,Calgary,1757124137,1757137875,2025-09-06T02:02:17+00:00,2025-09-06T05:51:15+00:00,2025-09-06,2025-09-06,13738
c0884e,POE313,CYYZ,YYZ,Toronto,CYVR,YVR,Vancouver,1757123465,1757140247,2025-09-06T01:51:05+00:00,2025-09-06T06:30:47+00:00,2025-09-06,2025-09-06,16782
c00e55,FLE629,CYYZ,YYZ,Toronto,CYYC,YYC,Calgary,1757123070,1757136887,2025-09-06T01:44:30+00:00,2025-09-06T05:34:47+00:00,2025-09-06,2025-09-06,13817
c05bcb,ACA129,CYYZ,YYZ,Toronto,CYVR,YVR,Vancouver,1757122454,1757138708,2025-09-06T01:34:14+00:00,2025-09-06T06:05:08+00:00,2025-09-06,2025-09-06,16254
c01d2d,FLE603,CYYZ,YYZ,Toronto,CYVR,YVR,Vancouver,1757121805,1757138608,2025-09-06T01:23:25+00:00,2025-09-06T06:03:28+00:00,2025-09-06,2025-09-06,16803
c043b7,ACA177,CYYZ,YYZ,Toronto,CYEG,YEG,Edmonton,1757120456,1757134430,2025-09-06T01:00:56+00:00,2025-09-06T04:53:50+00:00,2025-09-06,2025-09-06,13974
c05edd,ACA426,CYYZ,YYZ,Toronto,CYUL,YUL,Montreal,1757119068,1757122136,2025-09-06T00:37:48+00:00,2025-09-06T01:28:56+00:00,2025-09-06,2025-09-06,3068
c07998,TSC651,CYYZ,YYZ,Toronto,CYUL,YUL,Montreal,1757117360,1757121225,2025-09-06T00:09:20+00:00,2025-09-06T01:13:45+00:00,2025-09-06,2025-09-06,3865
c07fb0,WJA675,CYYZ,YYZ,Toronto,CYYC,YYC,Calgary,1757117129,1757131064,2025-09-06T00:05:29+00:00,2025-09-06T03:57:44+00:00,2025-09-06,2025-09-06,13935
c06189,POE129,CYYZ,YYZ,Toronto,CYUL,YUL,Montreal,1757116875,1757120900,2025-09-06T00:01:15+00:00,2025-09-06T01:08:20+00:00,2025-09-06,2025-09-06,4025
c05eb7,ACA127,CYYZ,YYZ,Toronto,CYVR,YVR,Vancouver,1757116844,1757133641,2025-09-06T00:00:44+00:00,2025-09-06T04:40:41+00:00,2025-09-06,2025-09-06,16797
c060c0,POE365,CYYZ,YYZ,Toronto,CYYC,YYC,Calgary,1757116813,1757130322,2025-09-06T00:00:13+00:00,2025-09-06T03:45:22+00:00,2025-09-06,2025-09-06,13509
c00a0b,ACA421,CYUL,YUL,Montreal,CYYZ,YYZ,Toronto,1757194111,1757197809,2025-09-06T21:28:31+00:00,2025-09-06T22:30:09+00:00,2025-09-06,2025-09-06,3698
c07a14,TSC460,CYUL,YUL,Montreal,CYYZ,YYZ,Toronto,1757191710,1757195414,2025-09-06T20:48:30+00:00,2025-09-06T21:50:14+00:00,2025-09-06,2025-09-06,3704
c051e4,ACA9XC,CYUL,YUL,Montreal,CYYZ,YYZ,Toronto,1757191447,1757194889,2025-09-06T20:44:07+00:00,2025-09-06T21:41:29+00:00,2025-09-06,2025-09-06,3442
c058bb,ACA489,CYUL,YUL,Montreal,CYYZ,YYZ,Toronto,1757189673,1757193366,2025-09-06T20:14:33+00:00,2025-09-06T21:16:06+00:00,2025-09-06,2025-09-06,3693
c066dd,ACA487,CYUL,YUL,Montreal,CYYZ,YYZ,Toronto,1757188007,1757191916,2025-09-06T19:46:47+00:00,2025-09-06T20:51:56+00:00,2025-09-06,2025-09-06,3909
c0617a,POE120,CYUL,YUL,Montreal,CYYZ,YYZ,Toronto,1757186176,1757189999,2025-09-06T19:16:16+00:00,2025-09-06T20:19:59+00:00,2025-09-06,2025-09-06,3823
c0192e,ACA415,CYUL,YUL,Montreal,CYYZ,YYZ,Toronto,1757182801,1757186369,2025-09-06T18:20:01+00:00,2025-09-06T19:19:29+00:00,2025-09-06,2025-09-06,3568
c010e4,ACA413,CYUL,YUL,Montreal,CYYZ,YYZ,Toronto,1757181316,1757184897,2025-09-06T17:55:16+00:00,2025-09-06T18:54:57+00:00,2025-09-06,2025-09-06,3581
c05ed0,ACA305,CYUL,YUL,Montreal,CYVR,YVR,Vancouver,1757181174,1757199537,2025-09-06T17:52:54+00:00,2025-09-06T22:58:57+00:00,2025-09-06,2025-09-06,18363
c023c5,ACA323,CYUL,YUL,Montreal,CYYC,YYC,Calgary,1757180929,1757194463,2025-09-06T17:48:49+00:00,2025-09-06T21:34:23+00:00,2025-09-06,2025-09-06,13534
c05056,ACA335,CYUL,YUL,Montreal,CYEG,YEG,Edmonton,1757180829,1757195148,2025-09-06T17:47:09+00:00,2025-09-06T21:45:48+00:00,2025-09-06,2025-09-06,14319
c0248c,ACA409,CYUL,YUL,Montreal,CYYZ,YYZ,Toronto,1757172277,1757176066,2025-09-06T15:24:37+00:00,2025-09-06T16:27:46+00:00,2025-09-06,2025-09-06,3789
c03003,ACA407,CYUL,YUL,Montreal,CYYZ,YYZ,Toronto,1757170562,1757174258,2025-09-06T14:56:02+00:00,2025-09-06T15:57:38+00:00,2025-09-06,2025-09-06,3696
c0618c,POE112,CYUL,YUL,Montreal,CYYZ,YYZ,Toronto,1757167579,1757171233,2025-09-06T14:06:19+00:00,2025-09-06T15:07:13+00:00,2025-09-06,2025-09-06,3654
c08537,ACA405,CYUL,YUL,Montreal,CYYZ,YYZ,Toronto,1757165190,1757168917,2025-09-06T13:26:30+00:00,2025-09-06T14:28:37+00:00,2025-09-06,2025-09-06,3727
c03261,ACA7078,CYUL,YUL,Montreal,CYYZ,YYZ,Toronto,1757163412,1757166958,2025-09-06T12:56:52+00:00,2025-09-06T13:55:58+00:00,2025-09-06,2025-09-06,3546
c038a7,ACA303,CYUL,YUL,Montreal,CYVR,YVR,Vancouver,1757162167,1757178957,2025-09-06T12:36:07+00:00,2025-09-06T17:15:57+00:00,2025-09-06,2025-09-06,16790
c030bb,ACA321,CYUL,YUL,Montreal,CYYC,YYC,Calgary,1757161741,1757176156,2025-09-06T12:29:01+00:00,2025-09-06T16:29:16+00:00,2025-09-06,2025-09-06,14415
c0653d,ACA331,CYUL,YUL,Montreal,CYEG,YEG,Edmonton,1757161475,1757175820,2025-09-06T12:24:35+00:00,2025-09-06T16:23:40+00:00,2025-09-06,2025-09-06,14345
c030eb,ACA403,CYUL,YUL,Montreal,CYYZ,YYZ,Toronto,1757160873,1757164375,2025-09-06T12:14:33+00:00,2025-09-06T13:12:55+00:00,2025-09-06,2025-09-06,3502
c008a9,ACA301,CYUL,YUL,Montreal,CYVR,YVR,Vancouver,1757158673,1757175921,2025-09-06T11:37:53+00:00,2025-09-06T16:25:21+00:00,2025-09-06,2025-09-06,17248
c06189,POE373,CYUL,YUL,Montreal,CYVR,YVR,Vancouver,1757157529,1757175496,2025-09-06T11:18:49+00:00,2025-09-06T16:18:16+00:00,2025-09-06,2025-09-06,17967
c066fb,ACA401,CYUL,YUL,Montreal,CYYZ,YYZ,Toronto,1757157032,1757160749,2025-09-06T11:10:32+00:00,2025-09-06T12:12:29+00:00,2025-09-06,2025-09-06,3717
c00734,WJA215,CYUL,YUL,Montreal,CYYC,YYC,Calgary,1757156911,1757171589,2025-09-06T11:08:31+00:00,2025-09-06T15:13:09+00:00,2025-09-06,2025-09-06,14678
c08861,POE102,CYUL,YUL,Montreal,CYYZ,YYZ,Toronto,1757156802,1757160316,2025-09-06T11:06:42+00:00,2025-09-06T12:05:16+00:00,2025-09-06,2025-09-06,3514
c03488,WJA579,CYUL,YUL,Montreal,CYYZ,YYZ,Toronto,1757156530,1757160206,2025-09-06T11:02:10+00:00,2025-09-06T12:03:26+00:00,2025-09-06,2025-09-06,3676
c07b0a,ACA481,CYUL,YUL,Montreal,CYYZ,YYZ,Toronto,1757153763,1757157861,2025-09-06T10:16:03+00:00,2025-09-06T11:24:21+00:00,2025-09-06,2025-09-06,4098
c018c8,JZA7773,CYUL,YUL,Montreal,CYYZ,YYZ,Toronto,1757149873,1757153664,2025-09-06T09:11:13+00:00,2025-09-06T10:14:24+00:00,2025-09-06,2025-09-06,3791
c010e4,ACA429,CYUL,YUL,Montreal,CYYZ,YYZ,Toronto,1757124238,1757127808,2025-09-06T02:03:58+00:00,2025-09-06T03:03:28+00:00,2025-09-06,2025-09-06,3570
c05060,ACA313,CYUL,YUL,Montreal,CYVR,YVR,Vancouver,1757124108,1757142106,2025-09-06T02:01:48+00:00,2025-09-06T07:01:46+00:00,2025-09-06,2025-09-06,17998
c030ef,ACA327,CYUL,YUL,Montreal,CYYC,YYC,Calgary,1757123778,1757138189,2025-09-06T01:56:18+00:00,2025-09-06T05:56:29+00:00,2025-09-06,2025-09-06,14411
c0885e,POE130,CYUL,YUL,Montreal,CYYZ,YYZ,Toronto,1757119731,1757123699,2025-09-06T00:48:51+00:00,2025-09-06T01:54:59+00:00,2025-09-06,2025-09-06,3968
c0440e,ACA427,CYUL,YUL,Montreal,CYYZ,YYZ,Toronto,1757119343,1757122911,2025-09-06T00:42:23+00:00,2025-09-06T01:41:51+00:00,2025-09-06,2025-09-06,3568
c06a7b,TSC650,CYUL,YUL,Montreal,CYYZ,YYZ,Toronto,1757118672,1757122485,2025-09-06T00:31:12+00:00,2025-09-06T01:34:45+00:00,2025-09-06,2025-09-06,3813
c0616c,POE383,CYUL,YUL,Montreal,CYEG,YEG,Edmonton,1757117321,1757132031,2025-09-06T00:08:41+00:00,2025-09-06T04:13:51+00:00,2025-09-06,2025-09-06,14710
c0614d,WJA116,CYVR,YVR,Vancouver,CYYC,YYC,Calgary,1757282160,1757285783,2025-09-07T21:56:00+00:00,2025-09-07T22:56:23+00:00,2025-09-07,2025-09-07,3623
c049fd,WJA114,CYVR,YVR,Vancouver,CYYC,YYC,Calgary,1757280993,1757284698,2025-09-07T21:36:33+00:00,2025-09-07T22:38:18+00:00,2025-09-07,2025-09-07,3705
c0540c,WJA112,CYVR,YVR,Vancouver,CYYC,YYC,Calgary,1757277771,1757281530,2025-09-07T20:42:51+00:00,2025-09-07T21:45:30+00:00,2025-09-07,2025-09-07,3759
c05067,ACA216,CYVR,YVR,Vancouver,CYYC,YYC,Calgary,1757277180,1757280867,2025-09-07T20:33:00+00:00,2025-09-07T21:34:27+00:00,2025-09-07,2025-09-07,3687
c01e13,FLE816,CYVR,YVR,Vancouver,CYYC,YYC,Calgary,1757272982,1757276715,2025-09-07T19:23:02+00:00,2025-09-07T20:25:15+00:00,2025-09-07,2025-09-07,3733
c05bcb,ACA110,CYVR,YVR,Vancouver,CYYZ,YYZ,Toronto,1757271126,1757285934,2025-09-07T18:52:06+00:00,2025-09-07T22:58:54+00:00,2025-09-07,2025-09-07,14808
c05d9d,WJA110,CYVR,YVR,Vancouver,CYYC,YYC,Calgary,1757270970,1757274659,2025-09-07T18:49:30+00:00,2025-09-07T19:50:59+00:00,2025-09-07,2025-09-07,3689
c060c5,POE374,CYVR,YVR,Vancouver,CYUL,YUL,Montreal,1757269581,1757285244,2025-09-07T18:26:21+00:00,2025-09-07T22:47:24+00:00,2025-09-07,2025-09-07,15663
a05300,N12SY,CYVR,YVR,Vancouver,CYYC,YYC,Calgary,1757269183,1757272862,2025-09-07T18:19:43+00:00,2025-09-07T19:21:02+00:00,2025-09-07,2025-09-07,3679
c01e1f,FLE806,CYVR,YVR,Vancouver,CYYC,YYC,Calgary,1757267851,1757271793,2025-09-07T17:57:31+00:00,2025-09-07T19:03:13+00:00,2025-09-07,2025-09-07,3942
c060ca,POE304,CYVR,YVR,Vancouver,CYYZ,YYZ,Toronto,1757267031,1757281938,2025-09-07T17:43:51+00:00,2025-09-07T21:52:18+00:00,2025-09-07,2025-09-07,14907
c0669e,WJA108,CYVR,YVR,Vancouver,CYYC,YYC,Calgary,1757266772,1757270844,2025-09-07T17:39:32+00:00,2025-09-07T18:47:24+00:00,2025-09-07,2025-09-07,4072
c02ae3,WJA708,CYVR,YVR,Vancouver,CYYZ,YYZ,Toronto,1757265980,1757280955,2025-09-07T17:26:20+00:00,2025-09-07T21:35:55+00:00,2025-09-07,2025-09-07,14975
c01e28,ACA108,CYVR,YVR,Vancouver,CYYZ,YYZ,Toronto,1757265553,1757280528,2025-09-07T17:19:13+00:00,2025-09-07T21:28:48+00:00,2025-09-07,2025-09-07,14975
c05054,ACA210,CYVR,YVR,Vancouver,CYYC,YYC,Calgary,1757265393,1757269007,2025-09-07T17:16:33+00:00,2025-09-07T18:16:47+00:00,2025-09-07,2025-09-07,3614
c00fe2,CJT1925,CYVR,YVR,Vancouver,CYYC,YYC,Calgary,1757263655,1757267410,2025-09-07T16:47:35+00:00,2025-09-07T17:50:10+00:00,2025-09-07,2025-09-07,3755
c04d13,WEN3174,CYVR,YVR,Vancouver,CYYC,YYC,Calgary,1757262326,1757273417,2025-09-07T16:25:26+00:00,2025-09-07T19:30:17+00:00,2025-09-07,2025-09-07,11091
c023ae,ACA34,CYVR,YVR,Vancouver,CYYZ,YYZ,Toronto,1757261659,1757275977,2025-09-07T16:14:19+00:00,2025-09-07T20:12:57+00:00,2025-09-07,2025-09-07,14318
c080a3,WJA706,CYVR,YVR,Vancouver,CYYZ,YYZ,Toronto,1757261567,1757276981,2025-09-07T16:12:47+00:00,2025-09-07T20:29:41+00:00,2025-09-07,2025-09-07,15414
c0175a,ACA304,CYVR,YVR,Vancouver,CYUL,YUL,Montreal,1757261380,1757276846,2025-09-07T16:09:40+00:00,2025-09-07T20:27:26+00:00,2025-09-07,2025-09-07,15466
c049fd,WJA104,CYVR,YVR,Vancouver,CYYC,YYC,Calgary,1757260270,1757264098,2025-09-07T15:51:10+00:00,2025-09-07T16:54:58+00:00,2025-09-07,2025-09-07,3828
c06171,POE372,CYVR,YVR,Vancouver,CYUL,YUL,Montreal,1757259993,1757276078,2025-09-07T15:46:33+00:00,2025-09-07T20:14:38+00:00,2025-09-07,2025-09-07,16085
c00757,ACA204,CYVR,YVR,Vancouver,CYYC,YYC,Calgary,1757259069,1757262702,2025-09-07T15:31:09+00:00,2025-09-07T16:31:42+00:00,2025-09-07,2025-09-07,3633
c01dcb,FLE800,CYVR,YVR,Vancouver,CYYC,YYC,Calgary,1757256969,1757260777,2025-09-07T14:56:09+00:00,2025-09-07T15:59:37+00:00,2025-09-07,2025-09-07,3808
c06174,POE302,CYVR,YVR,Vancouver,CYYZ,YYZ,Toronto,1757256571,1757271459,2025-09-07T14:49:31+00:00,2025-09-07T18:57:39+00:00,2025-09-07,2025-09-07,14888
c06081,ACA302,CYVR,YVR,Vancouver,CYUL,YUL,Montreal,1757256480,1757272850,2025-09-07T14:48:00+00:00,2025-09-07T19:20:50+00:00,2025-09-07,2025-09-07,16370
c05eac,ACA104,CYVR,YVR,Vancouver,CYYZ,YYZ,Toronto,1757256210,1757271081,2025-09-07T14:43:30+00:00,2025-09-07T18:51:21+00:00,2025-09-07,2025-09-07,14871
c007d0,ACA232,CYVR,YVR,Vancouver,CYEG,YEG,Edmonton,1757255866,1757259704,2025-09-07T14:37:46+00:00,2025-09-07T15:41:44+00:00,2025-09-07,2025-09-07,3838
c01f52,WJA102,CYVR,YVR,Vancouver,CYYC,YYC,Calgary,1757254046,1757257795,2025-09-07T14:07:26+00:00,2025-09-07T15:09:55+00:00,2025-09-07,2025-09-07,3749
c05ed9,ACA202,CYVR,YVR,Vancouver,CYYC,YYC,Calgary,1757253900,1757257570,2025-09-07T14:05:00+00:00,2025-09-07T15:06:10+00:00,2025-09-07,2025-09-07,3670
c01e13,FLE822,CYVR,YVR,Vancouver,CYEG,YEG,Edmonton,1757253498,1757257661,2025-09-07T13:58:18+00:00,2025-09-07T15:07:41+00:00,2025-09-07,2025-09-07,4163
c04cf4,WJA700,CYVR,YVR,Vancouver,CYYZ,YYZ,Toronto,1757251411,1757266644,2025-09-07T13:23:31+00:00,2025-09-07T17:37:24+00:00,2025-09-07,2025-09-07,15233
c03488,WJA160,CYVR,YVR,Vancouver,CYEG,YEG,Edmonton,1757250901,1757255053,2025-09-07T13:15:01+00:00,2025-09-07T14:24:13+00:00,2025-09-07,2025-09-07,4152
c03517,WJA100,CYVR,YVR,Vancouver,CYYC,YYC,Calgary,1757250693,1757254438,2025-09-07T13:11:33+00:00,2025-09-07T14:13:58+00:00,2025-09-07,2025-09-07,3745
c08887,WJA136,CYVR,YVR,Vancouver,CYYC,YYC,Calgary,1757246862,1757250538,2025-09-07T12:07:42+00:00,2025-09-07T13:08:58+00:00,2025-09-07,2025-09-07,3676
c0473b,CJT2389,CYVR,YVR,Vancouver,CYYC,YYC,Calgary,1757232303,1757235809,2025-09-07T08:05:03+00:00,2025-09-07T09:03:29+00:00,2025-09-07,2025-09-07,3506
c05bcf,ACA182,CYVR,YVR,Vancouver,CYYZ,YYZ,Toronto,1757231033,1757246098,2025-09-07T07:43:53+00:00,2025-09-07T11:54:58+00:00,2025-09-07,2025-09-07,15065
c01ebb,FLE602,CYVR,YVR,Vancouver,CYYZ,YYZ,Toronto,1757229754,1757245070,2025-09-07T07:22:34+00:00,2025-09-07T11:37:50+00:00,2025-09-07,2025-09-07,15316
c05bcb,ACA128,CYVR,YVR,Vancouver,CYYZ,YYZ,Toronto,1757227470,1757243034,2025-09-07T06:44:30+00:00,2025-09-07T11:03:54+00:00,2025-09-07,2025-09-07,15564
c01e1f,FLE600,CYVR,YVR,Vancouver,CYYZ,YYZ,Toronto,1757225949,1757240786,2025-09-07T06:19:09+00:00,2025-09-07T10:26:26+00:00,2025-09-07,2025-09-07,14837
c03487,WJA724,CYVR,YVR,Vancouver,CYYZ,YYZ,Toronto,1757225769,1757240548,2025-09-07T06:16:09+00:00,2025-09-07T10:22:28+00:00,2025-09-07,2025-09-07,14779
c05060,ACA314,CYVR,YVR,Vancouver,CYUL,YUL,Montreal,1757225486,1757241479,2025-09-07T06:11:26+00:00,2025-09-07T10:37:59+00:00,2025-09-07,2025-09-07,15993
c030eb,ACA126,CYVR,YVR,Vancouver,CYYZ,YYZ,Toronto,1757223784,1757238739,2025-09-07T05:43:04+00:00,2025-09-07T09:52:19+00:00,2025-09-07,2025-09-07,14955
c052d3,WJA132,CYVR,YVR,Vancouver,CYYC,YYC,Calgary,1757223369,1757227156,2025-09-07T05:36:09+00:00,2025-09-07T06:39:16+00:00,2025-09-07,2025-09-07,3787
c050c4,ACA228,CYVR,YVR,Vancouver,CYYC,YYC,Calgary,1757223066,1757226709,2025-09-07T05:31:06+00:00,2025-09-07T06:31:49+00:00,2025-09-07,2025-09-07,3643
c00f34,ADS302,CYVR,YVR,Vancouver,CYYC,YYC,Calgary,1757222307,1757226035,2025-09-07T05:18:27+00:00,2025-09-07T06:20:35+00:00,2025-09-07,2025-09-07,3728
c07fb1,WJA128,CYVR,YVR,Vancouver,CYYC,YYC,Calgary,1757220265,1757224008,2025-09-07T04:44:25+00:00,2025-09-07T05:46:48+00:00,2025-09-07,2025-09-07,3743
c07ee6,WJA178,CYVR,YVR,Vancouver,CYEG,YEG,Edmonton,1757219977,1757223975,2025-09-07T04:39:37+00:00,2025-09-07T05:46:15+00:00,2025-09-07,2025-09-07,3998
c007d8,ACA250,CYVR,YVR,Vancouver,CYEG,YEG,Edmonton,1757218234,1757222015,2025-09-07T04:10:34+00:00,2025-09-07T05:13:35+00:00,2025-09-07,2025-09-07,3781
c07bc7,WJA126,CYVR,YVR,Vancouver,CYYC,YYC,Calgary,1757212862,1757216729,2025-09-07T02:41:02+00:00,2025-09-07T03:45:29+00:00,2025-09-07,2025-09-07,3867
c064d8,ACA226,CYVR,YVR,Vancouver,CYYC,YYC,Calgary,1757212271,1757215904,2025-09-07T02:31:11+00:00,2025-09-07T03:31:44+00:00,2025-09-07,2025-09-07,3633
c06080,ACA246,CYVR,YVR,Vancouver,CYEG,YEG,Edmonton,1757211013,1757214979,2025-09-07T02:10:13+00:00,2025-09-07T03:16:19+00:00,2025-09-07,2025-09-07,3966
c05c0e,WJA124,CYVR,YVR,Vancouver,CYYC,YYC,Calgary,1757209851,1757213759,2025-09-07T01:50:51+00:00,2025-09-07T02:55:59+00:00,2025-09-07,2025-09-07,3908
c01624,JZA7780,CYVR,YVR,Vancouver,CYEG,YEG,Edmonton,1757209683,1757213690,2025-09-07T01:48:03+00:00,2025-09-07T02:54:50+00:00,2025-09-07,2025-09-07,4007
c05086,ACA224,CYVR,YVR,Vancouver,CYYC,YYC,Calgary,1757209602,1757213391,2025-09-07T01:46:42+00:00,2025-09-07T02:49:51+00:00,2025-09-07,2025-09-07,3789
c01e1f,FLE804,CYVR,YVR,Vancouver,CYYC,YYC,Calgary,1757209348,1757213213,2025-09-07T01:42:28+00:00,2025-09-07T02:46:53+00:00,2025-09-07,2025-09-07,3865
c080e0,WJA174,CYVR,YVR,Vancouver,CYEG,YEG,Edmonton,1757208149,1757212149,2025-09-07T01:22:29+00:00,2025-09-07T02:29:09+00:00,2025-09-07,2025-09-07,4000
c0360e,WJA122,CYVR,YVR,Vancouver,CYYC,YYC,Calgary,1757208011,1757212049,2025-09-07T01:20:11+00:00,2025-09-07T02:27:29+00:00,2025-09-07,2025-09-07,4038
c01e11,FLE832,CYVR,YVR,Vancouver,CYEG,YEG,Edmonton,1757205824,1757209931,2025-09-07T00:43:44+00:00,2025-09-07T01:52:11+00:00,2025-09-07,2025-09-07,4107
c05ed0,ACA312,CYVR,YVR,Vancouver,CYUL,YUL,Montreal,1757205612,1757221488,2025-09-07T00:40:12+00:00,2025-09-07T05:04:48+00:00,2025-09-07,2025-09-07,15876
c007d0,ACA222,CYVR,YVR,Vancouver,CYYC,YYC,Calgary,1757205258,1757213464,2025-09-07T00:34:18+00:00,2025-09-07T02:51:04+00:00,2025-09-07,2025-09-07,8206
c05eb1,ACA124,CYVR,YVR,Vancouver,CYYZ,YYZ,Toronto,1757205034,1757220020,2025-09-07T00:30:34+00:00,2025-09-07T04:40:20+00:00,2025-09-07,2025-09-07,14986
c052d3,WJA120,CYVR,YVR,Vancouver,CYYC,YYC,Calgary,1757204865,1757212976,2025-09-07T00:27:45+00:00,2025-09-07T02:42:56+00:00,2025-09-07,2025-09-07,8111
c02ae3,WJA722,CYVR,YVR,Vancouver,CYYZ,YYZ,Toronto,1757204499,1757218974,2025-09-07T00:21:39+00:00,2025-09-07T04:22:54+00:00,2025-09-07,2025-09-07,14475
c01d7e,FLE612,CYVR,YVR,Vancouver,CYYZ,YYZ,Toronto,1757203845,1757218709,2025-09-07T00:10:45+00:00,2025-09-07T04:18:29+00:00,2025-09-07,2025-09-07,14864
c05d9d,WJA119,CYYC,YYC,Calgary,CYVR,YVR,Vancouver,1757281098,1757284759,2025-09-07T21:38:18+00:00,2025-09-07T22:39:19+00:00,2025-09-07,2025-09-07,3661
c00d51,FLE807,CYYC,YYC,Calgary,CYVR,YVR,Vancouver,1757276955,1757280898,2025-09-07T20:29:15+00:00,2025-09-07T21:34:58+00:00,2025-09-07,2025-09-07,3943
c0669e,WJA117,CYYC,YYC,Calgary,CYVR,YVR,Vancouver,1757275895,1757279876,2025-09-07T20:11:35+00:00,2025-09-07T21:17:56+00:00,2025-09-07,2025-09-07,3981
c05054,ACA217,CYYC,YYC,Calgary,CYVR,YVR,Vancouver,1757274261,1757278075,2025-09-07T19:44:21+00:00,2025-09-07T20:47:55+00:00,2025-09-07,2025-09-07,3814
c004e9,WJA664,CYYC,YYC,Calgary,CYYZ,YYZ,Toronto,1757273135,1757285184,2025-09-07T19:25:35+00:00,2025-09-07T22:46:24+00:00,2025-09-07,2025-09-07,12049
c07f02,WJA115,CYYC,YYC,Calgary,CYVR,YVR,Vancouver,1757272592,1757276567,2025-09-07T19:16:32+00:00,2025-09-07T20:22:47+00:00,2025-09-07,2025-09-07,3975
c060bd,POE356,CYYC,YYC,Calgary,CYYZ,YYZ,Toronto,1757272177,1757284463,2025-09-07T19:09:37+00:00,2025-09-07T22:34:23+00:00,2025-09-07,2025-09-07,12286
c0192e,ACA146,CYYC,YYC,Calgary,CYYZ,YYZ,Toronto,1757271735,1757283521,2025-09-07T19:02:15+00:00,2025-09-07T22:18:41+00:00,2025-09-07,2025-09-07,11786
c049fd,WJA113,CYYC,YYC,Calgary,CYVR,YVR,Vancouver,1757271077,1757275135,2025-09-07T18:51:17+00:00,2025-09-07T19:58:55+00:00,2025-09-07,2025-09-07,4058
c0653d,ACA324,CYYC,YYC,Calgary,CYUL,YUL,Montreal,1757268695,1757281618,2025-09-07T18:11:35+00:00,2025-09-07T21:46:58+00:00,2025-09-07,2025-09-07,12923
c00757,ACA211,CYYC,YYC,Calgary,CYVR,YVR,Vancouver,1757268211,1757272250,2025-09-07T18:03:31+00:00,2025-09-07T19:10:50+00:00,2025-09-07,2025-09-07,4039
c01dcb,FLE801,CYYC,YYC,Calgary,CYVR,YVR,Vancouver,1757267923,1757272134,2025-09-07T17:58:43+00:00,2025-09-07T19:08:54+00:00,2025-09-07,2025-09-07,4211
c0540c,WJA111,CYYC,YYC,Calgary,CYVR,YVR,Vancouver,1757267490,1757271580,2025-09-07T17:51:30+00:00,2025-09-07T18:59:40+00:00,2025-09-07,2025-09-07,4090
c07bc7,WJA660,CYYC,YYC,Calgary,CYYZ,YYZ,Toronto,1757267050,1757278926,2025-09-07T17:44:10+00:00,2025-09-07T21:02:06+00:00,2025-09-07,2025-09-07,11876
c07866,CGTPL,CYYC,YYC,Calgary,CYYZ,YYZ,Toronto,1757266893,1757279487,2025-09-07T17:41:33+00:00,2025-09-07T21:11:27+00:00,2025-09-07,2025-09-07,12594
c0759f,CNK771,CYYC,YYC,Calgary,CYYZ,YYZ,Toronto,1757264998,1757276919,2025-09-07T17:09:58+00:00,2025-09-07T20:28:39+00:00,2025-09-07,2025-09-07,11921
c004f3,WJA212,CYYC,YYC,Calgary,CYUL,YUL,Montreal,1757263472,1757277016,2025-09-07T16:44:32+00:00,2025-09-07T20:30:16+00:00,2025-09-07,2025-09-07,13544
c010f6,ACA142,CYYC,YYC,Calgary,CYYZ,YYZ,Toronto,1757263367,1757275469,2025-09-07T16:42:47+00:00,2025-09-07T20:04:29+00:00,2025-09-07,2025-09-07,12102
c05ed9,ACA209,CYYC,YYC,Calgary,CYVR,YVR,Vancouver,1757262482,1757266420,2025-09-07T16:28:02+00:00,2025-09-07T17:33:40+00:00,2025-09-07,2025-09-07,3938
c05d9d,WJA109,CYYC,YYC,Calgary,CYVR,YVR,Vancouver,1757261477,1757265313,2025-09-07T16:11:17+00:00,2025-09-07T17:15:13+00:00,2025-09-07,2025-09-07,3836
c080a4,WJA658,CYYC,YYC,Calgary,CYYZ,YYZ,Toronto,1757261288,1757273515,2025-09-07T16:08:08+00:00,2025-09-07T19:31:55+00:00,2025-09-07,2025-09-07,12227
c03a90,WEN3173,CYYC,YYC,Calgary,CYVR,YVR,Vancouver,1757260413,1757274025,2025-09-07T15:53:33+00:00,2025-09-07T19:40:25+00:00,2025-09-07,2025-09-07,13612
c00741,WJA656,CYYC,YYC,Calgary,CYYZ,YYZ,Toronto,1757258862,1757270721,2025-09-07T15:27:42+00:00,2025-09-07T18:45:21+00:00,2025-09-07,2025-09-07,11859
c0669e,WJA107,CYYC,YYC,Calgary,CYVR,YVR,Vancouver,1757257877,1757261875,2025-09-07T15:11:17+00:00,2025-09-07T16:17:55+00:00,2025-09-07,2025-09-07,3998
c05054,ACA205,CYYC,YYC,Calgary,CYVR,YVR,Vancouver,1757255801,1757259547,2025-09-07T14:36:41+00:00,2025-09-07T15:39:07+00:00,2025-09-07,2025-09-07,3746
c010ea,ACA136,CYYC,YYC,Calgary,CYYZ,YYZ,Toronto,1757254356,1757266280,2025-09-07T14:12:36+00:00,2025-09-07T17:31:20+00:00,2025-09-07,2025-09-07,11924
c08862,POE384,CYYC,YYC,Calgary,CYUL,YUL,Montreal,1757254261,1757267539,2025-09-07T14:11:01+00:00,2025-09-07T17:52:19+00:00,2025-09-07,2025-09-07,13278
c08095,WJA654,CYYC,YYC,Calgary,CYYZ,YYZ,Toronto,1757254171,1757266610,2025-09-07T14:09:31+00:00,2025-09-07T17:36:50+00:00,2025-09-07,2025-09-07,12439
c0885e,POE352,CYYC,YYC,Calgary,CYYZ,YYZ,Toronto,1757251331,1757263639,2025-09-07T13:22:11+00:00,2025-09-07T16:47:19+00:00,2025-09-07,2025-09-07,12308
c05bd2,ACA134,CYYC,YYC,Calgary,CYYZ,YYZ,Toronto,1757251246,1757263199,2025-09-07T13:20:46+00:00,2025-09-07T16:39:59+00:00,2025-09-07,2025-09-07,11953
c0807f,WEN3395,CYYC,YYC,Calgary,CYEG,YEG,Edmonton,1757251200,1757253166,2025-09-07T13:20:00+00:00,2025-09-07T13:52:46+00:00,2025-09-07,2025-09-07,1966
c049fd,WJA103,CYYC,YYC,Calgary,CYVR,YVR,Vancouver,1757251081,1757255006,2025-09-07T13:18:01+00:00,2025-09-07T14:23:26+00:00,2025-09-07,2025-09-07,3925
c064d8,ACA203,CYYC,YYC,Calgary,CYVR,YVR,Vancouver,1757250870,1757254882,2025-09-07T13:14:30+00:00,2025-09-07T14:21:22+00:00,2025-09-07,2025-09-07,4012
c02294,NCB2650,CYYC,YYC,Calgary,CYEG,YEG,Edmonton,1757250339,1757252705,2025-09-07T13:05:39+00:00,2025-09-07T13:45:05+00:00,2025-09-07,2025-09-07,2366
c05ebb,WJA650,CYYC,YYC,Calgary,CYYZ,YYZ,Toronto,1757249101,1757261111,2025-09-07T12:45:01+00:00,2025-09-07T16:05:11+00:00,2025-09-07,2025-09-07,12010
c050c0,ACA201,CYYC,YYC,Calgary,CYVR,YVR,Vancouver,1757247738,1757251763,2025-09-07T12:22:18+00:00,2025-09-07T13:29:23+00:00,2025-09-07,2025-09-07,4025
c050c4,ACA318,CYYC,YYC,Calgary,CYUL,YUL,Montreal,1757247023,1757260133,2025-09-07T12:10:23+00:00,2025-09-07T15:48:53+00:00,2025-09-07,2025-09-07,13110
c00f34,ADS302,CYYC,YYC,Calgary,CYVR,YVR,Vancouver,1757233083,1757236994,2025-09-07T08:18:03+00:00,2025-09-07T09:23:14+00:00,2025-09-07,2025-09-07,3911
c06e87,ACA2118,CYYC,YYC,Calgary,CYUL,YUL,Montreal,1757232963,1757246026,2025-09-07T08:16:03+00:00,2025-09-07T11:53:46+00:00,2025-09-07,2025-09-07,13063
c004e9,WJA646,CYYC,YYC,Calgary,CYYZ,YYZ,Toronto,1757229915,1757242306,2025-09-07T07:25:15+00:00,2025-09-07T10:51:46+00:00,2025-09-07,2025-09-07,12391
c01d2d,FLE628,CYYC,YYC,Calgary,CYYZ,YYZ,Toronto,1757229270,1757241735,2025-09-07T07:14:30+00:00,2025-09-07T10:42:15+00:00,2025-09-07,2025-09-07,12465
c0517e,WJA652,CYYC,YYC,Calgary,CYYZ,YYZ,Toronto,1757227322,1757240179,2025-09-07T06:42:02+00:00,2025-09-07T10:16:19+00:00,2025-09-07,2025-09-07,12857
c05086,ACA156,CYYC,YYC,Calgary,CYYZ,YYZ,Toronto,1757226810,1757238928,2025-09-07T06:33:30+00:00,2025-09-07T09:55:28+00:00,2025-09-07,2025-09-07,12118
c07b09,ACA154,CYYC,YYC,Calgary,CYYZ,YYZ,Toronto,1757225417,1757237698,2025-09-07T06:10:17+00:00,2025-09-07T09:34:58+00:00,2025-09-07,2025-09-07,12281
c0669e,WJA237,CYYC,YYC,Calgary,CYEG,YEG,Edmonton,1757225340,1757227109,2025-09-07T06:09:00+00:00,2025-09-07T06:38:29+00:00,2025-09-07,2025-09-07,1769
c01f52,WJA135,CYYC,YYC,Calgary,CYVR,YVR,Vancouver,1757223361,1757227325,2025-09-07T05:36:01+00:00,2025-09-07T06:42:05+00:00,2025-09-07,2025-09-07,3964
c038c3,CFVMW,CYYC,YYC,Calgary,CYVR,YVR,Vancouver,1757218923,1757222801,2025-09-07T04:22:03+00:00,2025-09-07T05:26:41+00:00,2025-09-07,2025-09-07,3878
c0473b,CJT2389,CYYC,YYC,Calgary,CYVR,YVR,Vancouver,1757218309,1757222215,2025-09-07T04:11:49+00:00,2025-09-07T05:16:55+00:00,2025-09-07,2025-09-07,3906
c0360e,WJA133,CYYC,YYC,Calgary,CYVR,YVR,Vancouver,1757217991,1757222024,2025-09-07T04:06:31+00:00,2025-09-07T05:13:44+00:00,2025-09-07,2025-09-07,4033
c01e1f,FLE805,CYYC,YYC,Calgary,CYVR,YVR,Vancouver,1757217531,1757221397,2025-09-07T03:58:51+00:00,2025-09-07T05:03:17+00:00,2025-09-07,2025-09-07,3866
c06738,WJA289,CYYC,YYC,Calgary,CYEG,YEG,Edmonton,1757216641,1757218527,2025-09-07T03:44:01+00:00,2025-09-07T04:15:27+00:00,2025-09-07,2025-09-07,1886
c08106,WJA131,CYYC,YYC,Calgary,CYVR,YVR,Vancouver,1757216352,1757220495,2025-09-07T03:39:12+00:00,2025-09-07T04:48:15+00:00,2025-09-07,2025-09-07,4143
c007d0,ACA227,CYYC,YYC,Calgary,CYVR,YVR,Vancouver,1757213464,1757217292,2025-09-07T02:51:04+00:00,2025-09-07T03:54:52+00:00,2025-09-07,2025-09-07,3828
c052d3,WJA129,CYYC,YYC,Calgary,CYVR,YVR,Vancouver,1757212976,1757216842,2025-09-07T02:42:56+00:00,2025-09-07T03:47:22+00:00,2025-09-07,2025-09-07,3866
c03bf5,WJA241,CYYC,YYC,Calgary,CYEG,YEG,Edmonton,1757212367,1757214255,2025-09-07T02:32:47+00:00,2025-09-07T03:04:15+00:00,2025-09-07,2025-09-07,1888
c07d20,JZA144,CYYC,YYC,Calgary,CYEG,YEG,Edmonton,1757210416,1757212428,2025-09-07T02:00:16+00:00,2025-09-07T02:33:48+00:00,2025-09-07,2025-09-07,2012
c07fb1,WJA127,CYYC,YYC,Calgary,CYVR,YVR,Vancouver,1757210252,1757214064,2025-09-07T01:57:32+00:00,2025-09-07T03:01:04+00:00,2025-09-07,2025-09-07,3812
c035f8,WJA255,CYYC,YYC,Calgary,CYEG,YEG,Edmonton,1757210055,1757212018,2025-09-07T01:54:15+00:00,2025-09-07T02:26:58+00:00,2025-09-07,2025-09-07,1963
c05eb7,ACA158,CYYC,YYC,Calgary,CYYZ,YYZ,Toronto,1757208922,1757220928,2025-09-07T01:35:22+00:00,2025-09-07T04:55:28+00:00,2025-09-07,2025-09-07,12006
c080a6,WJA676,CYYC,YYC,Calgary,CYYZ,YYZ,Toronto,1757207573,1757219965,2025-09-07T01:12:53+00:00,2025-09-07T04:39:25+00:00,2025-09-07,2025-09-07,12392
c00cd6,WJA214,CYYC,YYC,Calgary,CYUL,YUL,Montreal,1757206750,1757219874,2025-09-07T00:59:10+00:00,2025-09-07T04:37:54+00:00,2025-09-07,2025-09-07,13124
c04687,ASP839,CYYC,YYC,Calgary,CYVR,YVR,Vancouver,1757205643,1757209459,2025-09-07T00:40:43+00:00,2025-09-07T01:44:19+00:00,2025-09-07,2025-09-07,3816
c07ee6,WJA125,CYYC,YYC,Calgary,CYVR,YVR,Vancouver,1757204926,1757208729,2025-09-07T00:28:46+00:00,2025-09-07T01:32:09+00:00,2025-09-07,2025-09-07,3803
c00757,ACA223,CYYC,YYC,Calgary,CYVR,YVR,Vancouver,1757204842,1757208567,2025-09-07T00:27:22+00:00,2025-09-07T01:29:27+00:00,2025-09-07,2025-09-07,3725
c010f6,ACA152,CYYC,YYC,Calgary,CYYZ,YYZ,Toronto,1757203563,1757215466,2025-09-07T00:06:03+00:00,2025-09-07T03:24:26+00:00,2025-09-07,2025-09-07,11903
c07ee8,WJA244,CYEG,YEG,Edmonton,CYYC,YYC,Calgary,1757282940,1757284829,2025-09-07T22:09:00+00:00,2025-09-07T22:40:29+00:00,2025-09-07,2025-09-07,1889
c00700,ACA243,CYEG,YEG,Edmonton,CYVR,YVR,Vancouver,1757280013,1757284264,2025-09-07T21:20:13+00:00,2025-09-07T22:31:04+00:00,2025-09-07,2025-09-07,4251
c07fb1,WJA152,CYEG,YEG,Edmonton,CYYC,YYC,Calgary,1757278817,1757280712,2025-09-07T21:00:17+00:00,2025-09-07T21:31:52+00:00,2025-09-07,2025-09-07,1895
c05f01,JZA137,CYEG,YEG,Edmonton,CYYC,YYC,Calgary,1757276121,1757278226,2025-09-07T20:15:21+00:00,2025-09-07T20:50:26+00:00,2025-09-07,2025-09-07,2105
c080ae,WJA169,CYEG,YEG,Edmonton,CYVR,YVR,Vancouver,1757275807,1757280204,2025-09-07T20:10:07+00:00,2025-09-07T21:23:24+00:00,2025-09-07,2025-09-07,4397
c02294,NCB2651,CYEG,YEG,Edmonton,CYYC,YYC,Calgary,1757272232,1757274904,2025-09-07T19:10:32+00:00,2025-09-07T19:55:04+00:00,2025-09-07,2025-09-07,2672
c007d8,ACA241,CYEG,YEG,Edmonton,CYVR,YVR,Vancouver,1757271081,1757275462,2025-09-07T18:51:21+00:00,2025-09-07T20:04:22+00:00,2025-09-07,2025-09-07,4381
c03488,WJA428,CYEG,YEG,Edmonton,CYYZ,YYZ,Toronto,1757269931,1757281220,2025-09-07T18:32:11+00:00,2025-09-07T21:40:20+00:00,2025-09-07,2025-09-07,11289
c08864,POE406,CYEG,YEG,Edmonton,CYYZ,YYZ,Toronto,1757269809,1757281558,2025-09-07T18:30:09+00:00,2025-09-07T21:45:58+00:00,2025-09-07,2025-09-07,11749
c006ec,ACA239,CYEG,YEG,Edmonton,CYVR,YVR,Vancouver,1757269209,1757273716,2025-09-07T18:20:09+00:00,2025-09-07T19:35:16+00:00,2025-09-07,2025-09-07,4507
c04d0a,WEN3348,CYEG,YEG,Edmonton,CYYC,YYC,Calgary,1757268344,1757271289,2025-09-07T18:05:44+00:00,2025-09-07T18:54:49+00:00,2025-09-07,2025-09-07,2945
c0506b,ACA336,CYEG,YEG,Edmonton,CYUL,YUL,Montreal,1757267317,1757280197,2025-09-07T17:48:37+00:00,2025-09-07T21:23:17+00:00,2025-09-07,2025-09-07,12880
c007d0,ACA237,CYEG,YEG,Edmonton,CYVR,YVR,Vancouver,1757267207,1757271774,2025-09-07T17:46:47+00:00,2025-09-07T19:02:54+00:00,2025-09-07,2025-09-07,4567
c07d20,JZA133,CYEG,YEG,Edmonton,CYYC,YYC,Calgary,1757265510,1757267990,2025-09-07T17:18:30+00:00,2025-09-07T17:59:50+00:00,2025-09-07,2025-09-07,2480
c05818,JBA392,CYEG,YEG,Edmonton,CYVR,YVR,Vancouver,1757264763,1757269090,2025-09-07T17:06:03+00:00,2025-09-07T18:18:10+00:00,2025-09-07,2025-09-07,4327
c07ee6,WJA165,CYEG,YEG,Edmonton,CYVR,YVR,Vancouver,1757264227,1757268914,2025-09-07T16:57:07+00:00,2025-09-07T18:15:14+00:00,2025-09-07,2025-09-07,4687
c01e13,FLE823,CYEG,YEG,Edmonton,CYVR,YVR,Vancouver,1757262092,1757266541,2025-09-07T16:21:32+00:00,2025-09-07T17:35:41+00:00,2025-09-07,2025-09-07,4449
c04ff4,WJA426,CYEG,YEG,Edmonton,CYYZ,YYZ,Toronto,1757261466,1757272910,2025-09-07T16:11:06+00:00,2025-09-07T19:21:50+00:00,2025-09-07,2025-09-07,11444
c063c2,CWA922,CYEG,YEG,Edmonton,CYYC,YYC,Calgary,1757231860,1757233954,2025-09-07T07:57:40+00:00,2025-09-07T08:32:34+00:00,2025-09-07,2025-09-07,2094
c06a9b,TSC571,CYYZ,YYZ,Toronto,CYUL,YUL,Montreal,1757282460,1757285838,2025-09-07T22:01:00+00:00,2025-09-07T22:57:18+00:00,2025-09-07,2025-09-07,3378
c0582b,ACA894,CYYZ,YYZ,Toronto,CYUL,YUL,Montreal,1757280270,1757284184,2025-09-07T21:24:30+00:00,2025-09-07T22:29:44+00:00,2025-09-07,2025-09-07,3914
c060c6,POE125,CYYZ,YYZ,Toronto,CYUL,YUL,Montreal,1757278323,1757282017,2025-09-07T20:52:03+00:00,2025-09-07T21:53:37+00:00,2025-09-07,2025-09-07,3694
c06a88,TSC471,CYYZ,YYZ,Toronto,CYUL,YUL,Montreal,1757277720,1757281508,2025-09-07T20:42:00+00:00,2025-09-07T21:45:08+00:00,2025-09-07,2025-09-07,3788
c058be,ACA488,CYYZ,YYZ,Toronto,CYUL,YUL,Montreal,1757277636,1757281214,2025-09-07T20:40:36+00:00,2025-09-07T21:40:14+00:00,2025-09-07,2025-09-07,3578
c010e4,ACA418,CYYZ,YYZ,Toronto,CYUL,YUL,Montreal,1757276940,1757280598,2025-09-07T20:29:00+00:00,2025-09-07T21:29:58+00:00,2025-09-07,2025-09-07,3658
c07e33,ACA416,CYYZ,YYZ,Toronto,CYUL,YUL,Montreal,1757275542,1757278919,2025-09-07T20:05:42+00:00,2025-09-07T21:01:59+00:00,2025-09-07,2025-09-07,3377
c05840,ACA7076,CYYZ,YYZ,Toronto,CYUL,YUL,Montreal,1757275520,1757280072,2025-09-07T20:05:20+00:00,2025-09-07T21:21:12+00:00,2025-09-07,2025-09-07,4552
c010ea,ACA145,CYYZ,YYZ,Toronto,CYYC,YYC,Calgary,1757271485,1757285442,2025-09-07T18:58:05+00:00,2025-09-07T22:50:42+00:00,2025-09-07,2025-09-07,13957
c00dce,FLE627,CYYZ,YYZ,Toronto,CYYC,YYC,Calgary,1757271223,1757285991,2025-09-07T18:53:43+00:00,2025-09-07T22:59:51+00:00,2025-09-07,2025-09-07,14768
c05bd2,ACA115,CYYZ,YYZ,Toronto,CYVR,YVR,Vancouver,1757267986,1757285079,2025-09-07T17:59:46+00:00,2025-09-07T22:44:39+00:00,2025-09-07,2025-09-07,17093
c01d7e,FLE613,CYYZ,YYZ,Toronto,CYVR,YVR,Vancouver,1757267979,1757285378,2025-09-07T17:59:39+00:00,2025-09-07T22:49:38+00:00,2025-09-07,2025-09-07,17399
c05ebb,WJA661,CYYZ,YYZ,Toronto,CYYC,YYC,Calgary,1757266535,1757281172,2025-09-07T17:35:35+00:00,2025-09-07T21:39:32+00:00,2025-09-07,2025-09-07,14637
c08851,POE357,CYYZ,YYZ,Toronto,CYYC,YYC,Calgary,1757265601,1757279907,2025-09-07T17:20:01+00:00,2025-09-07T21:18:27+00:00,2025-09-07,2025-09-07,14306
c08866,POE307,CYYZ,YYZ,Toronto,CYVR,YVR,Vancouver,1757265578,1757282724,2025-09-07T17:19:38+00:00,2025-09-07T22:05:24+00:00,2025-09-07,2025-09-07,17146
c001e6,ASP524,CYYZ,YYZ,Toronto,CYUL,YUL,Montreal,1757265310,1757268938,2025-09-07T17:15:10+00:00,2025-09-07T18:15:38+00:00,2025-09-07,2025-09-07,3628
c0248c,ACA412,CYYZ,YYZ,Toronto,CYUL,YUL,Montreal,1757265032,1757268628,2025-09-07T17:10:32+00:00,2025-09-07T18:10:28+00:00,2025-09-07,2025-09-07,3596
c03cf4,ACA141,CYYZ,YYZ,Toronto,CYYC,YYC,Calgary,1757265009,1757278918,2025-09-07T17:10:09+00:00,2025-09-07T21:01:58+00:00,2025-09-07,2025-09-07,13909
c05ea6,ACA113,CYYZ,YYZ,Toronto,CYVR,YVR,Vancouver,1757264943,1757281690,2025-09-07T17:09:03+00:00,2025-09-07T21:48:10+00:00,2025-09-07,2025-09-07,16747
c06724,ACA143,CYYZ,YYZ,Toronto,CYYC,YYC,Calgary,1757264854,1757278464,2025-09-07T17:07:34+00:00,2025-09-07T20:54:24+00:00,2025-09-07,2025-09-07,13610
c01cae,WJA711,CYYZ,YYZ,Toronto,CYVR,YVR,Vancouver,1757261414,1757278474,2025-09-07T16:10:14+00:00,2025-09-07T20:54:34+00:00,2025-09-07,2025-09-07,17060
c05edb,ACA410,CYYZ,YYZ,Toronto,CYUL,YUL,Montreal,1757261341,1757264848,2025-09-07T16:09:01+00:00,2025-09-07T17:07:28+00:00,2025-09-07,2025-09-07,3507
c030eb,ACA111,CYYZ,YYZ,Toronto,CYVR,YVR,Vancouver,1757261231,1757277999,2025-09-07T16:07:11+00:00,2025-09-07T20:46:39+00:00,2025-09-07,2025-09-07,16768
c0501e,ACA117,CYYZ,YYZ,Toronto,CYVR,YVR,Vancouver,1757258585,1757275275,2025-09-07T15:23:05+00:00,2025-09-07T20:01:15+00:00,2025-09-07,2025-09-07,16690
c03bfb,WJA657,CYYZ,YYZ,Toronto,CYYC,YYC,Calgary,1757257625,1757271941,2025-09-07T15:07:05+00:00,2025-09-07T19:05:41+00:00,2025-09-07,2025-09-07,14316
c06709,ACA408,CYYZ,YYZ,Toronto,CYUL,YUL,Montreal,1757257291,1757262681,2025-09-07T15:01:31+00:00,2025-09-07T16:31:21+00:00,2025-09-07,2025-09-07,5390
c08537,ACA137,CYYZ,YYZ,Toronto,CYYC,YYC,Calgary,1757255820,1757269976,2025-09-07T14:37:00+00:00,2025-09-07T18:32:56+00:00,2025-09-07,2025-09-07,14156
c06183,POE305,CYYZ,YYZ,Toronto,CYVR,YVR,Vancouver,1757255743,1757273047,2025-09-07T14:35:43+00:00,2025-09-07T19:24:07+00:00,2025-09-07,2025-09-07,17304
c01ebb,FLE625,CYYZ,YYZ,Toronto,CYYC,YYC,Calgary,1757254713,1757269409,2025-09-07T14:18:33+00:00,2025-09-07T18:23:29+00:00,2025-09-07,2025-09-07,14696
c01732,ACA109,CYYZ,YYZ,Toronto,CYVR,YVR,Vancouver,1757254336,1757270507,2025-09-07T14:12:16+00:00,2025-09-07T18:41:47+00:00,2025-09-07,2025-09-07,16171
c080a2,WJA655,CYYZ,YYZ,Toronto,CYYC,YYC,Calgary,1757253780,1757268115,2025-09-07T14:03:00+00:00,2025-09-07T18:01:55+00:00,2025-09-07,2025-09-07,14335
c01d2d,FLE609,CYYZ,YYZ,Toronto,CYVR,YVR,Vancouver,1757253633,1757270826,2025-09-07T14:00:33+00:00,2025-09-07T18:47:06+00:00,2025-09-07,2025-09-07,17193
c04ddc,WJA707,CYYZ,YYZ,Toronto,CYVR,YVR,Vancouver,1757253453,1757270753,2025-09-07T13:57:33+00:00,2025-09-07T18:45:53+00:00,2025-09-07,2025-09-07,17300
c060bd,POE353,CYYZ,YYZ,Toronto,CYYC,YYC,Calgary,1757251891,1757266226,2025-09-07T13:31:31+00:00,2025-09-07T17:30:26+00:00,2025-09-07,2025-09-07,14335
c0192e,ACA135,CYYZ,YYZ,Toronto,CYYC,YYC,Calgary,1757251715,1757266049,2025-09-07T13:28:35+00:00,2025-09-07T17:27:29+00:00,2025-09-07,2025-09-07,14334
c038ca,ACA107,CYYZ,YYZ,Toronto,CYVR,YVR,Vancouver,1757251400,1757267488,2025-09-07T13:23:20+00:00,2025-09-07T17:51:28+00:00,2025-09-07,2025-09-07,16088
c05ed0,ACA404,CYYZ,YYZ,Toronto,CYUL,YUL,Montreal,1757251027,1757255062,2025-09-07T13:17:07+00:00,2025-09-07T14:24:22+00:00,2025-09-07,2025-09-07,4035
c004e9,WJA651,CYYZ,YYZ,Toronto,CYYC,YYC,Calgary,1757250276,1757264006,2025-09-07T13:04:36+00:00,2025-09-07T16:53:26+00:00,2025-09-07,2025-09-07,13730
c05bcb,ACA105,CYYZ,YYZ,Toronto,CYVR,YVR,Vancouver,1757248604,1757265478,2025-09-07T12:36:44+00:00,2025-09-07T17:17:58+00:00,2025-09-07,2025-09-07,16874
c060c5,POE303,CYYZ,YYZ,Toronto,CYVR,YVR,Vancouver,1757248320,1757264729,2025-09-07T12:32:00+00:00,2025-09-07T17:05:29+00:00,2025-09-07,2025-09-07,16409
c0248c,ACA402,CYYZ,YYZ,Toronto,CYUL,YUL,Montreal,1757248104,1757251407,2025-09-07T12:28:24+00:00,2025-09-07T13:23:27+00:00,2025-09-07,2025-09-07,3303
c0171a,ACA189,CYYZ,YYZ,Toronto,CYVR,YVR,Vancouver,1757247801,1757263348,2025-09-07T12:23:21+00:00,2025-09-07T16:42:28+00:00,2025-09-07,2025-09-07,15547
c028cd,WJA703,CYYZ,YYZ,Toronto,CYVR,YVR,Vancouver,1757247691,1757264599,2025-09-07T12:21:31+00:00,2025-09-07T17:03:19+00:00,2025-09-07,2025-09-07,16908
c0517e,WJA649,CYYZ,YYZ,Toronto,CYYC,YYC,Calgary,1757246521,1757260872,2025-09-07T12:02:01+00:00,2025-09-07T16:01:12+00:00,2025-09-07,2025-09-07,14351
c01e1f,FLE601,CYYZ,YYZ,Toronto,CYVR,YVR,Vancouver,1757245444,1757262449,2025-09-07T11:44:04+00:00,2025-09-07T16:27:29+00:00,2025-09-07,2025-09-07,17005
c010f6,ACA133,CYYZ,YYZ,Toronto,CYYC,YYC,Calgary,1757243650,1757256727,2025-09-07T11:14:10+00:00,2025-09-07T14:52:07+00:00,2025-09-07,2025-09-07,13077
c030eb,ACA400,CYYZ,YYZ,Toronto,CYUL,YUL,Montreal,1757243342,1757246560,2025-09-07T11:09:02+00:00,2025-09-07T12:02:40+00:00,2025-09-07,2025-09-07,3218
c01e28,ACA101,CYYZ,YYZ,Toronto,CYVR,YVR,Vancouver,1757242982,1757259774,2025-09-07T11:03:02+00:00,2025-09-07T15:42:54+00:00,2025-09-07,2025-09-07,16792
c04ff4,WJA419,CYYZ,YYZ,Toronto,CYEG,YEG,Edmonton,1757242037,1757255666,2025-09-07T10:47:17+00:00,2025-09-07T14:34:26+00:00,2025-09-07,2025-09-07,13629
c004f3,WJA653,CYYZ,YYZ,Toronto,CYYC,YYC,Calgary,1757241451,1757255724,2025-09-07T10:37:31+00:00,2025-09-07T14:35:24+00:00,2025-09-07,2025-09-07,14273
c02ae3,WJA701,CYYZ,YYZ,Toronto,CYVR,YVR,Vancouver,1757241352,1757258309,2025-09-07T10:35:52+00:00,2025-09-07T15:18:29+00:00,2025-09-07,2025-09-07,16957
c0307c,ACA480,CYYZ,YYZ,Toronto,CYUL,YUL,Montreal,1757240580,1757244680,2025-09-07T10:23:00+00:00,2025-09-07T11:31:20+00:00,2025-09-07,2025-09-07,4100
c08497,ACA161,CYYZ,YYZ,Toronto,CYEG,YEG,Edmonton,1757240439,1757255201,2025-09-07T10:20:39+00:00,2025-09-07T14:26:41+00:00,2025-09-07,2025-09-07,14762
c05eb1,ACA181,CYYZ,YYZ,Toronto,CYVR,YVR,Vancouver,1757239826,1757257180,2025-09-07T10:10:26+00:00,2025-09-07T14:59:40+00:00,2025-09-07,2025-09-07,17354
c02358,JZA7774,CYYZ,YYZ,Toronto,CYUL,YUL,Montreal,1757220030,1757223016,2025-09-07T04:40:30+00:00,2025-09-07T05:30:16+00:00,2025-09-07,2025-09-07,2986
c066dd,ACA432,CYYZ,YYZ,Toronto,CYUL,YUL,Montreal,1757219073,1757221968,2025-09-07T04:24:33+00:00,2025-09-07T05:12:48+00:00,2025-09-07,2025-09-07,2895
c050c0,ACA159,CYYZ,YYZ,Toronto,CYYC,YYC,Calgary,1757216070,1757229149,2025-09-07T03:34:30+00:00,2025-09-07T07:12:29+00:00,2025-09-07,2025-09-07,13079
c08857,POE135,CYYZ,YYZ,Toronto,CYUL,YUL,Montreal,1757215136,1757218218,2025-09-07T03:18:56+00:00,2025-09-07T04:10:18+00:00,2025-09-07,2025-09-07,3082
c012bd,WJA598,CYYZ,YYZ,Toronto,CYUL,YUL,Montreal,1757214493,1757217898,2025-09-07T03:08:13+00:00,2025-09-07T04:04:58+00:00,2025-09-07,2025-09-07,3405
c07ee8,WJA679,CYYZ,YYZ,Toronto,CYYC,YYC,Calgary,1757213374,1757226896,2025-09-07T02:49:34+00:00,2025-09-07T06:34:56+00:00,2025-09-07,2025-09-07,13522
c03488,WJA731,CYYZ,YYZ,Toronto,CYVR,YVR,Vancouver,1757212376,1757229196,2025-09-07T02:32:56+00:00,2025-09-07T07:13:16+00:00,2025-09-07,2025-09-07,16820
c0737c,WJA445,CYYZ,YYZ,Toronto,CYEG,YEG,Edmonton,1757211544,1757225570,2025-09-07T02:19:04+00:00,2025-09-07T06:12:50+00:00,2025-09-07,2025-09-07,14026
c01d72,FLE631,CYYZ,YYZ,Toronto,CYEG,YEG,Edmonton,1757211370,1757225307,2025-09-07T02:16:10+00:00,2025-09-07T06:08:27+00:00,2025-09-07,2025-09-07,13937
c01d2d,FLE629,CYYZ,YYZ,Toronto,CYYC,YYC,Calgary,1757210701,1757224867,2025-09-07T02:05:01+00:00,2025-09-07T06:01:07+00:00,2025-09-07,2025-09-07,14166
c010cb,ACA157,CYYZ,YYZ,Toronto,CYYC,YYC,Calgary,1757210588,1757224130,2025-09-07T02:03:08+00:00,2025-09-07T05:48:50+00:00,2025-09-07,2025-09-07,13542
c05bcf,ACA129,CYYZ,YYZ,Toronto,CYVR,YVR,Vancouver,1757208029,1757225088,2025-09-07T01:20:29+00:00,2025-09-07T06:04:48+00:00,2025-09-07,2025-09-07,17059
c01ebb,FLE603,CYYZ,YYZ,Toronto,CYVR,YVR,Vancouver,1757207498,1757224947,2025-09-07T01:11:38+00:00,2025-09-07T06:02:27+00:00,2025-09-07,2025-09-07,17449
c084b9,ACA177,CYYZ,YYZ,Toronto,CYEG,YEG,Edmonton,1757206478,1757220084,2025-09-07T00:54:38+00:00,2025-09-07T04:41:24+00:00,2025-09-07,2025-09-07,13606
c07a0f,TSC661,CYYZ,YYZ,Toronto,CYUL,YUL,Montreal,1757204801,1757207937,2025-09-07T00:26:41+00:00,2025-09-07T01:18:57+00:00,2025-09-07,2025-09-07,3136
c060bc,POE365,CYYZ,YYZ,Toronto,CYYC,YYC,Calgary,1757204705,1757218245,2025-09-07T00:25:05+00:00,2025-09-07T04:10:45+00:00,2025-09-07,2025-09-07,13540
c00a0d,ACA426,CYYZ,YYZ,Toronto,CYUL,YUL,Montreal,1757204304,1757207533,2025-09-07T00:18:24+00:00,2025-09-07T01:12:13+00:00,2025-09-07,2025-09-07,3229
c043cb,WJA675,CYYZ,YYZ,Toronto,CYYC,YYC,Calgary,1757203734,1757217099,2025-09-07T00:08:54+00:00,2025-09-07T03:51:39+00:00,2025-09-07,2025-09-07,13365
c05bcb,ACA127,CYYZ,YYZ,Toronto,CYVR,YVR,Vancouver,1757203557,1757219639,2025-09-07T00:05:57+00:00,2025-09-07T04:33:59+00:00,2025-09-07,2025-09-07,16082
c060ba,POE129,CYYZ,YYZ,Toronto,CYUL,YUL,Montreal,1757203247,1757206516,2025-09-07T00:00:47+00:00,2025-09-07T00:55:16+00:00,2025-09-07,2025-09-07,3269
c04fdd,ACA895,CYUL,YUL,Montreal,CYYZ,YYZ,Toronto,1757278339,1757281915,2025-09-07T20:52:19+00:00,2025-09-07T21:51:55+00:00,2025-09-07,2025-09-07,3576
c03d67,HRT242,CYUL,YUL,Montreal,CYYZ,YYZ,Toronto,1757276942,1757280201,2025-09-07T20:29:02+00:00,2025-09-07T21:23:21+00:00,2025-09-07,2025-09-07,3259
c051da,TSC470,CYUL,YUL,Montreal,CYYZ,YYZ,Toronto,1757276700,1757280228,2025-09-07T20:25:00+00:00,2025-09-07T21:23:48+00:00,2025-09-07,2025-09-07,3528
c058c2,ACA489,CYUL,YUL,Montreal,CYYZ,YYZ,Toronto,1757275748,1757279214,2025-09-07T20:09:08+00:00,2025-09-07T21:06:54+00:00,2025-09-07,2025-09-07,3466
c0248c,ACA417,CYUL,YUL,Montreal,CYYZ,YYZ,Toronto,1757274666,1757278084,2025-09-07T19:51:06+00:00,2025-09-07T20:48:04+00:00,2025-09-07,2025-09-07,3418
c05edb,ACA415,CYUL,YUL,Montreal,CYYZ,YYZ,Toronto,1757270352,1757274097,2025-09-07T18:39:12+00:00,2025-09-07T19:41:37+00:00,2025-09-07,2025-09-07,3745
c010e4,ACA413,CYUL,YUL,Montreal,CYYZ,YYZ,Toronto,1757269303,1757272948,2025-09-07T18:21:43+00:00,2025-09-07T19:22:28+00:00,2025-09-07,2025-09-07,3645
ab40e8,CRE824,CYUL,YUL,Montreal,CYYZ,YYZ,Toronto,1757269158,1757272760,2025-09-07T18:19:18+00:00,2025-09-07T19:19:20+00:00,2025-09-07,2025-09-07,3602
c06709,ACA305,CYUL,YUL,Montreal,CYVR,YVR,Vancouver,1757267265,1757285437,2025-09-07T17:47:45+00:00,2025-09-07T22:50:37+00:00,2025-09-07,2025-09-07,18172
c00b35,ACA323,CYUL,YUL,Montreal,CYYC,YYC,Calgary,1757267123,1757281328,2025-09-07T17:45:23+00:00,2025-09-07T21:42:08+00:00,2025-09-07,2025-09-07,14205
c02fed,ACA411,CYUL,YUL,Montreal,CYYZ,YYZ,Toronto,1757263444,1757267181,2025-09-07T16:44:04+00:00,2025-09-07T17:46:21+00:00,2025-09-07,2025-09-07,3737
c05ed0,ACA409,CYUL,YUL,Montreal,CYYZ,YYZ,Toronto,1757258962,1757262864,2025-09-07T15:29:22+00:00,2025-09-07T16:34:24+00:00,2025-09-07,2025-09-07,3902
c060ba,POE112,CYUL,YUL,Montreal,CYYZ,YYZ,Toronto,1757257832,1757263077,2025-09-07T15:10:32+00:00,2025-09-07T16:37:57+00:00,2025-09-07,2025-09-07,5245
c0248c,ACA407,CYUL,YUL,Montreal,CYYZ,YYZ,Toronto,1757254789,1757258263,2025-09-07T14:19:49+00:00,2025-09-07T15:17:43+00:00,2025-09-07,2025-09-07,3474
c030eb,ACA405,CYUL,YUL,Montreal,CYYZ,YYZ,Toronto,1757250970,1757254467,2025-09-07T13:16:10+00:00,2025-09-07T14:14:27+00:00,2025-09-07,2025-09-07,3497
c06e87,ACA403,CYUL,YUL,Montreal,CYYZ,YYZ,Toronto,1757250249,1757253626,2025-09-07T13:04:09+00:00,2025-09-07T14:00:26+00:00,2025-09-07,2025-09-07,3377
c02eca,ACA303,CYUL,YUL,Montreal,CYVR,YVR,Vancouver,1757248325,1757265114,2025-09-07T12:32:05+00:00,2025-09-07T17:11:54+00:00,2025-09-07,2025-09-07,16789
c0653d,ACA321,CYUL,YUL,Montreal,CYYC,YYC,Calgary,1757248163,1757263073,2025-09-07T12:29:23+00:00,2025-09-07T16:37:53+00:00,2025-09-07,2025-09-07,14910
c012bd,WJA215,CYUL,YUL,Montreal,CYYC,YYC,Calgary,1757245503,1757260346,2025-09-07T11:45:03+00:00,2025-09-07T15:52:26+00:00,2025-09-07,2025-09-07,14843
c0584f,ACA301,CYUL,YUL,Montreal,CYVR,YVR,Vancouver,1757245044,1757262143,2025-09-07T11:37:24+00:00,2025-09-07T16:22:23+00:00,2025-09-07,2025-09-07,17099
c0884e,POE373,CYUL,YUL,Montreal,CYVR,YVR,Vancouver,1757243560,1757261572,2025-09-07T11:12:40+00:00,2025-09-07T16:12:52+00:00,2025-09-07,2025-09-07,18012
c05ed0,ACA401,CYUL,YUL,Montreal,CYYZ,YYZ,Toronto,1757243310,1757247443,2025-09-07T11:08:30+00:00,2025-09-07T12:17:23+00:00,2025-09-07,2025-09-07,4133
c08857,POE102,CYUL,YUL,Montreal,CYYZ,YYZ,Toronto,1757243010,1757246605,2025-09-07T11:03:30+00:00,2025-09-07T12:03:25+00:00,2025-09-07,2025-09-07,3595
c00cd6,WJA579,CYUL,YUL,Montreal,CYYZ,YYZ,Toronto,1757242830,1757246429,2025-09-07T11:00:30+00:00,2025-09-07T12:00:29+00:00,2025-09-07,2025-09-07,3599
c06539,ACA481,CYUL,YUL,Montreal,CYYZ,YYZ,Toronto,1757239870,1757243404,2025-09-07T10:11:10+00:00,2025-09-07T11:10:04+00:00,2025-09-07,2025-09-07,3534
c02358,JZA7773,CYUL,YUL,Montreal,CYYZ,YYZ,Toronto,1757237317,1757240996,2025-09-07T09:28:37+00:00,2025-09-07T10:29:56+00:00,2025-09-07,2025-09-07,3679
c0193b,ROU1992,CYUL,YUL,Montreal,CYYZ,YYZ,Toronto,1757212141,1757215589,2025-09-07T02:29:01+00:00,2025-09-07T03:26:29+00:00,2025-09-07,2025-09-07,3448
c06724,ACA429,CYUL,YUL,Montreal,CYYZ,YYZ,Toronto,1757211415,1757215098,2025-09-07T02:16:55+00:00,2025-09-07T03:18:18+00:00,2025-09-07,2025-09-07,3683
c030ef,ACA313,CYUL,YUL,Montreal,CYVR,YVR,Vancouver,1757210782,1757228542,2025-09-07T02:06:22+00:00,2025-09-07T07:02:22+00:00,2025-09-07,2025-09-07,17760
c06e87,ACA327,CYUL,YUL,Montreal,CYYC,YYC,Calgary,1757206480,1757220599,2025-09-07T00:54:40+00:00,2025-09-07T04:49:59+00:00,2025-09-07,2025-09-07,14119
c0192e,ACA427,CYUL,YUL,Montreal,CYYZ,YYZ,Toronto,1757205967,1757209683,2025-09-07T00:46:07+00:00,2025-09-07T01:48:03+00:00,2025-09-07,2025-09-07,3716
c0884f,POE130,CYUL,YUL,Montreal,CYYZ,YYZ,Toronto,1757205077,1757208705,2025-09-07T00:31:17+00:00,2025-09-07T01:31:45+00:00,2025-09-07,2025-09-07,3628
c051d1,TSC660,CYUL,YUL,Montreal,CYYZ,YYZ,Toronto,1757204175,1757208118,2025-09-07T00:16:15+00:00,2025-09-07T01:21:58+00:00,2025-09-07,2025-09-07,3943
c00734,WJA116,CYVR,YVR,Vancouver,CYYC,YYC,Calgary,1757367924,1757371964,2025-09-08T21:45:24+00:00,2025-09-08T22:52:44+00:00,2025-09-08,2025-09-08,4040
c0371f,WJA114,CYVR,YVR,Vancouver,CYYC,YYC,Calgary,1757366029,1757369833,2025-09-08T21:13:49+00:00,2025-09-08T22:17:13+00:00,2025-09-08,2025-09-08,3804
c02fe7,ACA216,CYVR,YVR,Vancouver,CYYC,YYC,Calgary,1757365389,1757369248,2025-09-08T21:03:09+00:00,2025-09-08T22:07:28+00:00,2025-09-08,2025-09-08,3859
c07f01,WJA168,CYVR,YVR,Vancouver,CYEG,YEG,Edmonton,1757364654,1757368921,2025-09-08T20:50:54+00:00,2025-09-08T22:02:01+00:00,2025-09-08,2025-09-08,4267
c0669e,WJA112,CYVR,YVR,Vancouver,CYYC,YYC,Calgary,1757362304,1757366153,2025-09-08T20:11:44+00:00,2025-09-08T21:15:53+00:00,2025-09-08,2025-09-08,3849
c00da8,FLE820,CYVR,YVR,Vancouver,CYEG,YEG,Edmonton,1757361025,1757365336,2025-09-08T19:50:25+00:00,2025-09-08T21:02:16+00:00,2025-09-08,2025-09-08,4311
c071a4,WJA166,CYVR,YVR,Vancouver,CYEG,YEG,Edmonton,1757359404,1757363527,2025-09-08T19:23:24+00:00,2025-09-08T20:32:07+00:00,2025-09-08,2025-09-08,4123
c07d20,JZA394,CYVR,YVR,Vancouver,CYYC,YYC,Calgary,1757358480,1757366597,2025-09-08T19:08:00+00:00,2025-09-08T21:23:17+00:00,2025-09-08,2025-09-08,8117
c01e11,FLE816,CYVR,YVR,Vancouver,CYYC,YYC,Calgary,1757358438,1757362379,2025-09-08T19:07:18+00:00,2025-09-08T20:12:59+00:00,2025-09-08,2025-09-08,3941
c07ee6,WJA110,CYVR,YVR,Vancouver,CYYC,YYC,Calgary,1757357752,1757361762,2025-09-08T18:55:52+00:00,2025-09-08T20:02:42+00:00,2025-09-08,2025-09-08,4010
c006ec,ACA238,CYVR,YVR,Vancouver,CYEG,YEG,Edmonton,1757357141,1757361226,2025-09-08T18:45:41+00:00,2025-09-08T19:53:46+00:00,2025-09-08,2025-09-08,4085
c00dce,FLE806,CYVR,YVR,Vancouver,CYYC,YYC,Calgary,1757356544,1757360729,2025-09-08T18:35:44+00:00,2025-09-08T19:45:29+00:00,2025-09-08,2025-09-08,4185
c0616c,POE374,CYVR,YVR,Vancouver,CYUL,YUL,Montreal,1757355661,1757371441,2025-09-08T18:21:01+00:00,2025-09-08T22:44:01+00:00,2025-09-08,2025-09-08,15780
c0618c,POE304,CYVR,YVR,Vancouver,CYYZ,YYZ,Toronto,1757353021,1757367851,2025-09-08T17:37:01+00:00,2025-09-08T21:44:11+00:00,2025-09-08,2025-09-08,14830
c05ce2,WEN3174,CYVR,YVR,Vancouver,CYYC,YYC,Calgary,1757352966,1757363318,2025-09-08T17:36:06+00:00,2025-09-08T20:28:38+00:00,2025-09-08,2025-09-08,10352
c07e62,WJA108,CYVR,YVR,Vancouver,CYYC,YYC,Calgary,1757352738,1757356550,2025-09-08T17:32:18+00:00,2025-09-08T18:35:50+00:00,2025-09-08,2025-09-08,3812
c03f85,WJA162,CYVR,YVR,Vancouver,CYEG,YEG,Edmonton,1757352453,1757356713,2025-09-08T17:27:33+00:00,2025-09-08T18:38:33+00:00,2025-09-08,2025-09-08,4260
c05bd2,ACA108,CYVR,YVR,Vancouver,CYYZ,YYZ,Toronto,1757351797,1757366992,2025-09-08T17:16:37+00:00,2025-09-08T21:29:52+00:00,2025-09-08,2025-09-08,15195
c05ea6,ACA210,CYVR,YVR,Vancouver,CYYC,YYC,Calgary,1757351562,1757355178,2025-09-08T17:12:42+00:00,2025-09-08T18:12:58+00:00,2025-09-08,2025-09-08,3616
c04cf4,WJA708,CYVR,YVR,Vancouver,CYYZ,YYZ,Toronto,1757351250,1757366217,2025-09-08T17:07:30+00:00,2025-09-08T21:16:57+00:00,2025-09-08,2025-09-08,14967
c007d8,ACA236,CYVR,YVR,Vancouver,CYEG,YEG,Edmonton,1757350576,1757354750,2025-09-08T16:56:16+00:00,2025-09-08T18:05:50+00:00,2025-09-08,2025-09-08,4174
c0174d,ACA34,CYVR,YVR,Vancouver,CYYZ,YYZ,Toronto,1757348282,1757362589,2025-09-08T16:18:02+00:00,2025-09-08T20:16:29+00:00,2025-09-08,2025-09-08,14307
c052d7,WJA706,CYVR,YVR,Vancouver,CYYZ,YYZ,Toronto,1757348014,1757362994,2025-09-08T16:13:34+00:00,2025-09-08T20:23:14+00:00,2025-09-08,2025-09-08,14980
c01759,ACA304,CYVR,YVR,Vancouver,CYUL,YUL,Montreal,1757347823,1757362829,2025-09-08T16:10:23+00:00,2025-09-08T20:20:29+00:00,2025-09-08,2025-09-08,15006
c00757,ACA204,CYVR,YVR,Vancouver,CYYC,YYC,Calgary,1757345943,1757349869,2025-09-08T15:39:03+00:00,2025-09-08T16:44:29+00:00,2025-09-08,2025-09-08,3926
c006b1,WJA104,CYVR,YVR,Vancouver,CYYC,YYC,Calgary,1757345766,1757349569,2025-09-08T15:36:06+00:00,2025-09-08T16:39:29+00:00,2025-09-08,2025-09-08,3803
c00700,ACA234,CYVR,YVR,Vancouver,CYEG,YEG,Edmonton,1757345400,1757349647,2025-09-08T15:30:00+00:00,2025-09-08T16:40:47+00:00,2025-09-08,2025-09-08,4247
c060c6,POE372,CYVR,YVR,Vancouver,CYUL,YUL,Montreal,1757345107,1757360806,2025-09-08T15:25:07+00:00,2025-09-08T19:46:46+00:00,2025-09-08,2025-09-08,15699
c07f02,WJA164,CYVR,YVR,Vancouver,CYEG,YEG,Edmonton,1757344844,1757349140,2025-09-08T15:20:44+00:00,2025-09-08T16:32:20+00:00,2025-09-08,2025-09-08,4296
c00821,ACA302,CYVR,YVR,Vancouver,CYUL,YUL,Montreal,1757343431,1757359512,2025-09-08T14:57:11+00:00,2025-09-08T19:25:12+00:00,2025-09-08,2025-09-08,16081
c00da8,FLE800,CYVR,YVR,Vancouver,CYYC,YYC,Calgary,1757343362,1757347266,2025-09-08T14:56:02+00:00,2025-09-08T16:01:06+00:00,2025-09-08,2025-09-08,3904
c08852,POE302,CYVR,YVR,Vancouver,CYYZ,YYZ,Toronto,1757343189,1757358140,2025-09-08T14:53:09+00:00,2025-09-08T19:02:20+00:00,2025-09-08,2025-09-08,14951
c007d0,ACA232,CYVR,YVR,Vancouver,CYEG,YEG,Edmonton,1757342792,1757346857,2025-09-08T14:46:32+00:00,2025-09-08T15:54:17+00:00,2025-09-08,2025-09-08,4065
c010f6,ACA104,CYVR,YVR,Vancouver,CYYZ,YYZ,Toronto,1757342643,1757357531,2025-09-08T14:44:03+00:00,2025-09-08T18:52:11+00:00,2025-09-08,2025-09-08,14888
c01e11,FLE822,CYVR,YVR,Vancouver,CYEG,YEG,Edmonton,1757341061,1757345330,2025-09-08T14:17:41+00:00,2025-09-08T15:28:50+00:00,2025-09-08,2025-09-08,4269
c0737c,WJA102,CYVR,YVR,Vancouver,CYYC,YYC,Calgary,1757340760,1757344918,2025-09-08T14:12:40+00:00,2025-09-08T15:21:58+00:00,2025-09-08,2025-09-08,4158
c080db,ACA202,CYVR,YVR,Vancouver,CYYC,YYC,Calgary,1757340630,1757344464,2025-09-08T14:10:30+00:00,2025-09-08T15:14:24+00:00,2025-09-08,2025-09-08,3834
c02f6a,WJA100,CYVR,YVR,Vancouver,CYYC,YYC,Calgary,1757337573,1757341477,2025-09-08T13:19:33+00:00,2025-09-08T14:24:37+00:00,2025-09-08,2025-09-08,3904
c02cfc,WJA700,CYVR,YVR,Vancouver,CYYZ,YYZ,Toronto,1757337423,1757352807,2025-09-08T13:17:03+00:00,2025-09-08T17:33:27+00:00,2025-09-08,2025-09-08,15384
c05086,ACA100,CYVR,YVR,Vancouver,CYYZ,YYZ,Toronto,1757337044,1757352116,2025-09-08T13:10:44+00:00,2025-09-08T17:21:56+00:00,2025-09-08,2025-09-08,15072
c07f01,WJA160,CYVR,YVR,Vancouver,CYEG,YEG,Edmonton,1757336768,1757340989,2025-09-08T13:06:08+00:00,2025-09-08T14:16:29+00:00,2025-09-08,2025-09-08,4221
c07ef2,WJA136,CYVR,YVR,Vancouver,CYYC,YYC,Calgary,1757333446,1757337269,2025-09-08T12:10:46+00:00,2025-09-08T13:14:29+00:00,2025-09-08,2025-09-08,3823
c027d1,ACA7202,CYVR,YVR,Vancouver,CYYZ,YYZ,Toronto,1757320560,1757335158,2025-09-08T08:36:00+00:00,2025-09-08T12:39:18+00:00,2025-09-08,2025-09-08,14598
c04aca,CJT2382,CYVR,YVR,Vancouver,CYYC,YYC,Calgary,1757317118,1757320519,2025-09-08T07:38:38+00:00,2025-09-08T08:35:19+00:00,2025-09-08,2025-09-08,3401
c05eb7,ACA182,CYVR,YVR,Vancouver,CYYZ,YYZ,Toronto,1757317007,1757331713,2025-09-08T07:36:47+00:00,2025-09-08T11:41:53+00:00,2025-09-08,2025-09-08,14706
c01dcb,FLE602,CYVR,YVR,Vancouver,CYYZ,YYZ,Toronto,1757316332,1757331558,2025-09-08T07:25:32+00:00,2025-09-08T11:39:18+00:00,2025-09-08,2025-09-08,15226
c071a4,WJA564,CYVR,YVR,Vancouver,CYUL,YUL,Montreal,1757314441,1757330264,2025-09-08T06:54:01+00:00,2025-09-08T11:17:44+00:00,2025-09-08,2025-09-08,15823
c05bcb,ACA128,CYVR,YVR,Vancouver,CYYZ,YYZ,Toronto,1757313090,1757328327,2025-09-08T06:31:30+00:00,2025-09-08T10:45:27+00:00,2025-09-08,2025-09-08,15237
c05030,ACA314,CYVR,YVR,Vancouver,CYUL,YUL,Montreal,1757312023,1757327818,2025-09-08T06:13:43+00:00,2025-09-08T10:36:58+00:00,2025-09-08,2025-09-08,15795
c01e13,FLE600,CYVR,YVR,Vancouver,CYYZ,YYZ,Toronto,1757311800,1757326949,2025-09-08T06:10:00+00:00,2025-09-08T10:22:29+00:00,2025-09-08,2025-09-08,15149
c02ae3,WJA724,CYVR,YVR,Vancouver,CYYZ,YYZ,Toronto,1757310530,1757325222,2025-09-08T05:48:50+00:00,2025-09-08T09:53:42+00:00,2025-09-08,2025-09-08,14692
c05007,ACA126,CYVR,YVR,Vancouver,CYYZ,YYZ,Toronto,1757310098,1757324790,2025-09-08T05:41:38+00:00,2025-09-08T09:46:30+00:00,2025-09-08,2025-09-08,14692
c05d9d,WJA132,CYVR,YVR,Vancouver,CYYC,YYC,Calgary,1757309203,1757312871,2025-09-08T05:26:43+00:00,2025-09-08T06:27:51+00:00,2025-09-08,2025-09-08,3668
c060be,POE318,CYVR,YVR,Vancouver,CYYZ,YYZ,Toronto,1757309073,1757324116,2025-09-08T05:24:33+00:00,2025-09-08T09:35:16+00:00,2025-09-08,2025-09-08,15043
c05eb1,ACA228,CYVR,YVR,Vancouver,CYYC,YYC,Calgary,1757308444,1757312180,2025-09-08T05:14:04+00:00,2025-09-08T06:16:20+00:00,2025-09-08,2025-09-08,3736
c038c3,CFVMW,CYVR,YVR,Vancouver,CYYC,YYC,Calgary,1757305905,1757309478,2025-09-08T04:31:45+00:00,2025-09-08T05:31:18+00:00,2025-09-08,2025-09-08,3573
c00741,WJA128,CYVR,YVR,Vancouver,CYYC,YYC,Calgary,1757303555,1757307446,2025-09-08T03:52:35+00:00,2025-09-08T04:57:26+00:00,2025-09-08,2025-09-08,3891
c04688,ASP816,CYVR,YVR,Vancouver,CYYC,YYC,Calgary,1757301743,1757305787,2025-09-08T03:22:23+00:00,2025-09-08T04:29:47+00:00,2025-09-08,2025-09-08,4044
c030f7,ACA226,CYVR,YVR,Vancouver,CYYC,YYC,Calgary,1757301608,1757305639,2025-09-08T03:20:08+00:00,2025-09-08T04:27:19+00:00,2025-09-08,2025-09-08,4031
c01b4f,WJA126,CYVR,YVR,Vancouver,CYYC,YYC,Calgary,1757299249,1757303061,2025-09-08T02:40:49+00:00,2025-09-08T03:44:21+00:00,2025-09-08,2025-09-08,3812
c049fd,WJA124,CYVR,YVR,Vancouver,CYYC,YYC,Calgary,1757297463,1757301206,2025-09-08T02:11:03+00:00,2025-09-08T03:13:26+00:00,2025-09-08,2025-09-08,3743
c0540c,WJA122,CYVR,YVR,Vancouver,CYYC,YYC,Calgary,1757295287,1757299237,2025-09-08T01:34:47+00:00,2025-09-08T02:40:37+00:00,2025-09-08,2025-09-08,3950
c05067,ACA224,CYVR,YVR,Vancouver,CYYC,YYC,Calgary,1757294515,1757298277,2025-09-08T01:21:55+00:00,2025-09-08T02:24:37+00:00,2025-09-08,2025-09-08,3762
c01e13,FLE804,CYVR,YVR,Vancouver,CYYC,YYC,Calgary,1757293799,1757297839,2025-09-08T01:09:59+00:00,2025-09-08T02:17:19+00:00,2025-09-08,2025-09-08,4040
c05bd2,ACA124,CYVR,YVR,Vancouver,CYYZ,YYZ,Toronto,1757292048,1757306848,2025-09-08T00:40:48+00:00,2025-09-08T04:47:28+00:00,2025-09-08,2025-09-08,14800
c03c04,WJA722,CYVR,YVR,Vancouver,CYYZ,YYZ,Toronto,1757291605,1757308555,2025-09-08T00:33:25+00:00,2025-09-08T05:15:55+00:00,2025-09-08,2025-09-08,16950
c05d9d,WJA120,CYVR,YVR,Vancouver,CYYC,YYC,Calgary,1757290197,1757294094,2025-09-08T00:09:57+00:00,2025-09-08T01:14:54+00:00,2025-09-08,2025-09-08,3897
c06709,ACA312,CYVR,YVR,Vancouver,CYUL,YUL,Montreal,1757290049,1757305735,2025-09-08T00:07:29+00:00,2025-09-08T04:28:55+00:00,2025-09-08,2025-09-08,15686
c01d7e,FLE612,CYVR,YVR,Vancouver,CYYZ,YYZ,Toronto,1757289968,1757305817,2025-09-08T00:06:08+00:00,2025-09-08T04:30:17+00:00,2025-09-08,2025-09-08,15849
c006b1,WJA203,CYYC,YYC,Calgary,CYEG,YEG,Edmonton,1757369966,1757371982,2025-09-08T22:19:26+00:00,2025-09-08T22:53:02+00:00,2025-09-08,2025-09-08,2016
c055f5,JZA138,CYYC,YYC,Calgary,CYEG,YEG,Edmonton,1757368727,1757370708,2025-09-08T21:58:47+00:00,2025-09-08T22:31:48+00:00,2025-09-08,2025-09-08,1981
c07864,ADS350,CYYC,YYC,Calgary,CYVR,YVR,Vancouver,1757367997,1757371606,2025-09-08T21:46:37+00:00,2025-09-08T22:46:46+00:00,2025-09-08,2025-09-08,3609
c063c2,CWA922,CYYC,YYC,Calgary,CYEG,YEG,Edmonton,1757366797,1757369129,2025-09-08T21:26:37+00:00,2025-09-08T22:05:29+00:00,2025-09-08,2025-09-08,2332
c07ee6,WJA119,CYYC,YYC,Calgary,CYVR,YVR,Vancouver,1757366670,1757370453,2025-09-08T21:24:30+00:00,2025-09-08T22:27:33+00:00,2025-09-08,2025-09-08,3783
c00dce,FLE807,CYYC,YYC,Calgary,CYVR,YVR,Vancouver,1757366242,1757370002,2025-09-08T21:17:22+00:00,2025-09-08T22:20:02+00:00,2025-09-08,2025-09-08,3760
c08870,SUT8101,CYYC,YYC,Calgary,CYEG,YEG,Edmonton,1757365371,1757367418,2025-09-08T21:02:51+00:00,2025-09-08T21:36:58+00:00,2025-09-08,2025-09-08,2047
c011b6,CJT301,CYYC,YYC,Calgary,CYVR,YVR,Vancouver,1757365203,1757368633,2025-09-08T21:00:03+00:00,2025-09-08T21:57:13+00:00,2025-09-08,2025-09-08,3430
c00ec2,WJA253,CYYC,YYC,Calgary,CYEG,YEG,Edmonton,1757362485,1757364381,2025-09-08T20:14:45+00:00,2025-09-08T20:46:21+00:00,2025-09-08,2025-09-08,1896
c07e62,WJA117,CYYC,YYC,Calgary,CYVR,YVR,Vancouver,1757361841,1757365360,2025-09-08T20:04:01+00:00,2025-09-08T21:02:40+00:00,2025-09-08,2025-09-08,3519
c05ea6,ACA217,CYYC,YYC,Calgary,CYVR,YVR,Vancouver,1757360502,1757363955,2025-09-08T19:41:42+00:00,2025-09-08T20:39:15+00:00,2025-09-08,2025-09-08,3453
c03a5a,WJA664,CYYC,YYC,Calgary,CYYZ,YYZ,Toronto,1757359328,1757371466,2025-09-08T19:22:08+00:00,2025-09-08T22:44:26+00:00,2025-09-08,2025-09-08,12138
c050b7,SYB074,CYYC,YYC,Calgary,CYYZ,YYZ,Toronto,1757359192,1757370794,2025-09-08T19:19:52+00:00,2025-09-08T22:33:14+00:00,2025-09-08,2025-09-08,11602
c043cb,WJA239,CYYC,YYC,Calgary,CYEG,YEG,Edmonton,1757359084,1757360739,2025-09-08T19:18:04+00:00,2025-09-08T19:45:39+00:00,2025-09-08,2025-09-08,1655
c00734,WJA115,CYYC,YYC,Calgary,CYVR,YVR,Vancouver,1757358908,1757362588,2025-09-08T19:15:08+00:00,2025-09-08T20:16:28+00:00,2025-09-08,2025-09-08,3680
c07525,HRT433,CYYC,YYC,Calgary,CYYZ,YYZ,Toronto,1757358352,1757369950,2025-09-08T19:05:52+00:00,2025-09-08T22:19:10+00:00,2025-09-08,2025-09-08,11598
c08853,POE356,CYYC,YYC,Calgary,CYYZ,YYZ,Toronto,1757357882,1757369906,2025-09-08T18:58:02+00:00,2025-09-08T22:18:26+00:00,2025-09-08,2025-09-08,12024
c055f5,JZA134,CYYC,YYC,Calgary,CYEG,YEG,Edmonton,1757357282,1757359233,2025-09-08T18:48:02+00:00,2025-09-08T19:20:33+00:00,2025-09-08,2025-09-08,1951
c05eb7,ACA146,CYYC,YYC,Calgary,CYYZ,YYZ,Toronto,1757356620,1757369097,2025-09-08T18:37:00+00:00,2025-09-08T22:04:57+00:00,2025-09-08,2025-09-08,12477
c07686,CNK11,CYYC,YYC,Calgary,CYEG,YEG,Edmonton,1757356507,1757358650,2025-09-08T18:35:07+00:00,2025-09-08T19:10:50+00:00,2025-09-08,2025-09-08,2143
c05030,ACA324,CYYC,YYC,Calgary,CYUL,YUL,Montreal,1757356324,1757369389,2025-09-08T18:32:04+00:00,2025-09-08T22:09:49+00:00,2025-09-08,2025-09-08,13065
c03bf2,WJA113,CYYC,YYC,Calgary,CYVR,YVR,Vancouver,1757356186,1757359879,2025-09-08T18:29:46+00:00,2025-09-08T19:31:19+00:00,2025-09-08,2025-09-08,3693
c08177,ASP826,CYYC,YYC,Calgary,CYYZ,YYZ,Toronto,1757354986,1757366932,2025-09-08T18:09:46+00:00,2025-09-08T21:28:52+00:00,2025-09-08,2025-09-08,11946
c00757,ACA211,CYYC,YYC,Calgary,CYVR,YVR,Vancouver,1757354641,1757358929,2025-09-08T18:04:01+00:00,2025-09-08T19:15:29+00:00,2025-09-08,2025-09-08,4288
c004f3,WJA660,CYYC,YYC,Calgary,CYYZ,YYZ,Toronto,1757354343,1757366365,2025-09-08T17:59:03+00:00,2025-09-08T21:19:25+00:00,2025-09-08,2025-09-08,12022
c0669e,WJA111,CYYC,YYC,Calgary,CYVR,YVR,Vancouver,1757353180,1757357072,2025-09-08T17:39:40+00:00,2025-09-08T18:44:32+00:00,2025-09-08,2025-09-08,3892
c00da8,FLE801,CYYC,YYC,Calgary,CYVR,YVR,Vancouver,1757352973,1757356739,2025-09-08T17:36:13+00:00,2025-09-08T18:38:59+00:00,2025-09-08,2025-09-08,3766
c080db,ACA209,CYYC,YYC,Calgary,CYVR,YVR,Vancouver,1757350661,1757354565,2025-09-08T16:57:41+00:00,2025-09-08T18:02:45+00:00,2025-09-08,2025-09-08,3904
c07646,CGSUN,CYYC,YYC,Calgary,CYYZ,YYZ,Toronto,1757349811,1757361099,2025-09-08T16:43:31+00:00,2025-09-08T19:51:39+00:00,2025-09-08,2025-09-08,11288
c01a05,WEN3317,CYYC,YYC,Calgary,CYEG,YEG,Edmonton,1757349672,1757351636,2025-09-08T16:41:12+00:00,2025-09-08T17:13:56+00:00,2025-09-08,2025-09-08,1964
c010ea,ACA142,CYYC,YYC,Calgary,CYYZ,YYZ,Toronto,1757349498,1757361657,2025-09-08T16:38:18+00:00,2025-09-08T20:00:57+00:00,2025-09-08,2025-09-08,12159
c08335,WJA212,CYYC,YYC,Calgary,CYUL,YUL,Montreal,1757349073,1757361684,2025-09-08T16:31:13+00:00,2025-09-08T20:01:24+00:00,2025-09-08,2025-09-08,12611
c0767d,CNK657,CYYC,YYC,Calgary,CYEG,YEG,Edmonton,1757348620,1757350256,2025-09-08T16:23:40+00:00,2025-09-08T16:50:56+00:00,2025-09-08,2025-09-08,1636
c040e8,WJA658,CYYC,YYC,Calgary,CYYZ,YYZ,Toronto,1757348443,1757359946,2025-09-08T16:20:43+00:00,2025-09-08T19:32:26+00:00,2025-09-08,2025-09-08,11503
c02f6a,WJA109,CYYC,YYC,Calgary,CYVR,YVR,Vancouver,1757347834,1757351637,2025-09-08T16:10:34+00:00,2025-09-08T17:13:57+00:00,2025-09-08,2025-09-08,3803
c05fca,SDE300,CYYC,YYC,Calgary,CYEG,YEG,Edmonton,1757347805,1757350074,2025-09-08T16:10:05+00:00,2025-09-08T16:47:54+00:00,2025-09-08,2025-09-08,2269
c07f2e,WEN3173,CYYC,YYC,Calgary,CYVR,YVR,Vancouver,1757346993,1757358717,2025-09-08T15:56:33+00:00,2025-09-08T19:11:57+00:00,2025-09-08,2025-09-08,11724
c0517e,WJA656,CYYC,YYC,Calgary,CYYZ,YYZ,Toronto,1757346794,1757358919,2025-09-08T15:53:14+00:00,2025-09-08T19:15:19+00:00,2025-09-08,2025-09-08,12125
c05c0e,WJA107,CYYC,YYC,Calgary,CYVR,YVR,Vancouver,1757345674,1757349296,2025-09-08T15:34:34+00:00,2025-09-08T16:34:56+00:00,2025-09-08,2025-09-08,3622
c030bb,ACA205,CYYC,YYC,Calgary,CYVR,YVR,Vancouver,1757342618,1757346412,2025-09-08T14:43:38+00:00,2025-09-08T15:46:52+00:00,2025-09-08,2025-09-08,3794
c056c6,WJA654,CYYC,YYC,Calgary,CYYZ,YYZ,Toronto,1757341039,1757353362,2025-09-08T14:17:19+00:00,2025-09-08T17:42:42+00:00,2025-09-08,2025-09-08,12323
c06171,POE384,CYYC,YYC,Calgary,CYUL,YUL,Montreal,1757340788,1757353827,2025-09-08T14:13:08+00:00,2025-09-08T17:50:27+00:00,2025-09-08,2025-09-08,13039
c0192e,ACA136,CYYC,YYC,Calgary,CYYZ,YYZ,Toronto,1757340483,1757352164,2025-09-08T14:08:03+00:00,2025-09-08T17:22:44+00:00,2025-09-08,2025-09-08,11681
c00fe2,CJT918,CYYC,YYC,Calgary,CYEG,YEG,Edmonton,1757340019,1757341771,2025-09-08T14:00:19+00:00,2025-09-08T14:29:31+00:00,2025-09-08,2025-09-08,1752
c02fe4,ASP548,CYYC,YYC,Calgary,CYVR,YVR,Vancouver,1757339696,1757352100,2025-09-08T13:54:56+00:00,2025-09-08T17:21:40+00:00,2025-09-08,2025-09-08,12404
c080aa,WJA103,CYYC,YYC,Calgary,CYVR,YVR,Vancouver,1757339269,1757343055,2025-09-08T13:47:49+00:00,2025-09-08T14:50:55+00:00,2025-09-08,2025-09-08,3786
c063c2,CWA922,CYYC,YYC,Calgary,CYEG,YEG,Edmonton,1757338889,1757341249,2025-09-08T13:41:29+00:00,2025-09-08T14:20:49+00:00,2025-09-08,2025-09-08,2360
c03a97,WEN3395,CYYC,YYC,Calgary,CYEG,YEG,Edmonton,1757337827,1757339818,2025-09-08T13:23:47+00:00,2025-09-08T13:56:58+00:00,2025-09-08,2025-09-08,1991
c08861,POE352,CYYC,YYC,Calgary,CYYZ,YYZ,Toronto,1757337762,1757349659,2025-09-08T13:22:42+00:00,2025-09-08T16:40:59+00:00,2025-09-08,2025-09-08,11897
c05067,ACA203,CYYC,YYC,Calgary,CYVR,YVR,Vancouver,1757337521,1757341390,2025-09-08T13:18:41+00:00,2025-09-08T14:23:10+00:00,2025-09-08,2025-09-08,3869
c00094,CFAFR684,CYYC,YYC,Calgary,CYVR,YVR,Vancouver,1757337035,1757347670,2025-09-08T13:10:35+00:00,2025-09-08T16:07:50+00:00,2025-09-08,2025-09-08,10635
c05eac,ACA134,CYYC,YYC,Calgary,CYYZ,YYZ,Toronto,1757336912,1757348504,2025-09-08T13:08:32+00:00,2025-09-08T16:21:44+00:00,2025-09-08,2025-09-08,11592
c0202b,CFMES,CYYC,YYC,Calgary,CYEG,YEG,Edmonton,1757334665,1757336344,2025-09-08T12:31:05+00:00,2025-09-08T12:59:04+00:00,2025-09-08,2025-09-08,1679
c07ee0,WJA650,CYYC,YYC,Calgary,CYYZ,YYZ,Toronto,1757334587,1757346718,2025-09-08T12:29:47+00:00,2025-09-08T15:51:58+00:00,2025-09-08,2025-09-08,12131
c05eb1,ACA201,CYYC,YYC,Calgary,CYVR,YVR,Vancouver,1757334240,1757337978,2025-09-08T12:24:00+00:00,2025-09-08T13:26:18+00:00,2025-09-08,2025-09-08,3738
c0767d,CNK657,CYYC,YYC,Calgary,CYEG,YEG,Edmonton,1757333424,1757335067,2025-09-08T12:10:24+00:00,2025-09-08T12:37:47+00:00,2025-09-08,2025-09-08,1643
c06539,ACA318,CYYC,YYC,Calgary,CYUL,YUL,Montreal,1757333282,1757346379,2025-09-08T12:08:02+00:00,2025-09-08T15:46:19+00:00,2025-09-08,2025-09-08,13097
c05a0a,AKT1702,CYYC,YYC,Calgary,CYEG,YEG,Edmonton,1757332390,1757333996,2025-09-08T11:53:10+00:00,2025-09-08T12:19:56+00:00,2025-09-08,2025-09-08,1606
c02067,MAL7055,CYYC,YYC,Calgary,CYVR,YVR,Vancouver,1757329122,1757332758,2025-09-08T10:58:42+00:00,2025-09-08T11:59:18+00:00,2025-09-08,2025-09-08,3636
c083f2,ACA316,CYYC,YYC,Calgary,CYUL,YUL,Montreal,1757318884,1757331182,2025-09-08T08:08:04+00:00,2025-09-08T11:33:02+00:00,2025-09-08,2025-09-08,12298
c01d72,FLE628,CYYC,YYC,Calgary,CYYZ,YYZ,Toronto,1757317417,1757329537,2025-09-08T07:43:37+00:00,2025-09-08T11:05:37+00:00,2025-09-08,2025-09-08,12120
c03bf2,WJA646,CYYC,YYC,Calgary,CYYZ,YYZ,Toronto,1757315400,1757328246,2025-09-08T07:10:00+00:00,2025-09-08T10:44:06+00:00,2025-09-08,2025-09-08,12846
c030f7,ACA156,CYYC,YYC,Calgary,CYYZ,YYZ,Toronto,1757313413,1757325354,2025-09-08T06:36:53+00:00,2025-09-08T09:55:54+00:00,2025-09-08,2025-09-08,11941
c07aa4,WJA652,CYYC,YYC,Calgary,CYYZ,YYZ,Toronto,1757313208,1757325327,2025-09-08T06:33:28+00:00,2025-09-08T09:55:27+00:00,2025-09-08,2025-09-08,12119
c08537,ACA154,CYYC,YYC,Calgary,CYYZ,YYZ,Toronto,1757311608,1757323398,2025-09-08T06:06:48+00:00,2025-09-08T09:23:18+00:00,2025-09-08,2025-09-08,11790
c049fd,WJA135,CYYC,YYC,Calgary,CYVR,YVR,Vancouver,1757310962,1757314786,2025-09-08T05:56:02+00:00,2025-09-08T06:59:46+00:00,2025-09-08,2025-09-08,3824
c006b1,WJA133,CYYC,YYC,Calgary,CYVR,YVR,Vancouver,1757305411,1757309426,2025-09-08T04:23:31+00:00,2025-09-08T05:30:26+00:00,2025-09-08,2025-09-08,4015
c03af2,WJA131,CYYC,YYC,Calgary,CYVR,YVR,Vancouver,1757304691,1757308529,2025-09-08T04:11:31+00:00,2025-09-08T05:15:29+00:00,2025-09-08,2025-09-08,3838
c04aca,CJT2389,CYYC,YYC,Calgary,CYVR,YVR,Vancouver,1757302560,1757306245,2025-09-08T03:36:00+00:00,2025-09-08T04:37:25+00:00,2025-09-08,2025-09-08,3685
c01e13,FLE805,CYYC,YYC,Calgary,CYVR,YVR,Vancouver,1757302080,1757306512,2025-09-08T03:28:00+00:00,2025-09-08T04:41:52+00:00,2025-09-08,2025-09-08,4432
c00700,ACA227,CYYC,YYC,Calgary,CYVR,YVR,Vancouver,1757299742,1757303573,2025-09-08T02:49:02+00:00,2025-09-08T03:52:53+00:00,2025-09-08,2025-09-08,3831
c05d9d,WJA129,CYYC,YYC,Calgary,CYVR,YVR,Vancouver,1757299179,1757303229,2025-09-08T02:39:39+00:00,2025-09-08T03:47:09+00:00,2025-09-08,2025-09-08,4050
c07e62,WJA127,CYYC,YYC,Calgary,CYVR,YVR,Vancouver,1757294181,1757298168,2025-09-08T01:16:21+00:00,2025-09-08T02:22:48+00:00,2025-09-08,2025-09-08,3987
c00da8,FLE809,CYYC,YYC,Calgary,CYVR,YVR,Vancouver,1757294010,1757297967,2025-09-08T01:13:30+00:00,2025-09-08T02:19:27+00:00,2025-09-08,2025-09-08,3957
c010cb,ACA158,CYYC,YYC,Calgary,CYYZ,YYZ,Toronto,1757293354,1757305283,2025-09-08T01:02:34+00:00,2025-09-08T04:21:23+00:00,2025-09-08,2025-09-08,11929
c0817c,WJA214,CYYC,YYC,Calgary,CYUL,YUL,Montreal,1757293168,1757306092,2025-09-08T00:59:28+00:00,2025-09-08T04:34:52+00:00,2025-09-08,2025-09-08,12924
c07ee8,WJA676,CYYC,YYC,Calgary,CYYZ,YYZ,Toronto,1757292779,1757305289,2025-09-08T00:52:59+00:00,2025-09-08T04:21:29+00:00,2025-09-08,2025-09-08,12510
c007d8,ACA223,CYYC,YYC,Calgary,CYVR,YVR,Vancouver,1757291183,1757295027,2025-09-08T00:26:23+00:00,2025-09-08T01:30:27+00:00,2025-09-08,2025-09-08,3844
c00dce,FLE626,CYYC,YYC,Calgary,CYYZ,YYZ,Toronto,1757291008,1757303006,2025-09-08T00:23:28+00:00,2025-09-08T03:43:26+00:00,2025-09-08,2025-09-08,11998
c01b4f,WJA125,CYYC,YYC,Calgary,CYVR,YVR,Vancouver,1757290738,1757294546,2025-09-08T00:18:58+00:00,2025-09-08T01:22:26+00:00,2025-09-08,2025-09-08,3808
c010ea,ACA152,CYYC,YYC,Calgary,CYYZ,YYZ,Toronto,1757290266,1757302040,2025-09-08T00:11:06+00:00,2025-09-08T03:27:20+00:00,2025-09-08,2025-09-08,11774
c01f28,FLE630,CYEG,YEG,Edmonton,CYYZ,YYZ,Toronto,1757316213,1757327964,2025-09-08T07:23:33+00:00,2025-09-08T10:39:24+00:00,2025-09-08,2025-09-08,11751
c080ac,WJA418,CYEG,YEG,Edmonton,CYYZ,YYZ,Toronto,1757311976,1757323672,2025-09-08T06:12:56+00:00,2025-09-08T09:27:52+00:00,2025-09-08,2025-09-08,11696
c03bf5,WJA240,CYEG,YEG,Edmonton,CYYC,YYC,Calgary,1757307110,1757309028,2025-09-08T04:51:50+00:00,2025-09-08T05:23:48+00:00,2025-09-08,2025-09-08,1918
c02cfc,WJA177,CYEG,YEG,Edmonton,CYVR,YVR,Vancouver,1757304514,1757308940,2025-09-08T04:08:34+00:00,2025-09-08T05:22:20+00:00,2025-09-08,2025-09-08,4426
c01dcb,FLE833,CYEG,YEG,Edmonton,CYVR,YVR,Vancouver,1757303549,1757307774,2025-09-08T03:52:29+00:00,2025-09-08T05:02:54+00:00,2025-09-08,2025-09-08,4225
c0202b,CFMES,CYEG,YEG,Edmonton,CYYC,YYC,Calgary,1757302435,1757304506,2025-09-08T03:33:55+00:00,2025-09-08T04:08:26+00:00,2025-09-08,2025-09-08,2071
c013da,AKT1773,CYEG,YEG,Edmonton,CYYC,YYC,Calgary,1757298573,1757300514,2025-09-08T02:29:33+00:00,2025-09-08T03:01:54+00:00,2025-09-08,2025-09-08,1941
c08497,ACA176,CYEG,YEG,Edmonton,CYYZ,YYZ,Toronto,1757297086,1757308799,2025-09-08T02:04:46+00:00,2025-09-08T05:19:59+00:00,2025-09-08,2025-09-08,11713
c05054,ACA245,CYEG,YEG,Edmonton,CYVR,YVR,Vancouver,1757294376,1757298831,2025-09-08T01:19:36+00:00,2025-09-08T02:33:51+00:00,2025-09-08,2025-09-08,4455
c03487,WJA438,CYEG,YEG,Edmonton,CYYZ,YYZ,Toronto,1757293496,1757305461,2025-09-08T01:04:56+00:00,2025-09-08T04:24:21+00:00,2025-09-08,2025-09-08,11965
c08106,WJA175,CYEG,YEG,Edmonton,CYVR,YVR,Vancouver,1757291799,1757296139,2025-09-08T00:36:39+00:00,2025-09-08T01:48:59+00:00,2025-09-08,2025-09-08,4340
c02fed,ACA174,CYEG,YEG,Edmonton,CYYZ,YYZ,Toronto,1757290689,1757302225,2025-09-08T00:18:09+00:00,2025-09-08T03:30:25+00:00,2025-09-08,2025-09-08,11536
c01624,JZA7781,CYEG,YEG,Edmonton,CYVR,YVR,Vancouver,1757290250,1757294755,2025-09-08T00:10:50+00:00,2025-09-08T01:25:55+00:00,2025-09-08,2025-09-08,4505
c0637c,WJA316,CYEG,YEG,Edmonton,CYYC,YYC,Calgary,1757289975,1757291967,2025-09-08T00:06:15+00:00,2025-09-08T00:39:27+00:00,2025-09-08,2025-09-08,1992
c06080,ACA422,CYYZ,YYZ,Toronto,CYUL,YUL,Montreal,1757369200,1757372392,2025-09-08T22:06:40+00:00,2025-09-08T22:59:52+00:00,2025-09-08,2025-09-08,3192
c06120,ACA8XC,CYYZ,YYZ,Toronto,CYUL,YUL,Montreal,1757365921,1757369234,2025-09-08T21:12:01+00:00,2025-09-08T22:07:14+00:00,2025-09-08,2025-09-08,3313
c058be,ACA488,CYYZ,YYZ,Toronto,CYUL,YUL,Montreal,1757364018,1757367551,2025-09-08T20:40:18+00:00,2025-09-08T21:39:11+00:00,2025-09-08,2025-09-08,3533
c0617a,POE125,CYYZ,YYZ,Toronto,CYUL,YUL,Montreal,1757363982,1757367982,2025-09-08T20:39:42+00:00,2025-09-08T21:46:22+00:00,2025-09-08,2025-09-08,4000
c06aa7,TSC411,CYYZ,YYZ,Toronto,CYUL,YUL,Montreal,1757363010,1757366111,2025-09-08T20:23:30+00:00,2025-09-08T21:15:11+00:00,2025-09-08,2025-09-08,3101
c010cb,ACA418,CYYZ,YYZ,Toronto,CYUL,YUL,Montreal,1757362233,1757365318,2025-09-08T20:10:33+00:00,2025-09-08T21:01:58+00:00,2025-09-08,2025-09-08,3085
c05ee5,ACA416,CYYZ,YYZ,Toronto,CYUL,YUL,Montreal,1757359292,1757363180,2025-09-08T19:21:32+00:00,2025-09-08T20:26:20+00:00,2025-09-08,2025-09-08,3888
c0192e,ACA145,CYYZ,YYZ,Toronto,CYYC,YYC,Calgary,1757357611,1757371258,2025-09-08T18:53:31+00:00,2025-09-08T22:40:58+00:00,2025-09-08,2025-09-08,13647
c00899,ACA171,CYYZ,YYZ,Toronto,CYEG,YEG,Edmonton,1757356337,1757371208,2025-09-08T18:32:17+00:00,2025-09-08T22:40:08+00:00,2025-09-08,2025-09-08,14871
c05ed8,ACA414,CYYZ,YYZ,Toronto,CYUL,YUL,Montreal,1757355516,1757359873,2025-09-08T18:18:36+00:00,2025-09-08T19:31:13+00:00,2025-09-08,2025-09-08,4357
c069d8,WJA661,CYYZ,YYZ,Toronto,CYYC,YYC,Calgary,1757355457,1757369056,2025-09-08T18:17:37+00:00,2025-09-08T22:04:16+00:00,2025-09-08,2025-09-08,13599
c04c36,WJA715,CYYZ,YYZ,Toronto,CYVR,YVR,Vancouver,1757354743,1757371814,2025-09-08T18:05:43+00:00,2025-09-08T22:50:14+00:00,2025-09-08,2025-09-08,17071
c05ed0,ACA143,CYYZ,YYZ,Toronto,CYYC,YYC,Calgary,1757354670,1757368490,2025-09-08T18:04:30+00:00,2025-09-08T21:54:50+00:00,2025-09-08,2025-09-08,13820
c08861,POE357,CYYZ,YYZ,Toronto,CYYC,YYC,Calgary,1757354640,1757368322,2025-09-08T18:04:00+00:00,2025-09-08T21:52:02+00:00,2025-09-08,2025-09-08,13682
c05eac,ACA115,CYYZ,YYZ,Toronto,CYVR,YVR,Vancouver,1757354395,1757370913,2025-09-08T17:59:55+00:00,2025-09-08T22:35:13+00:00,2025-09-08,2025-09-08,16518
c0617c,POE405,CYYZ,YYZ,Toronto,CYEG,YEG,Edmonton,1757353629,1757367541,2025-09-08T17:47:09+00:00,2025-09-08T21:39:01+00:00,2025-09-08,2025-09-08,13912
c07e33,ACA111,CYYZ,YYZ,Toronto,CYVR,YVR,Vancouver,1757351980,1757368487,2025-09-08T17:19:40+00:00,2025-09-08T21:54:47+00:00,2025-09-08,2025-09-08,16507
c060bb,POE307,CYYZ,YYZ,Toronto,CYVR,YVR,Vancouver,1757351524,1757368874,2025-09-08T17:12:04+00:00,2025-09-08T22:01:14+00:00,2025-09-08,2025-09-08,17350
c05bd6,ACA113,CYYZ,YYZ,Toronto,CYVR,YVR,Vancouver,1757350502,1757367612,2025-09-08T16:55:02+00:00,2025-09-08T21:40:12+00:00,2025-09-08,2025-09-08,17110
c0759f,CNK771,CYYZ,YYZ,Toronto,CYYC,YYC,Calgary,1757349134,1757362951,2025-09-08T16:32:14+00:00,2025-09-08T20:22:31+00:00,2025-09-08,2025-09-08,13817
c030f7,ACA141,CYYZ,YYZ,Toronto,CYYC,YYC,Calgary,1757347598,1757361373,2025-09-08T16:06:38+00:00,2025-09-08T19:56:13+00:00,2025-09-08,2025-09-08,13775
c07973,ACA410,CYYZ,YYZ,Toronto,CYUL,YUL,Montreal,1757347441,1757350919,2025-09-08T16:04:01+00:00,2025-09-08T17:01:59+00:00,2025-09-08,2025-09-08,3478
c088fb,WJA711,CYYZ,YYZ,Toronto,CYVR,YVR,Vancouver,1757347383,1757364232,2025-09-08T16:03:03+00:00,2025-09-08T20:43:52+00:00,2025-09-08,2025-09-08,16849
c02fe5,ASP836,CYYZ,YYZ,Toronto,CYUL,YUL,Montreal,1757347293,1757350477,2025-09-08T16:01:33+00:00,2025-09-08T16:54:37+00:00,2025-09-08,2025-09-08,3184
740823,RJA272,CYYZ,YYZ,Toronto,CYUL,YUL,Montreal,1757345761,1757348987,2025-09-08T15:36:01+00:00,2025-09-08T16:29:47+00:00,2025-09-08,2025-09-08,3226
c05044,ACA117,CYYZ,YYZ,Toronto,CYVR,YVR,Vancouver,1757344932,1757361479,2025-09-08T15:22:12+00:00,2025-09-08T19:57:59+00:00,2025-09-08,2025-09-08,16547
c07b09,ACA137,CYYZ,YYZ,Toronto,CYYC,YYC,Calgary,1757344351,1757358680,2025-09-08T15:12:31+00:00,2025-09-08T19:11:20+00:00,2025-09-08,2025-09-08,14329
c0220d,WJA657,CYYZ,YYZ,Toronto,CYYC,YYC,Calgary,1757344063,1757357969,2025-09-08T15:07:43+00:00,2025-09-08T18:59:29+00:00,2025-09-08,2025-09-08,13906
c010cb,ACA408,CYYZ,YYZ,Toronto,CYUL,YUL,Montreal,1757343870,1757347409,2025-09-08T15:04:30+00:00,2025-09-08T16:03:29+00:00,2025-09-08,2025-09-08,3539
c07971,ACA167,CYYZ,YYZ,Toronto,CYEG,YEG,Edmonton,1757342951,1757356838,2025-09-08T14:49:11+00:00,2025-09-08T18:40:38+00:00,2025-09-08,2025-09-08,13887
c060c5,POE305,CYYZ,YYZ,Toronto,CYVR,YVR,Vancouver,1757342469,1757359137,2025-09-08T14:41:09+00:00,2025-09-08T19:18:57+00:00,2025-09-08,2025-09-08,16668
c01dcb,FLE637,CYYZ,YYZ,Toronto,CYEG,YEG,Edmonton,1757342251,1757356568,2025-09-08T14:37:31+00:00,2025-09-08T18:36:08+00:00,2025-09-08,2025-09-08,14317
c01ebb,FLE625,CYYZ,YYZ,Toronto,CYYC,YYC,Calgary,1757342223,1757356047,2025-09-08T14:37:03+00:00,2025-09-08T18:27:27+00:00,2025-09-08,2025-09-08,13824
c05004,ACA109,CYYZ,YYZ,Toronto,CYVR,YVR,Vancouver,1757341562,1757358588,2025-09-08T14:26:02+00:00,2025-09-08T19:09:48+00:00,2025-09-08,2025-09-08,17026
c00ec2,WJA655,CYYZ,YYZ,Toronto,CYYC,YYC,Calgary,1757340703,1757355463,2025-09-08T14:11:43+00:00,2025-09-08T18:17:43+00:00,2025-09-08,2025-09-08,14760
c01f28,FLE609,CYYZ,YYZ,Toronto,CYVR,YVR,Vancouver,1757340579,1757357243,2025-09-08T14:09:39+00:00,2025-09-08T18:47:23+00:00,2025-09-08,2025-09-08,16664
c080ac,WJA707,CYYZ,YYZ,Toronto,CYVR,YVR,Vancouver,1757340460,1757357487,2025-09-08T14:07:40+00:00,2025-09-08T18:51:27+00:00,2025-09-08,2025-09-08,17027
c08853,POE353,CYYZ,YYZ,Toronto,CYYC,YYC,Calgary,1757337880,1757352368,2025-09-08T13:24:40+00:00,2025-09-08T17:26:08+00:00,2025-09-08,2025-09-08,14488
c07b05,ACA404,CYYZ,YYZ,Toronto,CYUL,YUL,Montreal,1757337308,1757341103,2025-09-08T13:15:08+00:00,2025-09-08T14:18:23+00:00,2025-09-08,2025-09-08,3795
c08177,ASP826,CYYZ,YYZ,Toronto,CYYC,YYC,Calgary,1757337182,1757350556,2025-09-08T13:13:02+00:00,2025-09-08T16:55:56+00:00,2025-09-08,2025-09-08,13374
c01732,ACA107,CYYZ,YYZ,Toronto,CYVR,YVR,Vancouver,1757337064,1757353340,2025-09-08T13:11:04+00:00,2025-09-08T17:42:20+00:00,2025-09-08,2025-09-08,16276
c08862,POE403,CYYZ,YYZ,Toronto,CYEG,YEG,Edmonton,1757336881,1757351517,2025-09-08T13:08:01+00:00,2025-09-08T17:11:57+00:00,2025-09-08,2025-09-08,14636
c01e28,ACA105,CYYZ,YYZ,Toronto,CYVR,YVR,Vancouver,1757336823,1757353708,2025-09-08T13:07:03+00:00,2025-09-08T17:48:28+00:00,2025-09-08,2025-09-08,16885
c05eb7,ACA135,CYYZ,YYZ,Toronto,CYYC,YYC,Calgary,1757336820,1757351636,2025-09-08T13:07:00+00:00,2025-09-08T17:13:56+00:00,2025-09-08,2025-09-08,14816
c03bf2,WJA651,CYYZ,YYZ,Toronto,CYYC,YYC,Calgary,1757336741,1757351336,2025-09-08T13:05:41+00:00,2025-09-08T17:08:56+00:00,2025-09-08,2025-09-08,14595
c004ea,WJA421,CYYZ,YYZ,Toronto,CYEG,YEG,Edmonton,1757336722,1757350983,2025-09-08T13:05:22+00:00,2025-09-08T17:03:03+00:00,2025-09-08,2025-09-08,14261
c01753,ACA189,CYYZ,YYZ,Toronto,CYVR,YVR,Vancouver,1757335248,1757351033,2025-09-08T12:40:48+00:00,2025-09-08T17:03:53+00:00,2025-09-08,2025-09-08,15785
c019eb,WJA703,CYYZ,YYZ,Toronto,CYVR,YVR,Vancouver,1757334161,1757351211,2025-09-08T12:22:41+00:00,2025-09-08T17:06:51+00:00,2025-09-08,2025-09-08,17050
c0616c,POE303,CYYZ,YYZ,Toronto,CYVR,YVR,Vancouver,1757334124,1757350938,2025-09-08T12:22:04+00:00,2025-09-08T17:02:18+00:00,2025-09-08,2025-09-08,16814
c05bcb,ACA165,CYYZ,YYZ,Toronto,CYEG,YEG,Edmonton,1757333831,1757347738,2025-09-08T12:17:11+00:00,2025-09-08T16:08:58+00:00,2025-09-08,2025-09-08,13907
c03c04,WJA649,CYYZ,YYZ,Toronto,CYYC,YYC,Calgary,1757333110,1757348000,2025-09-08T12:05:10+00:00,2025-09-08T16:13:20+00:00,2025-09-08,2025-09-08,14890
c07b0a,ACA402,CYYZ,YYZ,Toronto,CYUL,YUL,Montreal,1757333071,1757336471,2025-09-08T12:04:31+00:00,2025-09-08T13:01:11+00:00,2025-09-08,2025-09-08,3400
c060be,POE111,CYYZ,YYZ,Toronto,CYUL,YUL,Montreal,1757332173,1757335585,2025-09-08T11:49:33+00:00,2025-09-08T12:46:25+00:00,2025-09-08,2025-09-08,3412
c00dce,FLE601,CYYZ,YYZ,Toronto,CYVR,YVR,Vancouver,1757332144,1757348877,2025-09-08T11:49:04+00:00,2025-09-08T16:27:57+00:00,2025-09-08,2025-09-08,16733
c010ea,ACA133,CYYZ,YYZ,Toronto,CYYC,YYC,Calgary,1757330582,1757344127,2025-09-08T11:23:02+00:00,2025-09-08T15:08:47+00:00,2025-09-08,2025-09-08,13545
c05bd2,ACA101,CYYZ,YYZ,Toronto,CYVR,YVR,Vancouver,1757329981,1757347019,2025-09-08T11:13:01+00:00,2025-09-08T15:56:59+00:00,2025-09-08,2025-09-08,17038
c069f0,CGODB,CYYZ,YYZ,Toronto,CYUL,YUL,Montreal,1757329864,1757332985,2025-09-08T11:11:04+00:00,2025-09-08T12:03:05+00:00,2025-09-08,2025-09-08,3121
c01d7e,FLE639,CYYZ,YYZ,Toronto,CYEG,YEG,Edmonton,1757329622,1757343755,2025-09-08T11:07:02+00:00,2025-09-08T15:02:35+00:00,2025-09-08,2025-09-08,14133
c07ee8,WJA419,CYYZ,YYZ,Toronto,CYEG,YEG,Edmonton,1757329598,1757343567,2025-09-08T11:06:38+00:00,2025-09-08T14:59:27+00:00,2025-09-08,2025-09-08,13969
c030f7,ACA400,CYYZ,YYZ,Toronto,CYUL,YUL,Montreal,1757329247,1757333272,2025-09-08T11:00:47+00:00,2025-09-08T12:07:52+00:00,2025-09-08,2025-09-08,4025
c0424e,CFZCV,CYYZ,YYZ,Toronto,CYUL,YUL,Montreal,1757328986,1757332092,2025-09-08T10:56:26+00:00,2025-09-08T11:48:12+00:00,2025-09-08,2025-09-08,3106
c08081,WJA701,CYYZ,YYZ,Toronto,CYVR,YVR,Vancouver,1757328429,1757345681,2025-09-08T10:47:09+00:00,2025-09-08T15:34:41+00:00,2025-09-08,2025-09-08,17252
c028cd,WJA653,CYYZ,YYZ,Toronto,CYYC,YYC,Calgary,1757327904,1757342325,2025-09-08T10:38:24+00:00,2025-09-08T14:38:45+00:00,2025-09-08,2025-09-08,14421
c05ea6,ACA183,CYYZ,YYZ,Toronto,CYVR,YVR,Vancouver,1757327893,1757345034,2025-09-08T10:38:13+00:00,2025-09-08T15:23:54+00:00,2025-09-08,2025-09-08,17141
c0501e,ACA480,CYYZ,YYZ,Toronto,CYUL,YUL,Montreal,1757326682,1757330688,2025-09-08T10:18:02+00:00,2025-09-08T11:24:48+00:00,2025-09-08,2025-09-08,4006
c084b9,ACA161,CYYZ,YYZ,Toronto,CYEG,YEG,Edmonton,1757326350,1757340768,2025-09-08T10:12:30+00:00,2025-09-08T14:12:48+00:00,2025-09-08,2025-09-08,14418
c05dd8,JZA7774,CYYZ,YYZ,Toronto,CYUL,YUL,Montreal,1757305591,1757308843,2025-09-08T04:26:31+00:00,2025-09-08T05:20:43+00:00,2025-09-08,2025-09-08,3252
c06183,POE135,CYYZ,YYZ,Toronto,CYUL,YUL,Montreal,1757302625,1757305966,2025-09-08T03:37:05+00:00,2025-09-08T04:32:46+00:00,2025-09-08,2025-09-08,3341
c06724,ACA432,CYYZ,YYZ,Toronto,CYUL,YUL,Montreal,1757301670,1757305056,2025-09-08T03:21:10+00:00,2025-09-08T04:17:36+00:00,2025-09-08,2025-09-08,3386
c06539,ACA159,CYYZ,YYZ,Toronto,CYYC,YYC,Calgary,1757301211,1757314736,2025-09-08T03:13:31+00:00,2025-09-08T06:58:56+00:00,2025-09-08,2025-09-08,13525
c04c36,WJA598,CYYZ,YYZ,Toronto,CYUL,YUL,Montreal,1757301100,1757304443,2025-09-08T03:11:40+00:00,2025-09-08T04:07:23+00:00,2025-09-08,2025-09-08,3343
c0524c,WJA679,CYYZ,YYZ,Toronto,CYYC,YYC,Calgary,1757299350,1757313474,2025-09-08T02:42:30+00:00,2025-09-08T06:37:54+00:00,2025-09-08,2025-09-08,14124
c04e21,CGDPG,CYYZ,YYZ,Toronto,CYUL,YUL,Montreal,1757299145,1757302373,2025-09-08T02:39:05+00:00,2025-09-08T03:32:53+00:00,2025-09-08,2025-09-08,3228
c052d7,WJA731,CYYZ,YYZ,Toronto,CYVR,YVR,Vancouver,1757299113,1757315919,2025-09-08T02:38:33+00:00,2025-09-08T07:18:39+00:00,2025-09-08,2025-09-08,16806
c01d72,FLE629,CYYZ,YYZ,Toronto,CYYC,YYC,Calgary,1757298368,1757312474,2025-09-08T02:26:08+00:00,2025-09-08T06:21:14+00:00,2025-09-08,2025-09-08,14106
c060c3,POE313,CYYZ,YYZ,Toronto,CYVR,YVR,Vancouver,1757296443,1757313567,2025-09-08T01:54:03+00:00,2025-09-08T06:39:27+00:00,2025-09-08,2025-09-08,17124
c027d1,ACA7201,CYYZ,YYZ,Toronto,CYVR,YVR,Vancouver,1757295686,1757313380,2025-09-08T01:41:26+00:00,2025-09-08T06:36:20+00:00,2025-09-08,2025-09-08,17694
c05eb7,ACA129,CYYZ,YYZ,Toronto,CYVR,YVR,Vancouver,1757295279,1757311674,2025-09-08T01:34:39+00:00,2025-09-08T06:07:54+00:00,2025-09-08,2025-09-08,16395
c0440e,ACA157,CYYZ,YYZ,Toronto,CYYC,YYC,Calgary,1757294793,1757308689,2025-09-08T01:26:33+00:00,2025-09-08T05:18:09+00:00,2025-09-08,2025-09-08,13896
c00e55,FLE603,CYYZ,YYZ,Toronto,CYVR,YVR,Vancouver,1757294708,1757311859,2025-09-08T01:25:08+00:00,2025-09-08T06:10:59+00:00,2025-09-08,2025-09-08,17151
c05bcb,ACA127,CYYZ,YYZ,Toronto,CYVR,YVR,Vancouver,1757291212,1757307948,2025-09-08T00:26:52+00:00,2025-09-08T05:05:48+00:00,2025-09-08,2025-09-08,16736
c07e2c,ACA426,CYYZ,YYZ,Toronto,CYUL,YUL,Montreal,1757291167,1757294364,2025-09-08T00:26:07+00:00,2025-09-08T01:19:24+00:00,2025-09-08,2025-09-08,3197
c07e33,ACA424,CYYZ,YYZ,Toronto,CYUL,YUL,Montreal,1757290961,1757294577,2025-09-08T00:22:41+00:00,2025-09-08T01:22:57+00:00,2025-09-08,2025-09-08,3616
c004e9,WJA675,CYYZ,YYZ,Toronto,CYYC,YYC,Calgary,1757290076,1757304884,2025-09-08T00:07:56+00:00,2025-09-08T04:14:44+00:00,2025-09-08,2025-09-08,14808
c06174,POE309,CYYZ,YYZ,Toronto,CYVR,YVR,Vancouver,1757290060,1757307098,2025-09-08T00:07:40+00:00,2025-09-08T04:51:38+00:00,2025-09-08,2025-09-08,17038
c0618c,POE129,CYYZ,YYZ,Toronto,CYUL,YUL,Montreal,1757289768,1757293012,2025-09-08T00:02:48+00:00,2025-09-08T00:56:52+00:00,2025-09-08,2025-09-08,3244
c07721,TSC671,CYYZ,YYZ,Toronto,CYUL,YUL,Montreal,1757289637,1757292775,2025-09-08T00:00:37+00:00,2025-09-08T00:52:55+00:00,2025-09-08,2025-09-08,3138
c0192e,ACA153,CYYZ,YYZ,Toronto,CYYC,YYC,Calgary,1757289604,1757302859,2025-09-08T00:00:04+00:00,2025-09-08T03:40:59+00:00,2025-09-08,2025-09-08,13255
c05ee5,ACA421,CYUL,YUL,Montreal,CYYZ,YYZ,Toronto,1757367781,1757371119,2025-09-08T21:43:01+00:00,2025-09-08T22:38:39+00:00,2025-09-08,2025-09-08,3338
c05840,ACA895,CYUL,YUL,Montreal,CYYZ,YYZ,Toronto,1757366350,1757369675,2025-09-08T21:19:10+00:00,2025-09-08T22:14:35+00:00,2025-09-08,2025-09-08,3325
c0799e,TSC410,CYUL,YUL,Montreal,CYYZ,YYZ,Toronto,1757363812,1757367468,2025-09-08T20:36:52+00:00,2025-09-08T21:37:48+00:00,2025-09-08,2025-09-08,3656
c058dd,ACA489,CYUL,YUL,Montreal,CYYZ,YYZ,Toronto,1757362191,1757365846,2025-09-08T20:09:51+00:00,2025-09-08T21:10:46+00:00,2025-09-08,2025-09-08,3655
c06171,POE120,CYUL,YUL,Montreal,CYYZ,YYZ,Toronto,1757358780,1757361845,2025-09-08T19:13:00+00:00,2025-09-08T20:04:05+00:00,2025-09-08,2025-09-08,3065
c07973,ACA415,CYUL,YUL,Montreal,CYYZ,YYZ,Toronto,1757355914,1757359331,2025-09-08T18:25:14+00:00,2025-09-08T19:22:11+00:00,2025-09-08,2025-09-08,3417
c06539,ACA335,CYUL,YUL,Montreal,CYEG,YEG,Edmonton,1757353471,1757368213,2025-09-08T17:44:31+00:00,2025-09-08T21:50:13+00:00,2025-09-08,2025-09-08,14742
c080dd,ACA323,CYUL,YUL,Montreal,CYYC,YYC,Calgary,1757353323,1757367226,2025-09-08T17:42:03+00:00,2025-09-08T21:33:46+00:00,2025-09-08,2025-09-08,13903
c066f0,ACA305,CYUL,YUL,Montreal,CYVR,YVR,Vancouver,1757353025,1757371318,2025-09-08T17:37:05+00:00,2025-09-08T22:41:58+00:00,2025-09-08,2025-09-08,18293
c010cb,ACA413,CYUL,YUL,Montreal,CYYZ,YYZ,Toronto,1757352530,1757355760,2025-09-08T17:28:50+00:00,2025-09-08T18:22:40+00:00,2025-09-08,2025-09-08,3230
c07b05,ACA409,CYUL,YUL,Montreal,CYYZ,YYZ,Toronto,1757345792,1757349147,2025-09-08T15:36:32+00:00,2025-09-08T16:32:27+00:00,2025-09-08,2025-09-08,3355
c07e2c,ACA407,CYUL,YUL,Montreal,CYYZ,YYZ,Toronto,1757341742,1757345198,2025-09-08T14:29:02+00:00,2025-09-08T15:26:38+00:00,2025-09-08,2025-09-08,3456
c060be,POE112,CYUL,YUL,Montreal,CYYZ,YYZ,Toronto,1757340397,1757343743,2025-09-08T14:06:37+00:00,2025-09-08T15:02:23+00:00,2025-09-08,2025-09-08,3346
c030f7,ACA405,CYUL,YUL,Montreal,CYYZ,YYZ,Toronto,1757338470,1757341936,2025-09-08T13:34:30+00:00,2025-09-08T14:32:16+00:00,2025-09-08,2025-09-08,3466
c05030,ACA321,CYUL,YUL,Montreal,CYYC,YYC,Calgary,1757335531,1757351209,2025-09-08T12:45:31+00:00,2025-09-08T17:06:49+00:00,2025-09-08,2025-09-08,15678
740823,RJA271,CYUL,YUL,Montreal,CYYZ,YYZ,Toronto,1757335251,1757338703,2025-09-08T12:40:51+00:00,2025-09-08T13:38:23+00:00,2025-09-08,2025-09-08,3452
c038a3,ACA303,CYUL,YUL,Montreal,CYVR,YVR,Vancouver,1757335125,1757351995,2025-09-08T12:38:45+00:00,2025-09-08T17:19:55+00:00,2025-09-08,2025-09-08,16870
c071a4,WJA589,CYUL,YUL,Montreal,CYVR,YVR,Vancouver,1757335029,1757353044,2025-09-08T12:37:09+00:00,2025-09-08T17:37:24+00:00,2025-09-08,2025-09-08,18015
c0653d,ACA331,CYUL,YUL,Montreal,CYEG,YEG,Edmonton,1757334697,1757349523,2025-09-08T12:31:37+00:00,2025-09-08T16:38:43+00:00,2025-09-08,2025-09-08,14826
c06724,ACA403,CYUL,YUL,Montreal,CYYZ,YYZ,Toronto,1757333527,1757337109,2025-09-08T12:12:07+00:00,2025-09-08T13:11:49+00:00,2025-09-08,2025-09-08,3582
c0611f,ACA301,CYUL,YUL,Montreal,CYVR,YVR,Vancouver,1757331695,1757349682,2025-09-08T11:41:35+00:00,2025-09-08T16:41:22+00:00,2025-09-08,2025-09-08,17987
c0307c,ACA485,CYUL,YUL,Montreal,CYYZ,YYZ,Toronto,1757331436,1757334737,2025-09-08T11:37:16+00:00,2025-09-08T12:32:17+00:00,2025-09-08,2025-09-08,3301
c0618c,POE373,CYUL,YUL,Montreal,CYVR,YVR,Vancouver,1757330057,1757348188,2025-09-08T11:14:17+00:00,2025-09-08T16:16:28+00:00,2025-09-08,2025-09-08,18131
c0817c,WJA215,CYUL,YUL,Montreal,CYYC,YYC,Calgary,1757329981,1757345332,2025-09-08T11:13:01+00:00,2025-09-08T15:28:52+00:00,2025-09-08,2025-09-08,15351
c066dd,ACA401,CYUL,YUL,Montreal,CYYZ,YYZ,Toronto,1757329835,1757333233,2025-09-08T11:10:35+00:00,2025-09-08T12:07:13+00:00,2025-09-08,2025-09-08,3398
c04c36,WJA579,CYUL,YUL,Montreal,CYYZ,YYZ,Toronto,1757329419,1757332945,2025-09-08T11:03:39+00:00,2025-09-08T12:02:25+00:00,2025-09-08,2025-09-08,3526
c06183,POE102,CYUL,YUL,Montreal,CYYZ,YYZ,Toronto,1757329246,1757332709,2025-09-08T11:00:46+00:00,2025-09-08T11:58:29+00:00,2025-09-08,2025-09-08,3463
c06709,ACA481,CYUL,YUL,Montreal,CYYZ,YYZ,Toronto,1757326402,1757330032,2025-09-08T10:13:22+00:00,2025-09-08T11:13:52+00:00,2025-09-08,2025-09-08,3630
c05dd8,JZA7773,CYUL,YUL,Montreal,CYYZ,YYZ,Toronto,1757322822,1757326372,2025-09-08T09:13:42+00:00,2025-09-08T10:12:52+00:00,2025-09-08,2025-09-08,3550
c083f2,ACA327,CYUL,YUL,Montreal,CYYC,YYC,Calgary,1757299915,1757314019,2025-09-08T02:51:55+00:00,2025-09-08T06:46:59+00:00,2025-09-08,2025-09-08,14104
c07e33,ACA429,CYUL,YUL,Montreal,CYYZ,YYZ,Toronto,1757299202,1757302676,2025-09-08T02:40:02+00:00,2025-09-08T03:37:56+00:00,2025-09-08,2025-09-08,3474
c05086,ACA313,CYUL,YUL,Montreal,CYVR,YVR,Vancouver,1757296886,1757314660,2025-09-08T02:01:26+00:00,2025-09-08T06:57:40+00:00,2025-09-08,2025-09-08,17774
c043b7,ACA427,CYUL,YUL,Montreal,CYYZ,YYZ,Toronto,1757292023,1757295416,2025-09-08T00:40:23+00:00,2025-09-08T01:36:56+00:00,2025-09-08,2025-09-08,3393
c060c5,POE130,CYUL,YUL,Montreal,CYYZ,YYZ,Toronto,1757291279,1757294648,2025-09-08T00:27:59+00:00,2025-09-08T01:24:08+00:00,2025-09-08,2025-09-08,3369
c06aac,TSC670,CYUL,YUL,Montreal,CYYZ,YYZ,Toronto,1757290776,1757294517,2025-09-08T00:19:36+00:00,2025-09-08T01:21:57+00:00,2025-09-08,2025-09-08,3741
c06171,POE389,CYUL,YUL,Montreal,CYYC,YYC,Calgary,1757290221,1757305340,2025-09-08T00:10:21+00:00,2025-09-08T04:22:20+00:00,2025-09-08,2025-09-08,15119
c07ee8,WJA116,CYVR,YVR,Vancouver,CYYC,YYC,Calgary,1757454386,1757458758,2025-09-09T21:46:26+00:00,2025-09-09T22:59:18+00:00,2025-09-09,2025-09-09,4372
c080a5,WJA168,CYVR,YVR,Vancouver,CYEG,YEG,Edmonton,1757451671,1757455896,2025-09-09T21:01:11+00:00,2025-09-09T22:11:36+00:00,2025-09-09,2025-09-09,4225
c00741,WJA114,CYVR,YVR,Vancouver,CYYC,YYC,Calgary,1757450629,1757454802,2025-09-09T20:43:49+00:00,2025-09-09T21:53:22+00:00,2025-09-09,2025-09-09,4173
c030bb,ACA216,CYVR,YVR,Vancouver,CYYC,YYC,Calgary,1757448335,1757452447,2025-09-09T20:05:35+00:00,2025-09-09T21:14:07+00:00,2025-09-09,2025-09-09,4112
c00dce,FLE820,CYVR,YVR,Vancouver,CYEG,YEG,Edmonton,1757447956,1757452148,2025-09-09T19:59:16+00:00,2025-09-09T21:09:08+00:00,2025-09-09,2025-09-09,4192
c00ec2,WJA112,CYVR,YVR,Vancouver,CYYC,YYC,Calgary,1757447310,1757451308,2025-09-09T19:48:30+00:00,2025-09-09T20:55:08+00:00,2025-09-09,2025-09-09,3998
c08095,WJA110,CYVR,YVR,Vancouver,CYYC,YYC,Calgary,1757445516,1757449765,2025-09-09T19:18:36+00:00,2025-09-09T20:29:25+00:00,2025-09-09,2025-09-09,4249
c01f1e,FLE816,CYVR,YVR,Vancouver,CYYC,YYC,Calgary,1757444442,1757448430,2025-09-09T19:00:42+00:00,2025-09-09T20:07:10+00:00,2025-09-09,2025-09-09,3988
c07e62,WJA166,CYVR,YVR,Vancouver,CYEG,YEG,Edmonton,1757444384,1757448414,2025-09-09T18:59:44+00:00,2025-09-09T20:06:54+00:00,2025-09-09,2025-09-09,4030
c05eac,ACA110,CYVR,YVR,Vancouver,CYYZ,YYZ,Toronto,1757443682,1757458792,2025-09-09T18:48:02+00:00,2025-09-09T22:59:52+00:00,2025-09-09,2025-09-09,15110
c007d8,ACA238,CYVR,YVR,Vancouver,CYEG,YEG,Edmonton,1757443222,1757447127,2025-09-09T18:40:22+00:00,2025-09-09T19:45:27+00:00,2025-09-09,2025-09-09,3905
c03f85,WJA710,CYVR,YVR,Vancouver,CYYZ,YYZ,Toronto,1757443153,1757458790,2025-09-09T18:39:13+00:00,2025-09-09T22:59:50+00:00,2025-09-09,2025-09-09,15637
c08862,POE304,CYVR,YVR,Vancouver,CYYZ,YYZ,Toronto,1757440228,1757455861,2025-09-09T17:50:28+00:00,2025-09-09T22:11:01+00:00,2025-09-09,2025-09-09,15633
c056c6,WJA108,CYVR,YVR,Vancouver,CYYC,YYC,Calgary,1757439403,1757443330,2025-09-09T17:36:43+00:00,2025-09-09T18:42:10+00:00,2025-09-09,2025-09-09,3927
c080aa,WJA162,CYVR,YVR,Vancouver,CYEG,YEG,Edmonton,1757438640,1757442899,2025-09-09T17:24:00+00:00,2025-09-09T18:34:59+00:00,2025-09-09,2025-09-09,4259
c0192e,ACA108,CYVR,YVR,Vancouver,CYYZ,YYZ,Toronto,1757438209,1757453833,2025-09-09T17:16:49+00:00,2025-09-09T21:37:13+00:00,2025-09-09,2025-09-09,15624
c0202d,MAL8092,CYVR,YVR,Vancouver,CYYZ,YYZ,Toronto,1757437876,1757453157,2025-09-09T17:11:16+00:00,2025-09-09T21:25:57+00:00,2025-09-09,2025-09-09,15281
c007d0,ACA210,CYVR,YVR,Vancouver,CYYC,YYC,Calgary,1757437699,1757441607,2025-09-09T17:08:19+00:00,2025-09-09T18:13:27+00:00,2025-09-09,2025-09-09,3908
c06b6a,WJA708,CYVR,YVR,Vancouver,CYYZ,YYZ,Toronto,1757437425,1757452437,2025-09-09T17:03:45+00:00,2025-09-09T21:13:57+00:00,2025-09-09,2025-09-09,15012
c008f0,JZA7776,CYVR,YVR,Vancouver,CYEG,YEG,Edmonton,1757436094,1757440174,2025-09-09T16:41:34+00:00,2025-09-09T17:49:34+00:00,2025-09-09,2025-09-09,4080
c023ae,ACA34,CYVR,YVR,Vancouver,CYYZ,YYZ,Toronto,1757435796,1757450459,2025-09-09T16:36:36+00:00,2025-09-09T20:40:59+00:00,2025-09-09,2025-09-09,14663
c06e85,WEN3174,CYVR,YVR,Vancouver,CYYC,YYC,Calgary,1757434957,1757445854,2025-09-09T16:22:37+00:00,2025-09-09T19:24:14+00:00,2025-09-09,2025-09-09,10897
c00899,ACA204,CYVR,YVR,Vancouver,CYYC,YYC,Calgary,1757434881,1757438615,2025-09-09T16:21:21+00:00,2025-09-09T17:23:35+00:00,2025-09-09,2025-09-09,3734
c0175a,ACA304,CYVR,YVR,Vancouver,CYUL,YUL,Montreal,1757434770,1757450355,2025-09-09T16:19:30+00:00,2025-09-09T20:39:15+00:00,2025-09-09,2025-09-09,15585
c080e0,WJA706,CYVR,YVR,Vancouver,CYYZ,YYZ,Toronto,1757434604,1757450291,2025-09-09T16:16:44+00:00,2025-09-09T20:38:11+00:00,2025-09-09,2025-09-09,15687
c01dac,FLE826,CYVR,YVR,Vancouver,CYEG,YEG,Edmonton,1757432121,1757436292,2025-09-09T15:35:21+00:00,2025-09-09T16:44:52+00:00,2025-09-09,2025-09-09,4171
c0524c,WJA104,CYVR,YVR,Vancouver,CYYC,YYC,Calgary,1757432062,1757435975,2025-09-09T15:34:22+00:00,2025-09-09T16:39:35+00:00,2025-09-09,2025-09-09,3913
c006ec,ACA234,CYVR,YVR,Vancouver,CYEG,YEG,Edmonton,1757431996,1757435997,2025-09-09T15:33:16+00:00,2025-09-09T16:39:57+00:00,2025-09-09,2025-09-09,4001
c03e07,WJA164,CYVR,YVR,Vancouver,CYEG,YEG,Edmonton,1757431116,1757435128,2025-09-09T15:18:36+00:00,2025-09-09T16:25:28+00:00,2025-09-09,2025-09-09,4012
c08852,POE372,CYVR,YVR,Vancouver,CYUL,YUL,Montreal,1757430844,1757447345,2025-09-09T15:14:04+00:00,2025-09-09T19:49:05+00:00,2025-09-09,2025-09-09,16501
c00dce,FLE800,CYVR,YVR,Vancouver,CYYC,YYC,Calgary,1757429949,1757433864,2025-09-09T14:59:09+00:00,2025-09-09T16:04:24+00:00,2025-09-09,2025-09-09,3915
c00821,ACA302,CYVR,YVR,Vancouver,CYUL,YUL,Montreal,1757429598,1757445957,2025-09-09T14:53:18+00:00,2025-09-09T19:25:57+00:00,2025-09-09,2025-09-09,16359
c05bcb,ACA104,CYVR,YVR,Vancouver,CYYZ,YYZ,Toronto,1757429252,1757444639,2025-09-09T14:47:32+00:00,2025-09-09T19:03:59+00:00,2025-09-09,2025-09-09,15387
c060be,POE302,CYVR,YVR,Vancouver,CYYZ,YYZ,Toronto,1757428911,1757444385,2025-09-09T14:41:51+00:00,2025-09-09T18:59:45+00:00,2025-09-09,2025-09-09,15474
c00757,ACA232,CYVR,YVR,Vancouver,CYEG,YEG,Edmonton,1757428561,1757432539,2025-09-09T14:36:01+00:00,2025-09-09T15:42:19+00:00,2025-09-09,2025-09-09,3978
c0671b,ACA202,CYVR,YVR,Vancouver,CYYC,YYC,Calgary,1757427360,1757431510,2025-09-09T14:16:00+00:00,2025-09-09T15:25:10+00:00,2025-09-09,2025-09-09,4150
c06403,WJA102,CYVR,YVR,Vancouver,CYYC,YYC,Calgary,1757426964,1757430959,2025-09-09T14:09:24+00:00,2025-09-09T15:15:59+00:00,2025-09-09,2025-09-09,3995
c00d51,FLE822,CYVR,YVR,Vancouver,CYEG,YEG,Edmonton,1757426160,1757430292,2025-09-09T13:56:00+00:00,2025-09-09T15:04:52+00:00,2025-09-09,2025-09-09,4132
a500fa,N421SV,CYVR,YVR,Vancouver,CYYC,YYC,Calgary,1757424335,1757428160,2025-09-09T13:25:35+00:00,2025-09-09T14:29:20+00:00,2025-09-09,2025-09-09,3825
c04fff,ACA100,CYVR,YVR,Vancouver,CYYZ,YYZ,Toronto,1757423730,1757438995,2025-09-09T13:15:30+00:00,2025-09-09T17:29:55+00:00,2025-09-09,2025-09-09,15265
c080a5,WJA160,CYVR,YVR,Vancouver,CYEG,YEG,Edmonton,1757423552,1757427740,2025-09-09T13:12:32+00:00,2025-09-09T14:22:20+00:00,2025-09-09,2025-09-09,4188
c07ee6,WJA700,CYVR,YVR,Vancouver,CYYZ,YYZ,Toronto,1757423494,1757438746,2025-09-09T13:11:34+00:00,2025-09-09T17:25:46+00:00,2025-09-09,2025-09-09,15252
c08335,WJA100,CYVR,YVR,Vancouver,CYYC,YYC,Calgary,1757423280,1757427162,2025-09-09T13:08:00+00:00,2025-09-09T14:12:42+00:00,2025-09-09,2025-09-09,3882
a8699c,N641GV,CYVR,YVR,Vancouver,CYEG,YEG,Edmonton,1757422755,1757426784,2025-09-09T12:59:15+00:00,2025-09-09T14:06:24+00:00,2025-09-09,2025-09-09,4029
c0360e,WJA136,CYVR,YVR,Vancouver,CYYC,YYC,Calgary,1757419614,1757423485,2025-09-09T12:06:54+00:00,2025-09-09T13:11:25+00:00,2025-09-09,2025-09-09,3871
c0473b,CJT2382,CYVR,YVR,Vancouver,CYYC,YYC,Calgary,1757404835,1757408541,2025-09-09T08:00:35+00:00,2025-09-09T09:02:21+00:00,2025-09-09,2025-09-09,3706
c064d8,ACA348,CYVR,YVR,Vancouver,CYUL,YUL,Montreal,1757404269,1757423150,2025-09-09T07:51:09+00:00,2025-09-09T13:05:50+00:00,2025-09-09,2025-09-09,18881
c01e28,ACA182,CYVR,YVR,Vancouver,CYYZ,YYZ,Toronto,1757403995,1757418982,2025-09-09T07:46:35+00:00,2025-09-09T11:56:22+00:00,2025-09-09,2025-09-09,14987
c01e13,FLE602,CYVR,YVR,Vancouver,CYYZ,YYZ,Toronto,1757403421,1757418713,2025-09-09T07:37:01+00:00,2025-09-09T11:51:53+00:00,2025-09-09,2025-09-09,15292
c010f6,ACA128,CYVR,YVR,Vancouver,CYYZ,YYZ,Toronto,1757399640,1757414969,2025-09-09T06:34:00+00:00,2025-09-09T10:49:29+00:00,2025-09-09,2025-09-09,15329
c02f6a,WJA132,CYVR,YVR,Vancouver,CYYC,YYC,Calgary,1757398808,1757402773,2025-09-09T06:20:08+00:00,2025-09-09T07:26:13+00:00,2025-09-09,2025-09-09,3965
c07e33,ACA314,CYVR,YVR,Vancouver,CYUL,YUL,Montreal,1757398720,1757415118,2025-09-09T06:18:40+00:00,2025-09-09T10:51:58+00:00,2025-09-09,2025-09-09,16398
c0534e,FLE600,CYVR,YVR,Vancouver,CYYZ,YYZ,Toronto,1757397428,1757413228,2025-09-09T05:57:08+00:00,2025-09-09T10:20:28+00:00,2025-09-09,2025-09-09,15800
c0653f,ACA126,CYVR,YVR,Vancouver,CYYZ,YYZ,Toronto,1757396921,1757412234,2025-09-09T05:48:41+00:00,2025-09-09T10:03:54+00:00,2025-09-09,2025-09-09,15313
c08081,WJA724,CYVR,YVR,Vancouver,CYYZ,YYZ,Toronto,1757396803,1757412929,2025-09-09T05:46:43+00:00,2025-09-09T10:15:29+00:00,2025-09-09,2025-09-09,16126
c08857,POE318,CYVR,YVR,Vancouver,CYYZ,YYZ,Toronto,1757395567,1757411098,2025-09-09T05:26:07+00:00,2025-09-09T09:44:58+00:00,2025-09-09,2025-09-09,15531
c05067,ACA228,CYVR,YVR,Vancouver,CYYC,YYC,Calgary,1757395211,1757399069,2025-09-09T05:20:11+00:00,2025-09-09T06:24:29+00:00,2025-09-09,2025-09-09,3858
c080a4,WJA178,CYVR,YVR,Vancouver,CYEG,YEG,Edmonton,1757391780,1757395778,2025-09-09T04:23:00+00:00,2025-09-09T05:29:38+00:00,2025-09-09,2025-09-09,3998
c007d0,ACA250,CYVR,YVR,Vancouver,CYEG,YEG,Edmonton,1757391180,1757395198,2025-09-09T04:13:00+00:00,2025-09-09T05:19:58+00:00,2025-09-09,2025-09-09,4018
c004e9,WJA128,CYVR,YVR,Vancouver,CYYC,YYC,Calgary,1757389060,1757392973,2025-09-09T03:37:40+00:00,2025-09-09T04:42:53+00:00,2025-09-09,2025-09-09,3913
c05086,ACA226,CYVR,YVR,Vancouver,CYYC,YYC,Calgary,1757385469,1757389760,2025-09-09T02:37:49+00:00,2025-09-09T03:49:20+00:00,2025-09-09,2025-09-09,4291
c03517,WJA126,CYVR,YVR,Vancouver,CYYC,YYC,Calgary,1757385376,1757389256,2025-09-09T02:36:16+00:00,2025-09-09T03:40:56+00:00,2025-09-09,2025-09-09,3880
c06081,ACA246,CYVR,YVR,Vancouver,CYEG,YEG,Edmonton,1757384868,1757388872,2025-09-09T02:27:48+00:00,2025-09-09T03:34:32+00:00,2025-09-09,2025-09-09,4004
c02067,MAL8079,CYVR,YVR,Vancouver,CYYZ,YYZ,Toronto,1757384501,1757399397,2025-09-09T02:21:41+00:00,2025-09-09T06:29:57+00:00,2025-09-09,2025-09-09,14896
c024c5,ANT584,CYVR,YVR,Vancouver,CYYZ,YYZ,Toronto,1757384091,1757452245,2025-09-09T02:14:51+00:00,2025-09-09T21:10:45+00:00,2025-09-09,2025-09-09,68154
c04c36,WJA124,CYVR,YVR,Vancouver,CYYC,YYC,Calgary,1757383323,1757387253,2025-09-09T02:02:03+00:00,2025-09-09T03:07:33+00:00,2025-09-09,2025-09-09,3930
c02028,MAL7062,CYVR,YVR,Vancouver,CYYC,YYC,Calgary,1757383128,1757387043,2025-09-09T01:58:48+00:00,2025-09-09T03:04:03+00:00,2025-09-09,2025-09-09,3915
c02fe7,ACA224,CYVR,YVR,Vancouver,CYYC,YYC,Calgary,1757382670,1757386573,2025-09-09T01:51:10+00:00,2025-09-09T02:56:13+00:00,2025-09-09,2025-09-09,3903
c080a5,WJA174,CYVR,YVR,Vancouver,CYEG,YEG,Edmonton,1757380515,1757384671,2025-09-09T01:15:15+00:00,2025-09-09T02:24:31+00:00,2025-09-09,2025-09-09,4156
c0534e,FLE804,CYVR,YVR,Vancouver,CYYC,YYC,Calgary,1757380048,1757384007,2025-09-09T01:07:28+00:00,2025-09-09T02:13:27+00:00,2025-09-09,2025-09-09,3959
c00da8,FLE832,CYVR,YVR,Vancouver,CYEG,YEG,Edmonton,1757378794,1757382995,2025-09-09T00:46:34+00:00,2025-09-09T01:56:35+00:00,2025-09-09,2025-09-09,4201
c05eac,ACA124,CYVR,YVR,Vancouver,CYYZ,YYZ,Toronto,1757378368,1757393906,2025-09-09T00:39:28+00:00,2025-09-09T04:58:26+00:00,2025-09-09,2025-09-09,15538
c080aa,WJA122,CYVR,YVR,Vancouver,CYYC,YYC,Calgary,1757378286,1757382487,2025-09-09T00:38:06+00:00,2025-09-09T01:48:07+00:00,2025-09-09,2025-09-09,4201
c03bf2,WJA722,CYVR,YVR,Vancouver,CYYZ,YYZ,Toronto,1757376665,1757392401,2025-09-09T00:11:05+00:00,2025-09-09T04:33:21+00:00,2025-09-09,2025-09-09,15736
c05d08,JZA7780,CYVR,YVR,Vancouver,CYEG,YEG,Edmonton,1757376026,1757380246,2025-09-09T00:00:26+00:00,2025-09-09T01:10:46+00:00,2025-09-09,2025-09-09,4220
c066f0,ACA312,CYVR,YVR,Vancouver,CYUL,YUL,Montreal,1757376015,1757391929,2025-09-09T00:00:15+00:00,2025-09-09T04:25:29+00:00,2025-09-09,2025-09-09,15914
c07f01,WJA203,CYYC,YYC,Calgary,CYEG,YEG,Edmonton,1757456263,1757458061,2025-09-09T22:17:43+00:00,2025-09-09T22:47:41+00:00,2025-09-09,2025-09-09,1798
c05f01,JZA138,CYYC,YYC,Calgary,CYEG,YEG,Edmonton,1757455114,1757456999,2025-09-09T21:58:34+00:00,2025-09-09T22:29:59+00:00,2025-09-09,2025-09-09,1885
c011b6,CJT301,CYYC,YYC,Calgary,CYVR,YVR,Vancouver,1757453252,1757457095,2025-09-09T21:27:32+00:00,2025-09-09T22:31:35+00:00,2025-09-09,2025-09-09,3843
c056c6,WJA119,CYYC,YYC,Calgary,CYVR,YVR,Vancouver,1757452351,1757456200,2025-09-09T21:12:31+00:00,2025-09-09T22:16:40+00:00,2025-09-09,2025-09-09,3849
c01b4f,WJA117,CYYC,YYC,Calgary,CYVR,YVR,Vancouver,1757448816,1757452657,2025-09-09T20:13:36+00:00,2025-09-09T21:17:37+00:00,2025-09-09,2025-09-09,3841
c0524c,WJA253,CYYC,YYC,Calgary,CYEG,YEG,Edmonton,1757448502,1757450377,2025-09-09T20:08:22+00:00,2025-09-09T20:39:37+00:00,2025-09-09,2025-09-09,1875
c04535,SDE150,CYYC,YYC,Calgary,CYVR,YVR,Vancouver,1757447009,1757450999,2025-09-09T19:43:29+00:00,2025-09-09T20:49:59+00:00,2025-09-09,2025-09-09,3990
c007d0,ACA217,CYYC,YYC,Calgary,CYVR,YVR,Vancouver,1757446817,1757450575,2025-09-09T19:40:17+00:00,2025-09-09T20:42:55+00:00,2025-09-09,2025-09-09,3758
c04c36,WJA115,CYYC,YYC,Calgary,CYVR,YVR,Vancouver,1757445774,1757449553,2025-09-09T19:22:54+00:00,2025-09-09T20:25:53+00:00,2025-09-09,2025-09-09,3779
c0614d,WJA664,CYYC,YYC,Calgary,CYYZ,YYZ,Toronto,1757445344,1757458448,2025-09-09T19:15:44+00:00,2025-09-09T22:54:08+00:00,2025-09-09,2025-09-09,13104
c060ca,POE356,CYYC,YYC,Calgary,CYYZ,YYZ,Toronto,1757443481,1757455975,2025-09-09T18:44:41+00:00,2025-09-09T22:12:55+00:00,2025-09-09,2025-09-09,12494
c010f6,ACA146,CYYC,YYC,Calgary,CYYZ,YYZ,Toronto,1757443399,1757456184,2025-09-09T18:43:19+00:00,2025-09-09T22:16:24+00:00,2025-09-09,2025-09-09,12785
c0041d,CFBOM,CYYC,YYC,Calgary,CYEG,YEG,Edmonton,1757443088,1757445509,2025-09-09T18:38:08+00:00,2025-09-09T19:18:29+00:00,2025-09-09,2025-09-09,2421
c05f01,JZA134,CYYC,YYC,Calgary,CYEG,YEG,Edmonton,1757442720,1757444666,2025-09-09T18:32:00+00:00,2025-09-09T19:04:26+00:00,2025-09-09,2025-09-09,1946
c00899,ACA211,CYYC,YYC,Calgary,CYVR,YVR,Vancouver,1757442351,1757446044,2025-09-09T18:25:51+00:00,2025-09-09T19:27:24+00:00,2025-09-09,2025-09-09,3693
c013de,AKT1720,CYYC,YYC,Calgary,CYEG,YEG,Edmonton,1757442091,1757443949,2025-09-09T18:21:31+00:00,2025-09-09T18:52:29+00:00,2025-09-09,2025-09-09,1858
c00741,WJA113,CYYC,YYC,Calgary,CYVR,YVR,Vancouver,1757441806,1757445626,2025-09-09T18:16:46+00:00,2025-09-09T19:20:26+00:00,2025-09-09,2025-09-09,3820
c03003,ACA324,CYYC,YYC,Calgary,CYUL,YUL,Montreal,1757441378,1757454591,2025-09-09T18:09:38+00:00,2025-09-09T21:49:51+00:00,2025-09-09,2025-09-09,13213
c0121e,WJA660,CYYC,YYC,Calgary,CYYZ,YYZ,Toronto,1757439864,1757452890,2025-09-09T17:44:24+00:00,2025-09-09T21:21:30+00:00,2025-09-09,2025-09-09,13026
c00dce,FLE801,CYYC,YYC,Calgary,CYVR,YVR,Vancouver,1757438179,1757442081,2025-09-09T17:16:19+00:00,2025-09-09T18:21:21+00:00,2025-09-09,2025-09-09,3902
c00ec2,WJA111,CYYC,YYC,Calgary,CYVR,YVR,Vancouver,1757437980,1757441758,2025-09-09T17:13:00+00:00,2025-09-09T18:15:58+00:00,2025-09-09,2025-09-09,3778
c04688,ASP816,CYYC,YYC,Calgary,CYYZ,YYZ,Toronto,1757437642,1757449883,2025-09-09T17:07:22+00:00,2025-09-09T20:31:23+00:00,2025-09-09,2025-09-09,12241
c051ec,NOJ605,CYYC,YYC,Calgary,CYYZ,YYZ,Toronto,1757436870,1757449921,2025-09-09T16:54:30+00:00,2025-09-09T20:32:01+00:00,2025-09-09,2025-09-09,13051
c05bd6,ACA142,CYYC,YYC,Calgary,CYYZ,YYZ,Toronto,1757436649,1757449019,2025-09-09T16:50:49+00:00,2025-09-09T20:16:59+00:00,2025-09-09,2025-09-09,12370
c07c92,WEN3317,CYYC,YYC,Calgary,CYEG,YEG,Edmonton,1757436199,1757438365,2025-09-09T16:43:19+00:00,2025-09-09T17:19:25+00:00,2025-09-09,2025-09-09,2166
c019eb,WJA212,CYYC,YYC,Calgary,CYUL,YUL,Montreal,1757435772,1757449434,2025-09-09T16:36:12+00:00,2025-09-09T20:23:54+00:00,2025-09-09,2025-09-09,13662
c0671b,ACA209,CYYC,YYC,Calgary,CYVR,YVR,Vancouver,1757435536,1757439354,2025-09-09T16:32:16+00:00,2025-09-09T17:35:54+00:00,2025-09-09,2025-09-09,3818
c053ba,ASP501,CYYC,YYC,Calgary,CYEG,YEG,Edmonton,1757435309,1757437168,2025-09-09T16:28:29+00:00,2025-09-09T16:59:28+00:00,2025-09-09,2025-09-09,1859
c03517,WJA658,CYYC,YYC,Calgary,CYYZ,YYZ,Toronto,1757434802,1757447873,2025-09-09T16:20:02+00:00,2025-09-09T19:57:53+00:00,2025-09-09,2025-09-09,13071
c08095,WJA109,CYYC,YYC,Calgary,CYVR,YVR,Vancouver,1757434029,1757437709,2025-09-09T16:07:09+00:00,2025-09-09T17:08:29+00:00,2025-09-09,2025-09-09,3680
c06151,WEN3173,CYYC,YYC,Calgary,CYVR,YVR,Vancouver,1757433039,1757445348,2025-09-09T15:50:39+00:00,2025-09-09T19:15:48+00:00,2025-09-09,2025-09-09,12309
c012ba,CJT918,CYYC,YYC,Calgary,CYEG,YEG,Edmonton,1757432331,1757434070,2025-09-09T15:38:51+00:00,2025-09-09T16:07:50+00:00,2025-09-09,2025-09-09,1739
c048cb,CNK66,CYYC,YYC,Calgary,CYEG,YEG,Edmonton,1757431431,1757433837,2025-09-09T15:23:51+00:00,2025-09-09T16:03:57+00:00,2025-09-09,2025-09-09,2406
c07ee8,WJA107,CYYC,YYC,Calgary,CYVR,YVR,Vancouver,1757431298,1757435024,2025-09-09T15:21:38+00:00,2025-09-09T16:23:44+00:00,2025-09-09,2025-09-09,3726
c043cb,WJA656,CYYC,YYC,Calgary,CYYZ,YYZ,Toronto,1757430849,1757443659,2025-09-09T15:14:09+00:00,2025-09-09T18:47:39+00:00,2025-09-09,2025-09-09,12810
c05067,ACA205,CYYC,YYC,Calgary,CYVR,YVR,Vancouver,1757428412,1757432144,2025-09-09T14:33:32+00:00,2025-09-09T15:35:44+00:00,2025-09-09,2025-09-09,3732
ac7014,SIY900,CYYC,YYC,Calgary,CYYZ,YYZ,Toronto,1757428055,1757441109,2025-09-09T14:27:35+00:00,2025-09-09T18:05:09+00:00,2025-09-09,2025-09-09,13054
c010ec,ACA136,CYYC,YYC,Calgary,CYYZ,YYZ,Toronto,1757427532,1757439776,2025-09-09T14:18:52+00:00,2025-09-09T17:42:56+00:00,2025-09-09,2025-09-09,12244
c004e9,WJA654,CYYC,YYC,Calgary,CYYZ,YYZ,Toronto,1757427317,1757440019,2025-09-09T14:15:17+00:00,2025-09-09T17:46:59+00:00,2025-09-09,2025-09-09,12702
c060c8,POE384,CYYC,YYC,Calgary,CYUL,YUL,Montreal,1757426570,1757439787,2025-09-09T14:02:50+00:00,2025-09-09T17:43:07+00:00,2025-09-09,2025-09-09,13217
c063fe,NCB9820,CYYC,YYC,Calgary,CYEG,YEG,Edmonton,1757426302,1757428766,2025-09-09T13:58:22+00:00,2025-09-09T14:39:26+00:00,2025-09-09,2025-09-09,2464
c06c94,CNK678,CYYC,YYC,Calgary,CYEG,YEG,Edmonton,1757425908,1757427619,2025-09-09T13:51:48+00:00,2025-09-09T14:20:19+00:00,2025-09-09,2025-09-09,1711
c08544,SDE450,CYYC,YYC,Calgary,CYEG,YEG,Edmonton,1757424994,1757426939,2025-09-09T13:36:34+00:00,2025-09-09T14:08:59+00:00,2025-09-09,2025-09-09,1945
c060c6,POE352,CYYC,YYC,Calgary,CYYZ,YYZ,Toronto,1757423647,1757435995,2025-09-09T13:14:07+00:00,2025-09-09T16:39:55+00:00,2025-09-09,2025-09-09,12348
c01a05,WEN3395,CYYC,YYC,Calgary,CYEG,YEG,Edmonton,1757423615,1757425517,2025-09-09T13:13:35+00:00,2025-09-09T13:45:17+00:00,2025-09-09,2025-09-09,1902
c0524c,WJA103,CYYC,YYC,Calgary,CYVR,YVR,Vancouver,1757423555,1757427358,2025-09-09T13:12:35+00:00,2025-09-09T14:15:58+00:00,2025-09-09,2025-09-09,3803
c05bd2,ACA134,CYYC,YYC,Calgary,CYYZ,YYZ,Toronto,1757423006,1757435244,2025-09-09T13:03:26+00:00,2025-09-09T16:27:24+00:00,2025-09-09,2025-09-09,12238
c00094,CFAFR684,CYYC,YYC,Calgary,CYVR,YVR,Vancouver,1757422906,1757432486,2025-09-09T13:01:46+00:00,2025-09-09T15:41:26+00:00,2025-09-09,2025-09-09,9580
c0202b,CFMES,CYYC,YYC,Calgary,CYEG,YEG,Edmonton,1757421412,1757423273,2025-09-09T12:36:52+00:00,2025-09-09T13:07:53+00:00,2025-09-09,2025-09-09,1861
c04687,ASP839,CYYC,YYC,Calgary,CYYZ,YYZ,Toronto,1757421315,1757433411,2025-09-09T12:35:15+00:00,2025-09-09T15:56:51+00:00,2025-09-09,2025-09-09,12096
c0540c,WJA650,CYYC,YYC,Calgary,CYYZ,YYZ,Toronto,1757420706,1757433078,2025-09-09T12:25:06+00:00,2025-09-09T15:51:18+00:00,2025-09-09,2025-09-09,12372
c05086,ACA201,CYYC,YYC,Calgary,CYVR,YVR,Vancouver,1757420430,1757424067,2025-09-09T12:20:30+00:00,2025-09-09T13:21:07+00:00,2025-09-09,2025-09-09,3637
c07566,CNK33,CYYC,YYC,Calgary,CYEG,YEG,Edmonton,1757419944,1757422216,2025-09-09T12:12:24+00:00,2025-09-09T12:50:16+00:00,2025-09-09,2025-09-09,2272
c030a6,ACA318,CYYC,YYC,Calgary,CYUL,YUL,Montreal,1757419782,1757433170,2025-09-09T12:09:42+00:00,2025-09-09T15:52:50+00:00,2025-09-09,2025-09-09,13388
c0828b,SDE562,CYYC,YYC,Calgary,CYYZ,YYZ,Toronto,1757418940,1757432068,2025-09-09T11:55:40+00:00,2025-09-09T15:34:28+00:00,2025-09-09,2025-09-09,13128
c0202d,MAL7051,CYYC,YYC,Calgary,CYVR,YVR,Vancouver,1757413051,1757416617,2025-09-09T10:17:31+00:00,2025-09-09T11:16:57+00:00,2025-09-09,2025-09-09,3566
c00088,CNK381,CYYC,YYC,Calgary,CYEG,YEG,Edmonton,1757404804,1757406978,2025-09-09T08:00:04+00:00,2025-09-09T08:36:18+00:00,2025-09-09,2025-09-09,2174
c051e2,ACA316,CYYC,YYC,Calgary,CYUL,YUL,Montreal,1757402891,1757416037,2025-09-09T07:28:11+00:00,2025-09-09T11:07:17+00:00,2025-09-09,2025-09-09,13146
c01e1a,FLE628,CYYC,YYC,Calgary,CYYZ,YYZ,Toronto,1757401599,1757414116,2025-09-09T07:06:39+00:00,2025-09-09T10:35:16+00:00,2025-09-09,2025-09-09,12517
c07fb9,WJA646,CYYC,YYC,Calgary,CYYZ,YYZ,Toronto,1757401503,1757414810,2025-09-09T07:05:03+00:00,2025-09-09T10:46:50+00:00,2025-09-09,2025-09-09,13307
c0653d,ACA156,CYYC,YYC,Calgary,CYYZ,YYZ,Toronto,1757399490,1757412114,2025-09-09T06:31:30+00:00,2025-09-09T10:01:54+00:00,2025-09-09,2025-09-09,12624
c07b09,ACA154,CYYC,YYC,Calgary,CYYZ,YYZ,Toronto,1757399160,1757411627,2025-09-09T06:26:00+00:00,2025-09-09T09:53:47+00:00,2025-09-09,2025-09-09,12467
c04c36,WJA652,CYYC,YYC,Calgary,CYYZ,YYZ,Toronto,1757398743,1757411952,2025-09-09T06:19:03+00:00,2025-09-09T09:59:12+00:00,2025-09-09,2025-09-09,13209
c08335,WJA135,CYYC,YYC,Calgary,CYVR,YVR,Vancouver,1757397124,1757400719,2025-09-09T05:52:04+00:00,2025-09-09T06:51:59+00:00,2025-09-09,2025-09-09,3595
c012bd,WJA237,CYYC,YYC,Calgary,CYEG,YEG,Edmonton,1757396866,1757398613,2025-09-09T05:47:46+00:00,2025-09-09T06:16:53+00:00,2025-09-09,2025-09-09,1747
c02028,MAL7062,CYYC,YYC,Calgary,CYYZ,YYZ,Toronto,1757392306,1757404302,2025-09-09T04:31:46+00:00,2025-09-09T07:51:42+00:00,2025-09-09,2025-09-09,11996
c03c44,WJA133,CYYC,YYC,Calgary,CYVR,YVR,Vancouver,1757391393,1757395069,2025-09-09T04:16:33+00:00,2025-09-09T05:17:49+00:00,2025-09-09,2025-09-09,3676
c0473b,CJT2389,CYYC,YYC,Calgary,CYVR,YVR,Vancouver,1757391062,1757394778,2025-09-09T04:11:02+00:00,2025-09-09T05:12:58+00:00,2025-09-09,2025-09-09,3716
c07ee6,WJA129,CYYC,YYC,Calgary,CYVR,YVR,Vancouver,1757390927,1757394594,2025-09-09T04:08:47+00:00,2025-09-09T05:09:54+00:00,2025-09-09,2025-09-09,3667
c05857,ACA7132,CYYC,YYC,Calgary,CYYZ,YYZ,Toronto,1757389973,1757402066,2025-09-09T03:52:53+00:00,2025-09-09T07:14:26+00:00,2025-09-09,2025-09-09,12093
c03bf5,WJA289,CYYC,YYC,Calgary,CYEG,YEG,Edmonton,1757389830,1757391647,2025-09-09T03:50:30+00:00,2025-09-09T04:20:47+00:00,2025-09-09,2025-09-09,1817
c080aa,WJA131,CYYC,YYC,Calgary,CYVR,YVR,Vancouver,1757389170,1757392881,2025-09-09T03:39:30+00:00,2025-09-09T04:41:21+00:00,2025-09-09,2025-09-09,3711
c012be,AKT1507,CYYC,YYC,Calgary,CYEG,YEG,Edmonton,1757388469,1757390368,2025-09-09T03:27:49+00:00,2025-09-09T03:59:28+00:00,2025-09-09,2025-09-09,1899
c0534e,FLE805,CYYC,YYC,Calgary,CYVR,YVR,Vancouver,1757388210,1757391918,2025-09-09T03:23:30+00:00,2025-09-09T04:25:18+00:00,2025-09-09,2025-09-09,3708
c07eee,WJA676,CYYC,YYC,Calgary,CYYZ,YYZ,Toronto,1757387774,1757400329,2025-09-09T03:16:14+00:00,2025-09-09T06:45:29+00:00,2025-09-09,2025-09-09,12555
c006ec,ACA227,CYYC,YYC,Calgary,CYVR,YVR,Vancouver,1757387641,1757391449,2025-09-09T03:14:01+00:00,2025-09-09T04:17:29+00:00,2025-09-09,2025-09-09,3808
c07ee0,WJA241,CYYC,YYC,Calgary,CYEG,YEG,Edmonton,1757385526,1757387395,2025-09-09T02:38:46+00:00,2025-09-09T03:09:55+00:00,2025-09-09,2025-09-09,1869
c00dce,FLE809,CYYC,YYC,Calgary,CYVR,YVR,Vancouver,1757385451,1757389368,2025-09-09T02:37:31+00:00,2025-09-09T03:42:48+00:00,2025-09-09,2025-09-09,3917
c00c54,SUT8696,CYYC,YYC,Calgary,CYEG,YEG,Edmonton,1757384388,1757386329,2025-09-09T02:19:48+00:00,2025-09-09T02:52:09+00:00,2025-09-09,2025-09-09,1941
c0440e,ACA158,CYYC,YYC,Calgary,CYYZ,YYZ,Toronto,1757381688,1757394128,2025-09-09T01:34:48+00:00,2025-09-09T05:02:08+00:00,2025-09-09,2025-09-09,12440
c05f01,JZA144,CYYC,YYC,Calgary,CYEG,YEG,Edmonton,1757381166,1757383105,2025-09-09T01:26:06+00:00,2025-09-09T01:58:25+00:00,2025-09-09,2025-09-09,1939
c004e9,WJA127,CYYC,YYC,Calgary,CYVR,YVR,Vancouver,1757381013,1757384667,2025-09-09T01:23:33+00:00,2025-09-09T02:24:27+00:00,2025-09-09,2025-09-09,3654
a5949e,N459M,CYYC,YYC,Calgary,CYEG,YEG,Edmonton,1757379822,1757381426,2025-09-09T01:03:42+00:00,2025-09-09T01:30:26+00:00,2025-09-09,2025-09-09,1604
c07ee4,WJA255,CYYC,YYC,Calgary,CYEG,YEG,Edmonton,1757379016,1757380838,2025-09-09T00:50:16+00:00,2025-09-09T01:20:38+00:00,2025-09-09,2025-09-09,1822
c045f1,WJA214,CYYC,YYC,Calgary,CYUL,YUL,Montreal,1757378735,1757391748,2025-09-09T00:45:35+00:00,2025-09-09T04:22:28+00:00,2025-09-09,2025-09-09,13013
c01d72,FLE626,CYYC,YYC,Calgary,CYYZ,YYZ,Toronto,1757378268,1757390545,2025-09-09T00:37:48+00:00,2025-09-09T04:02:25+00:00,2025-09-09,2025-09-09,12277
c007d8,ACA223,CYYC,YYC,Calgary,CYVR,YVR,Vancouver,1757377663,1757381360,2025-09-09T00:27:43+00:00,2025-09-09T01:29:20+00:00,2025-09-09,2025-09-09,3697
c03517,WJA125,CYYC,YYC,Calgary,CYVR,YVR,Vancouver,1757377394,1757381097,2025-09-09T00:23:14+00:00,2025-09-09T01:24:57+00:00,2025-09-09,2025-09-09,3703
c0192e,ACA152,CYYC,YYC,Calgary,CYYZ,YYZ,Toronto,1757376243,1757388298,2025-09-09T00:04:03+00:00,2025-09-09T03:24:58+00:00,2025-09-09,2025-09-09,12055
c0202b,CFMES,CYYC,YYC,Calgary,CYEG,YEG,Edmonton,1757376004,1757377625,2025-09-09T00:00:04+00:00,2025-09-09T00:27:05+00:00,2025-09-09,2025-09-09,1621
c06aa9,TSC521,CYYZ,YYZ,Toronto,CYUL,YUL,Montreal,1757455514,1757458792,2025-09-09T22:05:14+00:00,2025-09-09T22:59:52+00:00,2025-09-09,2025-09-09,3278
c0173f,ACA422,CYYZ,YYZ,Toronto,CYUL,YUL,Montreal,1757455356,1757458776,2025-09-09T22:02:36+00:00,2025-09-09T22:59:36+00:00,2025-09-09,2025-09-09,3420
c0616c,POE129,CYYZ,YYZ,Toronto,CYUL,YUL,Montreal,1757454661,1757458475,2025-09-09T21:51:01+00:00,2025-09-09T22:54:35+00:00,2025-09-09,2025-09-09,3814
c01c02,ACA484,CYYZ,YYZ,Toronto,CYUL,YUL,Montreal,1757453692,1757457257,2025-09-09T21:34:52+00:00,2025-09-09T22:34:17+00:00,2025-09-09,2025-09-09,3565
c04fe4,ACA894,CYYZ,YYZ,Toronto,CYUL,YUL,Montreal,1757452800,1757457458,2025-09-09T21:20:00+00:00,2025-09-09T22:37:38+00:00,2025-09-09,2025-09-09,4658
c07973,ACA416,CYYZ,YYZ,Toronto,CYUL,YUL,Montreal,1757451542,1757455291,2025-09-09T20:59:02+00:00,2025-09-09T22:01:31+00:00,2025-09-09,2025-09-09,3749
c07e33,ACA488,CYYZ,YYZ,Toronto,CYUL,YUL,Montreal,1757451361,1757454989,2025-09-09T20:56:01+00:00,2025-09-09T21:56:29+00:00,2025-09-09,2025-09-09,3628
c060bc,POE125,CYYZ,YYZ,Toronto,CYUL,YUL,Montreal,1757450254,1757453459,2025-09-09T20:37:34+00:00,2025-09-09T21:30:59+00:00,2025-09-09,2025-09-09,3205
c0440e,ACA418,CYYZ,YYZ,Toronto,CYUL,YUL,Montreal,1757450136,1757453575,2025-09-09T20:35:36+00:00,2025-09-09T21:32:55+00:00,2025-09-09,2025-09-09,3439
c06aaa,TSC421,CYYZ,YYZ,Toronto,CYUL,YUL,Montreal,1757449310,1757452773,2025-09-09T20:21:50+00:00,2025-09-09T21:19:33+00:00,2025-09-09,2025-09-09,3463
c010ec,ACA145,CYYZ,YYZ,Toronto,CYYC,YYC,Calgary,1757444915,1757458490,2025-09-09T19:08:35+00:00,2025-09-09T22:54:50+00:00,2025-09-09,2025-09-09,13575
c07fb9,WJA663,CYYZ,YYZ,Toronto,CYYC,YYC,Calgary,1757444614,1757457987,2025-09-09T19:03:34+00:00,2025-09-09T22:46:27+00:00,2025-09-09,2025-09-09,13373
c04fff,ACA171,CYYZ,YYZ,Toronto,CYEG,YEG,Edmonton,1757443385,1757456853,2025-09-09T18:43:05+00:00,2025-09-09T22:27:33+00:00,2025-09-09,2025-09-09,13468
c071d9,CGRCY,CYYZ,YYZ,Toronto,CYUL,YUL,Montreal,1757442660,1757447109,2025-09-09T18:31:00+00:00,2025-09-09T19:45:09+00:00,2025-09-09,2025-09-09,4449
c080d9,ACA414,CYYZ,YYZ,Toronto,CYUL,YUL,Montreal,1757441495,1757445355,2025-09-09T18:11:35+00:00,2025-09-09T19:15:55+00:00,2025-09-09,2025-09-09,3860
c012bd,WJA715,CYYZ,YYZ,Toronto,CYVR,YVR,Vancouver,1757441400,1757457321,2025-09-09T18:10:00+00:00,2025-09-09T22:35:21+00:00,2025-09-09,2025-09-09,15921
c05bd2,ACA115,CYYZ,YYZ,Toronto,CYVR,YVR,Vancouver,1757441289,1757457634,2025-09-09T18:08:09+00:00,2025-09-09T22:40:34+00:00,2025-09-09,2025-09-09,16345
c01e1f,FLE613,CYYZ,YYZ,Toronto,CYVR,YVR,Vancouver,1757441167,1757457178,2025-09-09T18:06:07+00:00,2025-09-09T22:32:58+00:00,2025-09-09,2025-09-09,16011
c05056,ACA143,CYYZ,YYZ,Toronto,CYYC,YYC,Calgary,1757440623,1757454327,2025-09-09T17:57:03+00:00,2025-09-09T21:45:27+00:00,2025-09-09,2025-09-09,13704
c06156,WJA661,CYYZ,YYZ,Toronto,CYYC,YYC,Calgary,1757439691,1757453149,2025-09-09T17:41:31+00:00,2025-09-09T21:25:49+00:00,2025-09-09,2025-09-09,13458
c05bcf,ACA113,CYYZ,YYZ,Toronto,CYVR,YVR,Vancouver,1757439394,1757455297,2025-09-09T17:36:34+00:00,2025-09-09T22:01:37+00:00,2025-09-09,2025-09-09,15903
c060c3,POE405,CYYZ,YYZ,Toronto,CYEG,YEG,Edmonton,1757439307,1757453094,2025-09-09T17:35:07+00:00,2025-09-09T21:24:54+00:00,2025-09-09,2025-09-09,13787
c0885e,POE357,CYYZ,YYZ,Toronto,CYYC,YYC,Calgary,1757438522,1757452616,2025-09-09T17:22:02+00:00,2025-09-09T21:16:56+00:00,2025-09-09,2025-09-09,14094
c08866,POE307,CYYZ,YYZ,Toronto,CYVR,YVR,Vancouver,1757438315,1757455021,2025-09-09T17:18:35+00:00,2025-09-09T21:57:01+00:00,2025-09-09,2025-09-09,16706
c05eb7,ACA410,CYYZ,YYZ,Toronto,CYUL,YUL,Montreal,1757436750,1757440885,2025-09-09T16:52:30+00:00,2025-09-09T18:01:25+00:00,2025-09-09,2025-09-09,4135
c05ba9,WJA425,CYYZ,YYZ,Toronto,CYEG,YEG,Edmonton,1757436211,1757449465,2025-09-09T16:43:31+00:00,2025-09-09T20:24:25+00:00,2025-09-09,2025-09-09,13254
c02032,MAL7092,CYYZ,YYZ,Toronto,CYVR,YVR,Vancouver,1757434416,1757449751,2025-09-09T16:13:36+00:00,2025-09-09T20:29:11+00:00,2025-09-09,2025-09-09,15335
c05054,ACA141,CYYZ,YYZ,Toronto,CYYC,YYC,Calgary,1757434149,1757447809,2025-09-09T16:09:09+00:00,2025-09-09T19:56:49+00:00,2025-09-09,2025-09-09,13660
c06be3,WJA711,CYYZ,YYZ,Toronto,CYVR,YVR,Vancouver,1757433699,1757450450,2025-09-09T16:01:39+00:00,2025-09-09T20:40:50+00:00,2025-09-09,2025-09-09,16751
c02028,MAL7090,CYYZ,YYZ,Toronto,CYYC,YYC,Calgary,1757433282,1757446079,2025-09-09T15:54:42+00:00,2025-09-09T19:27:59+00:00,2025-09-09,2025-09-09,12797
c04ed6,HRT364,CYYZ,YYZ,Toronto,CYUL,YUL,Montreal,1757432948,1757435833,2025-09-09T15:49:08+00:00,2025-09-09T16:37:13+00:00,2025-09-09,2025-09-09,2885
c04681,ASP846,CYYZ,YYZ,Toronto,CYUL,YUL,Montreal,1757432768,1757435572,2025-09-09T15:46:08+00:00,2025-09-09T16:32:52+00:00,2025-09-09,2025-09-09,2804
c010ea,ACA117,CYYZ,YYZ,Toronto,CYVR,YVR,Vancouver,1757432162,1757448534,2025-09-09T15:36:02+00:00,2025-09-09T20:08:54+00:00,2025-09-09,2025-09-09,16372
c0440e,ACA408,CYYZ,YYZ,Toronto,CYUL,YUL,Montreal,1757430244,1757433674,2025-09-09T15:04:04+00:00,2025-09-09T16:01:14+00:00,2025-09-09,2025-09-09,3430
c03c05,WJA657,CYYZ,YYZ,Toronto,CYYC,YYC,Calgary,1757430191,1757443767,2025-09-09T15:03:11+00:00,2025-09-09T18:49:27+00:00,2025-09-09,2025-09-09,13576
c05edb,ACA167,CYYZ,YYZ,Toronto,CYEG,YEG,Edmonton,1757429724,1757443253,2025-09-09T14:55:24+00:00,2025-09-09T18:40:53+00:00,2025-09-09,2025-09-09,13529
c01f28,FLE637,CYYZ,YYZ,Toronto,CYEG,YEG,Edmonton,1757429263,1757442307,2025-09-09T14:47:43+00:00,2025-09-09T18:25:07+00:00,2025-09-09,2025-09-09,13044
c0618c,POE305,CYYZ,YYZ,Toronto,CYVR,YVR,Vancouver,1757428822,1757445525,2025-09-09T14:40:22+00:00,2025-09-09T19:18:45+00:00,2025-09-09,2025-09-09,16703
c07b05,ACA137,CYYZ,YYZ,Toronto,CYYC,YYC,Calgary,1757428600,1757442154,2025-09-09T14:36:40+00:00,2025-09-09T18:22:34+00:00,2025-09-09,2025-09-09,13554
c01e1a,FLE625,CYYZ,YYZ,Toronto,CYYC,YYC,Calgary,1757427930,1757441303,2025-09-09T14:25:30+00:00,2025-09-09T18:08:23+00:00,2025-09-09,2025-09-09,13373
c01e28,ACA109,CYYZ,YYZ,Toronto,CYVR,YVR,Vancouver,1757427631,1757443640,2025-09-09T14:20:31+00:00,2025-09-09T18:47:20+00:00,2025-09-09,2025-09-09,16009
c00ae5,SYB668,CYYZ,YYZ,Toronto,CYUL,YUL,Montreal,1757427186,1757430146,2025-09-09T14:13:06+00:00,2025-09-09T15:02:26+00:00,2025-09-09,2025-09-09,2960
c07eee,WJA655,CYYZ,YYZ,Toronto,CYYC,YYC,Calgary,1757426887,1757440758,2025-09-09T14:08:07+00:00,2025-09-09T17:59:18+00:00,2025-09-09,2025-09-09,13871
c01755,,CYYZ,YYZ,Toronto,CYUL,YUL,Montreal,1757426805,1757430651,2025-09-09T14:06:45+00:00,2025-09-09T15:10:51+00:00,2025-09-09,2025-09-09,3846
c08081,WJA707,CYYZ,YYZ,Toronto,CYVR,YVR,Vancouver,1757426434,1757444294,2025-09-09T14:00:34+00:00,2025-09-09T18:58:14+00:00,2025-09-09,2025-09-09,17860
c0534e,FLE609,CYYZ,YYZ,Toronto,CYVR,YVR,Vancouver,1757426387,1757443072,2025-09-09T13:59:47+00:00,2025-09-09T18:37:52+00:00,2025-09-09,2025-09-09,16685
c060ca,POE353,CYYZ,YYZ,Toronto,CYYC,YYC,Calgary,1757424275,1757438271,2025-09-09T13:24:35+00:00,2025-09-09T17:17:51+00:00,2025-09-09,2025-09-09,13996
c060c5,POE403,CYYZ,YYZ,Toronto,CYEG,YEG,Edmonton,1757423891,1757437477,2025-09-09T13:18:11+00:00,2025-09-09T17:04:37+00:00,2025-09-09,2025-09-09,13586
c010f6,ACA135,CYYZ,YYZ,Toronto,CYYC,YYC,Calgary,1757423824,1757437444,2025-09-09T13:17:04+00:00,2025-09-09T17:04:04+00:00,2025-09-09,2025-09-09,13620
c08509,ACA107,CYYZ,YYZ,Toronto,CYVR,YVR,Vancouver,1757423178,1757438894,2025-09-09T13:06:18+00:00,2025-09-09T17:28:14+00:00,2025-09-09,2025-09-09,15716
c05bcf,ACA404,CYYZ,YYZ,Toronto,CYUL,YUL,Montreal,1757422908,1757426459,2025-09-09T13:01:48+00:00,2025-09-09T14:00:59+00:00,2025-09-09,2025-09-09,3551
c04c36,WJA651,CYYZ,YYZ,Toronto,CYYC,YYC,Calgary,1757422774,1757436492,2025-09-09T12:59:34+00:00,2025-09-09T16:48:12+00:00,2025-09-09,2025-09-09,13718
c080a3,WJA421,CYYZ,YYZ,Toronto,CYEG,YEG,Edmonton,1757422410,1757438180,2025-09-09T12:53:30+00:00,2025-09-09T17:16:20+00:00,2025-09-09,2025-09-09,15770
c060c3,POE111,CYYZ,YYZ,Toronto,CYUL,YUL,Montreal,1757422144,1757426110,2025-09-09T12:49:04+00:00,2025-09-09T13:55:10+00:00,2025-09-09,2025-09-09,3966
c05eac,ACA105,CYYZ,YYZ,Toronto,CYVR,YVR,Vancouver,1757421062,1757436959,2025-09-09T12:31:02+00:00,2025-09-09T16:55:59+00:00,2025-09-09,2025-09-09,15897
c0653f,ACA402,CYYZ,YYZ,Toronto,CYUL,YUL,Montreal,1757420162,1757423729,2025-09-09T12:16:02+00:00,2025-09-09T13:15:29+00:00,2025-09-09,2025-09-09,3567
c04e21,CGDPG,CYYZ,YYZ,Toronto,CYUL,YUL,Montreal,1757420079,1757423368,2025-09-09T12:14:39+00:00,2025-09-09T13:09:28+00:00,2025-09-09,2025-09-09,3289
c05ed0,ACA7058,CYYZ,YYZ,Toronto,CYUL,YUL,Montreal,1757420059,1757424306,2025-09-09T12:14:19+00:00,2025-09-09T13:25:06+00:00,2025-09-09,2025-09-09,4247
c05eb1,ACA165,CYYZ,YYZ,Toronto,CYEG,YEG,Edmonton,1757419984,1757433964,2025-09-09T12:13:04+00:00,2025-09-09T16:06:04+00:00,2025-09-09,2025-09-09,13980
c0172e,ACA189,CYYZ,YYZ,Toronto,CYVR,YVR,Vancouver,1757419907,1757435666,2025-09-09T12:11:47+00:00,2025-09-09T16:34:26+00:00,2025-09-09,2025-09-09,15759
c0517e,WJA649,CYYZ,YYZ,Toronto,CYYC,YYC,Calgary,1757419814,1757433719,2025-09-09T12:10:14+00:00,2025-09-09T16:01:59+00:00,2025-09-09,2025-09-09,13905
c03f85,WJA703,CYYZ,YYZ,Toronto,CYVR,YVR,Vancouver,1757419594,1757437280,2025-09-09T12:06:34+00:00,2025-09-09T17:01:20+00:00,2025-09-09,2025-09-09,17686
c0248c,ACA2144,CYYZ,YYZ,Toronto,CYUL,YUL,Montreal,1757419272,1757423874,2025-09-09T12:01:12+00:00,2025-09-09T13:17:54+00:00,2025-09-09,2025-09-09,4602
c08862,POE303,CYYZ,YYZ,Toronto,CYVR,YVR,Vancouver,1757418365,1757435189,2025-09-09T11:46:05+00:00,2025-09-09T16:26:29+00:00,2025-09-09,2025-09-09,16824
c01f1e,FLE601,CYYZ,YYZ,Toronto,CYVR,YVR,Vancouver,1757418304,1757434794,2025-09-09T11:45:04+00:00,2025-09-09T16:19:54+00:00,2025-09-09,2025-09-09,16490
c02098,HRT738,CYYZ,YYZ,Toronto,CYEG,YEG,Edmonton,1757418103,1757430763,2025-09-09T11:41:43+00:00,2025-09-09T15:12:43+00:00,2025-09-09,2025-09-09,12660
c05bd6,ACA133,CYYZ,YYZ,Toronto,CYYC,YYC,Calgary,1757417143,1757430785,2025-09-09T11:25:43+00:00,2025-09-09T15:13:05+00:00,2025-09-09,2025-09-09,13642
c0307c,ACA400,CYYZ,YYZ,Toronto,CYUL,YUL,Montreal,1757416751,1757420339,2025-09-09T11:19:11+00:00,2025-09-09T12:18:59+00:00,2025-09-09,2025-09-09,3588
c051ec,NOJ605,CYYZ,YYZ,Toronto,CYYC,YYC,Calgary,1757416407,1757428938,2025-09-09T11:13:27+00:00,2025-09-09T14:42:18+00:00,2025-09-09,2025-09-09,12531
c0192e,ACA101,CYYZ,YYZ,Toronto,CYVR,YVR,Vancouver,1757414615,1757431738,2025-09-09T10:43:35+00:00,2025-09-09T15:28:58+00:00,2025-09-09,2025-09-09,17123
c04ddc,WJA419,CYYZ,YYZ,Toronto,CYEG,YEG,Edmonton,1757414061,1757428904,2025-09-09T10:34:21+00:00,2025-09-09T14:41:44+00:00,2025-09-09,2025-09-09,14843
c03bf2,WJA653,CYYZ,YYZ,Toronto,CYYC,YYC,Calgary,1757413860,1757428337,2025-09-09T10:31:00+00:00,2025-09-09T14:32:17+00:00,2025-09-09,2025-09-09,14477
c06b6a,WJA701,CYYZ,YYZ,Toronto,CYVR,YVR,Vancouver,1757413772,1757431461,2025-09-09T10:29:32+00:00,2025-09-09T15:24:21+00:00,2025-09-09,2025-09-09,17689
c084a3,ACA161,CYYZ,YYZ,Toronto,CYEG,YEG,Edmonton,1757413122,1757427111,2025-09-09T10:18:42+00:00,2025-09-09T14:11:51+00:00,2025-09-09,2025-09-09,13989
c00899,ACA181,CYYZ,YYZ,Toronto,CYVR,YVR,Vancouver,1757412966,1757429575,2025-09-09T10:16:06+00:00,2025-09-09T14:52:55+00:00,2025-09-09,2025-09-09,16609
c010ea,ACA480,CYYZ,YYZ,Toronto,CYUL,YUL,Montreal,1757412692,1757417197,2025-09-09T10:11:32+00:00,2025-09-09T11:26:37+00:00,2025-09-09,2025-09-09,4505
c0202d,MAL7051,CYYZ,YYZ,Toronto,CYYC,YYC,Calgary,1757395035,1757408339,2025-09-09T05:17:15+00:00,2025-09-09T08:58:59+00:00,2025-09-09,2025-09-09,13304
c030a6,ACA159,CYYZ,YYZ,Toronto,CYYC,YYC,Calgary,1757393554,1757407087,2025-09-09T04:52:34+00:00,2025-09-09T08:38:07+00:00,2025-09-09,2025-09-09,13533
c05054,ACA432,CYYZ,YYZ,Toronto,CYUL,YUL,Montreal,1757387884,1757391384,2025-09-09T03:18:04+00:00,2025-09-09T04:16:24+00:00,2025-09-09,2025-09-09,3500
c08859,POE135,CYYZ,YYZ,Toronto,CYUL,YUL,Montreal,1757387651,1757391247,2025-09-09T03:14:11+00:00,2025-09-09T04:14:07+00:00,2025-09-09,2025-09-09,3596
c0220d,WJA598,CYYZ,YYZ,Toronto,CYUL,YUL,Montreal,1757387618,1757391028,2025-09-09T03:13:38+00:00,2025-09-09T04:10:28+00:00,2025-09-09,2025-09-09,3410
c03a5a,WJA731,CYYZ,YYZ,Toronto,CYVR,YVR,Vancouver,1757387125,1757404072,2025-09-09T03:05:25+00:00,2025-09-09T07:47:52+00:00,2025-09-09,2025-09-09,16947
c03cf4,ACA157,CYYZ,YYZ,Toronto,CYYC,YYC,Calgary,1757386232,1757399249,2025-09-09T02:50:32+00:00,2025-09-09T06:27:29+00:00,2025-09-09,2025-09-09,13017
c02cfc,WJA445,CYYZ,YYZ,Toronto,CYEG,YEG,Edmonton,1757385602,1757399169,2025-09-09T02:40:02+00:00,2025-09-09T06:26:09+00:00,2025-09-09,2025-09-09,13567
c004ea,WJA679,CYYZ,YYZ,Toronto,CYYC,YYC,Calgary,1757384919,1757398947,2025-09-09T02:28:39+00:00,2025-09-09T06:22:27+00:00,2025-09-09,2025-09-09,14028
c01f28,FLE631,CYYZ,YYZ,Toronto,CYEG,YEG,Edmonton,1757383476,1757397009,2025-09-09T02:04:36+00:00,2025-09-09T05:50:09+00:00,2025-09-09,2025-09-09,13533
c01e28,ACA129,CYYZ,YYZ,Toronto,CYVR,YVR,Vancouver,1757382932,1757398825,2025-09-09T01:55:32+00:00,2025-09-09T06:20:25+00:00,2025-09-09,2025-09-09,15893
c01e1a,FLE629,CYYZ,YYZ,Toronto,CYYC,YYC,Calgary,1757382610,1757396320,2025-09-09T01:50:10+00:00,2025-09-09T05:38:40+00:00,2025-09-09,2025-09-09,13710
c060be,POE313,CYYZ,YYZ,Toronto,CYVR,YVR,Vancouver,1757382572,1757399364,2025-09-09T01:49:32+00:00,2025-09-09T06:29:24+00:00,2025-09-09,2025-09-09,16792
c01e13,FLE603,CYYZ,YYZ,Toronto,CYVR,YVR,Vancouver,1757381049,1757397859,2025-09-09T01:24:09+00:00,2025-09-09T06:04:19+00:00,2025-09-09,2025-09-09,16810
c06e87,ACA177,CYYZ,YYZ,Toronto,CYEG,YEG,Edmonton,1757379747,1757393150,2025-09-09T01:02:27+00:00,2025-09-09T04:45:50+00:00,2025-09-09,2025-09-09,13403
c010ec,ACA147,CYYZ,YYZ,Toronto,CYYC,YYC,Calgary,1757378898,1757392599,2025-09-09T00:48:18+00:00,2025-09-09T04:36:39+00:00,2025-09-09,2025-09-09,13701
c07b0a,ACA426,CYYZ,YYZ,Toronto,CYUL,YUL,Montreal,1757378209,1757381419,2025-09-09T00:36:49+00:00,2025-09-09T01:30:19+00:00,2025-09-09,2025-09-09,3210
c019eb,WJA675,CYYZ,YYZ,Toronto,CYYC,YYC,Calgary,1757377882,1757391894,2025-09-09T00:31:22+00:00,2025-09-09T04:24:54+00:00,2025-09-09,2025-09-09,14012
c010f6,ACA127,CYYZ,YYZ,Toronto,CYVR,YVR,Vancouver,1757377306,1757394290,2025-09-09T00:21:46+00:00,2025-09-09T05:04:50+00:00,2025-09-09,2025-09-09,16984
c07a14,TSC611,CYYZ,YYZ,Toronto,CYUL,YUL,Montreal,1757376549,1757380870,2025-09-09T00:09:09+00:00,2025-09-09T01:21:10+00:00,2025-09-09,2025-09-09,4321
c0618e,POE129,CYYZ,YYZ,Toronto,CYUL,YUL,Montreal,1757376236,1757379703,2025-09-09T00:03:56+00:00,2025-09-09T01:01:43+00:00,2025-09-09,2025-09-09,3467
a21cd5,N235U,CYUL,YUL,Montreal,CYYZ,YYZ,Toronto,1757451639,1757455509,2025-09-09T21:00:39+00:00,2025-09-09T22:05:09+00:00,2025-09-09,2025-09-09,3870
c04fbb,ACA895,CYUL,YUL,Montreal,CYYZ,YYZ,Toronto,1757450778,1757454087,2025-09-09T20:46:18+00:00,2025-09-09T21:41:27+00:00,2025-09-09,2025-09-09,3309
c05eb7,ACA489,CYUL,YUL,Montreal,CYYZ,YYZ,Toronto,1757450250,1757453491,2025-09-09T20:37:30+00:00,2025-09-09T21:31:31+00:00,2025-09-09,2025-09-09,3241
c05ed8,ACA487,CYUL,YUL,Montreal,CYYZ,YYZ,Toronto,1757447325,1757450687,2025-09-09T19:48:45+00:00,2025-09-09T20:44:47+00:00,2025-09-09,2025-09-09,3362
c060c8,POE120,CYUL,YUL,Montreal,CYYZ,YYZ,Toronto,1757445307,1757448778,2025-09-09T19:15:07+00:00,2025-09-09T20:12:58+00:00,2025-09-09,2025-09-09,3471
c04ed6,HRT364,CYUL,YUL,Montreal,CYYZ,YYZ,Toronto,1757443838,1757446934,2025-09-09T18:50:38+00:00,2025-09-09T19:42:14+00:00,2025-09-09,2025-09-09,3096
c023bd,ACA483,CYUL,YUL,Montreal,CYYZ,YYZ,Toronto,1757443488,1757446808,2025-09-09T18:44:48+00:00,2025-09-09T19:40:08+00:00,2025-09-09,2025-09-09,3320
c07e33,ACA415,CYUL,YUL,Montreal,CYYZ,YYZ,Toronto,1757441984,1757445415,2025-09-09T18:19:44+00:00,2025-09-09T19:16:55+00:00,2025-09-09,2025-09-09,3431
c00b35,ACA323,CYUL,YUL,Montreal,CYYC,YYC,Calgary,1757440211,1757453951,2025-09-09T17:50:11+00:00,2025-09-09T21:39:11+00:00,2025-09-09,2025-09-09,13740
c030a6,ACA335,CYUL,YUL,Montreal,CYEG,YEG,Edmonton,1757439900,1757454369,2025-09-09T17:45:00+00:00,2025-09-09T21:46:09+00:00,2025-09-09,2025-09-09,14469
c0730e,ACA305,CYUL,YUL,Montreal,CYVR,YVR,Vancouver,1757438762,1757456987,2025-09-09T17:26:02+00:00,2025-09-09T22:29:47+00:00,2025-09-09,2025-09-09,18225
c0440e,ACA413,CYUL,YUL,Montreal,CYYZ,YYZ,Toronto,1757438070,1757441579,2025-09-09T17:14:30+00:00,2025-09-09T18:12:59+00:00,2025-09-09,2025-09-09,3509
c060c3,POE112,CYUL,YUL,Montreal,CYYZ,YYZ,Toronto,1757431153,1757434554,2025-09-09T15:19:13+00:00,2025-09-09T16:15:54+00:00,2025-09-09,2025-09-09,3401
c05bcf,ACA409,CYUL,YUL,Montreal,CYYZ,YYZ,Toronto,1757430875,1757434192,2025-09-09T15:14:35+00:00,2025-09-09T16:09:52+00:00,2025-09-09,2025-09-09,3317
c0307c,ACA407,CYUL,YUL,Montreal,CYYZ,YYZ,Toronto,1757428292,1757431498,2025-09-09T14:31:32+00:00,2025-09-09T15:24:58+00:00,2025-09-09,2025-09-09,3206
c010ea,ACA405,CYUL,YUL,Montreal,CYYZ,YYZ,Toronto,1757424547,1757427857,2025-09-09T13:29:07+00:00,2025-09-09T14:24:17+00:00,2025-09-09,2025-09-09,3310
c0618e,POE102,CYUL,YUL,Montreal,CYYZ,YYZ,Toronto,1757424339,1757427529,2025-09-09T13:25:39+00:00,2025-09-09T14:18:49+00:00,2025-09-09,2025-09-09,3190
c02eb9,ACA303,CYUL,YUL,Montreal,CYVR,YVR,Vancouver,1757422989,1757439413,2025-09-09T13:03:09+00:00,2025-09-09T17:36:53+00:00,2025-09-09,2025-09-09,16424
c03003,ACA321,CYUL,YUL,Montreal,CYYC,YYC,Calgary,1757420481,1757435385,2025-09-09T12:21:21+00:00,2025-09-09T16:29:45+00:00,2025-09-09,2025-09-09,14904
c05054,ACA403,CYUL,YUL,Montreal,CYYZ,YYZ,Toronto,1757419989,1757423455,2025-09-09T12:13:09+00:00,2025-09-09T13:10:55+00:00,2025-09-09,2025-09-09,3466
c05060,ACA331,CYUL,YUL,Montreal,CYEG,YEG,Edmonton,1757419878,1757434545,2025-09-09T12:11:18+00:00,2025-09-09T16:15:45+00:00,2025-09-09,2025-09-09,14667
c00ae5,SYB668,CYUL,YUL,Montreal,CYYZ,YYZ,Toronto,1757418802,1757422016,2025-09-09T11:53:22+00:00,2025-09-09T12:46:56+00:00,2025-09-09,2025-09-09,3214
c045f1,WJA215,CYUL,YUL,Montreal,CYYC,YYC,Calgary,1757416550,1757431234,2025-09-09T11:15:50+00:00,2025-09-09T15:20:34+00:00,2025-09-09,2025-09-09,14684
c07b0a,ACA401,CYUL,YUL,Montreal,CYYZ,YYZ,Toronto,1757415995,1757419375,2025-09-09T11:06:35+00:00,2025-09-09T12:02:55+00:00,2025-09-09,2025-09-09,3380
c0220d,WJA579,CYUL,YUL,Montreal,CYYZ,YYZ,Toronto,1757415633,1757419104,2025-09-09T11:00:33+00:00,2025-09-09T11:58:24+00:00,2025-09-09,2025-09-09,3471
c066f0,ACA481,CYUL,YUL,Montreal,CYYZ,YYZ,Toronto,1757413116,1757416457,2025-09-09T10:18:36+00:00,2025-09-09T11:14:17+00:00,2025-09-09,2025-09-09,3341
c04e21,CGDPG,CYUL,YUL,Montreal,CYYZ,YYZ,Toronto,1757412847,1757415942,2025-09-09T10:14:07+00:00,2025-09-09T11:05:42+00:00,2025-09-09,2025-09-09,3095
c02fd5,ACA313,CYUL,YUL,Montreal,CYVR,YVR,Vancouver,1757383470,1757401162,2025-09-09T02:04:30+00:00,2025-09-09T06:59:22+00:00,2025-09-09,2025-09-09,17692
c010e4,ACA429,CYUL,YUL,Montreal,CYYZ,YYZ,Toronto,1757382843,1757385897,2025-09-09T01:54:03+00:00,2025-09-09T02:44:57+00:00,2025-09-09,2025-09-09,3054
c051e2,ACA327,CYUL,YUL,Montreal,CYYC,YYC,Calgary,1757380269,1757394790,2025-09-09T01:11:09+00:00,2025-09-09T05:13:10+00:00,2025-09-09,2025-09-09,14521
c06080,ACA427,CYUL,YUL,Montreal,CYYZ,YYZ,Toronto,1757377709,1757381065,2025-09-09T00:28:29+00:00,2025-09-09T01:24:25+00:00,2025-09-09,2025-09-09,3356
c0616c,POE130,CYUL,YUL,Montreal,CYYZ,YYZ,Toronto,1757377580,1757380916,2025-09-09T00:26:20+00:00,2025-09-09T01:21:56+00:00,2025-09-09,2025-09-09,3336
c06a7f,TSC710,CYUL,YUL,Montreal,CYYZ,YYZ,Toronto,1757377136,1757380212,2025-09-09T00:18:56+00:00,2025-09-09T01:10:12+00:00,2025-09-09,2025-09-09,3076
c069d8,WJA116,CYVR,YVR,Vancouver,CYYC,YYC,Calgary,1757540769,1757544935,2025-09-10T21:46:09+00:00,2025-09-10T22:55:35+00:00,2025-09-10,2025-09-10,4166
c01a71,00000000,CYVR,YVR,Vancouver,CYYC,YYC,Calgary,1757539863,1757543688,2025-09-10T21:31:03+00:00,2025-09-10T22:34:48+00:00,2025-09-10,2025-09-10,3825
c02f21,WJA114,CYVR,YVR,Vancouver,CYYC,YYC,Calgary,1757536470,1757540483,2025-09-10T20:34:30+00:00,2025-09-10T21:41:23+00:00,2025-09-10,2025-09-10,4013
c05004,ACA216,CYVR,YVR,Vancouver,CYYC,YYC,Calgary,1757536146,1757540089,2025-09-10T20:29:06+00:00,2025-09-10T21:34:49+00:00,2025-09-10,2025-09-10,3943
c03bf5,WJA112,CYVR,YVR,Vancouver,CYYC,YYC,Calgary,1757533837,1757537973,2025-09-10T19:50:37+00:00,2025-09-10T20:59:33+00:00,2025-09-10,2025-09-10,4136
c01dac,FLE816,CYVR,YVR,Vancouver,CYYC,YYC,Calgary,1757531079,1757535035,2025-09-10T19:04:39+00:00,2025-09-10T20:10:35+00:00,2025-09-10,2025-09-10,3956
c0517e,WJA110,CYVR,YVR,Vancouver,CYYC,YYC,Calgary,1757529690,1757533618,2025-09-10T18:41:30+00:00,2025-09-10T19:46:58+00:00,2025-09-10,2025-09-10,3928
c0616c,POE304,CYVR,YVR,Vancouver,CYYZ,YYZ,Toronto,1757526907,1757542417,2025-09-10T17:55:07+00:00,2025-09-10T22:13:37+00:00,2025-09-10,2025-09-10,15510
c03e07,WJA108,CYVR,YVR,Vancouver,CYYC,YYC,Calgary,1757525554,1757529539,2025-09-10T17:32:34+00:00,2025-09-10T18:38:59+00:00,2025-09-10,2025-09-10,3985
c05bd2,ACA108,CYVR,YVR,Vancouver,CYYZ,YYZ,Toronto,1757525256,1757540611,2025-09-10T17:27:36+00:00,2025-09-10T21:43:31+00:00,2025-09-10,2025-09-10,15355
c007d0,ACA210,CYVR,YVR,Vancouver,CYYC,YYC,Calgary,1757524506,1757528337,2025-09-10T17:15:06+00:00,2025-09-10T18:18:57+00:00,2025-09-10,2025-09-10,3831
c0202d,MAL8092,CYVR,YVR,Vancouver,CYYZ,YYZ,Toronto,1757524292,1757539508,2025-09-10T17:11:32+00:00,2025-09-10T21:25:08+00:00,2025-09-10,2025-09-10,15216
c05ba9,WJA708,CYVR,YVR,Vancouver,CYYZ,YYZ,Toronto,1757524202,1757539750,2025-09-10T17:10:02+00:00,2025-09-10T21:29:10+00:00,2025-09-10,2025-09-10,15548
c0174d,ACA34,CYVR,YVR,Vancouver,CYYZ,YYZ,Toronto,1757521323,1757535651,2025-09-10T16:22:03+00:00,2025-09-10T20:20:51+00:00,2025-09-10,2025-09-10,14328
c00bec,WEN3174,CYVR,YVR,Vancouver,CYYC,YYC,Calgary,1757521173,1757532650,2025-09-10T16:19:33+00:00,2025-09-10T19:30:50+00:00,2025-09-10,2025-09-10,11477
c049e9,WJA706,CYVR,YVR,Vancouver,CYYZ,YYZ,Toronto,1757521127,1757537127,2025-09-10T16:18:47+00:00,2025-09-10T20:45:27+00:00,2025-09-10,2025-09-10,16000
c01a7d,ACA304,CYVR,YVR,Vancouver,CYUL,YUL,Montreal,1757520302,1757535732,2025-09-10T16:05:02+00:00,2025-09-10T20:22:12+00:00,2025-09-10,2025-09-10,15430
c006ec,ACA204,CYVR,YVR,Vancouver,CYYC,YYC,Calgary,1757520120,1757524071,2025-09-10T16:02:00+00:00,2025-09-10T17:07:51+00:00,2025-09-10,2025-09-10,3951
c0617c,POE372,CYVR,YVR,Vancouver,CYUL,YUL,Montreal,1757519340,1757535632,2025-09-10T15:49:00+00:00,2025-09-10T20:20:32+00:00,2025-09-10,2025-09-10,16292
c080aa,WJA104,CYVR,YVR,Vancouver,CYYC,YYC,Calgary,1757518788,1757522750,2025-09-10T15:39:48+00:00,2025-09-10T16:45:50+00:00,2025-09-10,2025-09-10,3962
c00da8,FLE800,CYVR,YVR,Vancouver,CYYC,YYC,Calgary,1757516277,1757520495,2025-09-10T14:57:57+00:00,2025-09-10T16:08:15+00:00,2025-09-10,2025-09-10,4218
c00821,ACA302,CYVR,YVR,Vancouver,CYUL,YUL,Montreal,1757516148,1757532673,2025-09-10T14:55:48+00:00,2025-09-10T19:31:13+00:00,2025-09-10,2025-09-10,16525
c06174,POE302,CYVR,YVR,Vancouver,CYYZ,YYZ,Toronto,1757516084,1757531789,2025-09-10T14:54:44+00:00,2025-09-10T19:16:29+00:00,2025-09-10,2025-09-10,15705
c05eb1,ACA104,CYVR,YVR,Vancouver,CYYZ,YYZ,Toronto,1757515981,1757531289,2025-09-10T14:53:01+00:00,2025-09-10T19:08:09+00:00,2025-09-10,2025-09-10,15308
c080db,ACA202,CYVR,YVR,Vancouver,CYYC,YYC,Calgary,1757513670,1757517591,2025-09-10T14:14:30+00:00,2025-09-10T15:19:51+00:00,2025-09-10,2025-09-10,3921
c01b4f,WJA102,CYVR,YVR,Vancouver,CYYC,YYC,Calgary,1757513258,1757517119,2025-09-10T14:07:38+00:00,2025-09-10T15:11:59+00:00,2025-09-10,2025-09-10,3861
c07ee8,WJA700,CYVR,YVR,Vancouver,CYYZ,YYZ,Toronto,1757510370,1757525993,2025-09-10T13:19:30+00:00,2025-09-10T17:39:53+00:00,2025-09-10,2025-09-10,15623
c03c44,WJA100,CYVR,YVR,Vancouver,CYYC,YYC,Calgary,1757510021,1757513888,2025-09-10T13:13:41+00:00,2025-09-10T14:18:08+00:00,2025-09-10,2025-09-10,3867
c05030,ACA100,CYVR,YVR,Vancouver,CYYZ,YYZ,Toronto,1757509718,1757525309,2025-09-10T13:08:38+00:00,2025-09-10T17:28:29+00:00,2025-09-10,2025-09-10,15591
c00734,WJA136,CYVR,YVR,Vancouver,CYYC,YYC,Calgary,1757505941,1757509706,2025-09-10T12:05:41+00:00,2025-09-10T13:08:26+00:00,2025-09-10,2025-09-10,3765
c0473b,CJT2382,CYVR,YVR,Vancouver,CYYC,YYC,Calgary,1757490920,1757494575,2025-09-10T07:55:20+00:00,2025-09-10T08:56:15+00:00,2025-09-10,2025-09-10,3655
c05eac,ACA182,CYVR,YVR,Vancouver,CYYZ,YYZ,Toronto,1757489420,1757504908,2025-09-10T07:30:20+00:00,2025-09-10T11:48:28+00:00,2025-09-10,2025-09-10,15488
c010f6,ACA128,CYVR,YVR,Vancouver,CYYZ,YYZ,Toronto,1757486177,1757501758,2025-09-10T06:36:17+00:00,2025-09-10T10:55:58+00:00,2025-09-10,2025-09-10,15581
c02fd5,ACA314,CYVR,YVR,Vancouver,CYUL,YUL,Montreal,1757485530,1757502354,2025-09-10T06:25:30+00:00,2025-09-10T11:05:54+00:00,2025-09-10,2025-09-10,16824
c01dac,FLE600,CYVR,YVR,Vancouver,CYYZ,YYZ,Toronto,1757484025,1757499716,2025-09-10T06:00:25+00:00,2025-09-10T10:21:56+00:00,2025-09-10,2025-09-10,15691
c06156,WJA724,CYVR,YVR,Vancouver,CYYZ,YYZ,Toronto,1757483190,1757499022,2025-09-10T05:46:30+00:00,2025-09-10T10:10:22+00:00,2025-09-10,2025-09-10,15832
c0307a,ACA126,CYVR,YVR,Vancouver,CYYZ,YYZ,Toronto,1757483071,1757498802,2025-09-10T05:44:31+00:00,2025-09-10T10:06:42+00:00,2025-09-10,2025-09-10,15731
c080e0,WJA132,CYVR,YVR,Vancouver,CYYC,YYC,Calgary,1757482096,1757485847,2025-09-10T05:28:16+00:00,2025-09-10T06:30:47+00:00,2025-09-10,2025-09-10,3751
c027d1,ACA7202,CYVR,YVR,Vancouver,CYYZ,YYZ,Toronto,1757480118,1757495808,2025-09-10T04:55:18+00:00,2025-09-10T09:16:48+00:00,2025-09-10,2025-09-10,15690
c03a5a,WJA178,CYVR,YVR,Vancouver,CYEG,YEG,Edmonton,1757478310,1757482255,2025-09-10T04:25:10+00:00,2025-09-10T05:30:55+00:00,2025-09-10,2025-09-10,3945
c007d0,ACA250,CYVR,YVR,Vancouver,CYEG,YEG,Edmonton,1757477177,1757481113,2025-09-10T04:06:17+00:00,2025-09-10T05:11:53+00:00,2025-09-10,2025-09-10,3936
c04c36,WJA128,CYVR,YVR,Vancouver,CYYC,YYC,Calgary,1757475244,1757479138,2025-09-10T03:34:04+00:00,2025-09-10T04:38:58+00:00,2025-09-10,2025-09-10,3894
c05007,ACA226,CYVR,YVR,Vancouver,CYYC,YYC,Calgary,1757474133,1757477974,2025-09-10T03:15:33+00:00,2025-09-10T04:19:34+00:00,2025-09-10,2025-09-10,3841
c07e62,WJA126,CYVR,YVR,Vancouver,CYYC,YYC,Calgary,1757471686,1757475650,2025-09-10T02:34:46+00:00,2025-09-10T03:40:50+00:00,2025-09-10,2025-09-10,3964
c02032,MAL8079,CYVR,YVR,Vancouver,CYYZ,YYZ,Toronto,1757470043,1757484957,2025-09-10T02:07:23+00:00,2025-09-10T06:15:57+00:00,2025-09-10,2025-09-10,14914
c02029,MAL7062,CYVR,YVR,Vancouver,CYYC,YYC,Calgary,1757469647,1757473396,2025-09-10T02:00:47+00:00,2025-09-10T03:03:16+00:00,2025-09-10,2025-09-10,3749
c05c0e,WJA124,CYVR,YVR,Vancouver,CYYC,YYC,Calgary,1757468053,1757471872,2025-09-10T01:34:13+00:00,2025-09-10T02:37:52+00:00,2025-09-10,2025-09-10,3819
c030bb,ACA224,CYVR,YVR,Vancouver,CYYC,YYC,Calgary,1757466718,1757470749,2025-09-10T01:11:58+00:00,2025-09-10T02:19:09+00:00,2025-09-10,2025-09-10,4031
c05bd2,ACA124,CYVR,YVR,Vancouver,CYYZ,YYZ,Toronto,1757465238,1757480547,2025-09-10T00:47:18+00:00,2025-09-10T05:02:27+00:00,2025-09-10,2025-09-10,15309
c02f6a,WJA122,CYVR,YVR,Vancouver,CYYC,YYC,Calgary,1757464852,1757468837,2025-09-10T00:40:52+00:00,2025-09-10T01:47:17+00:00,2025-09-10,2025-09-10,3985
c049fd,WJA722,CYVR,YVR,Vancouver,CYYZ,YYZ,Toronto,1757463623,1757479288,2025-09-10T00:20:23+00:00,2025-09-10T04:41:28+00:00,2025-09-10,2025-09-10,15665
c0314c,SUT8301,CYVR,YVR,Vancouver,CYYC,YYC,Calgary,1757463435,1757467737,2025-09-10T00:17:15+00:00,2025-09-10T01:28:57+00:00,2025-09-10,2025-09-10,4302
c0187a,JZA7780,CYVR,YVR,Vancouver,CYEG,YEG,Edmonton,1757462478,1757466648,2025-09-10T00:01:18+00:00,2025-09-10T01:10:48+00:00,2025-09-10,2025-09-10,4170
c01e1f,FLE612,CYVR,YVR,Vancouver,CYYZ,YYZ,Toronto,1757462427,1757477909,2025-09-10T00:00:27+00:00,2025-09-10T04:18:29+00:00,2025-09-10,2025-09-10,15482
c052ca,WJA119,CYYC,YYC,Calgary,CYVR,YVR,Vancouver,1757539493,1757543174,2025-09-10T21:24:53+00:00,2025-09-10T22:26:14+00:00,2025-09-10,2025-09-10,3681
c02029,MAL7090,CYYC,YYC,Calgary,CYVR,YVR,Vancouver,1757537641,1757541052,2025-09-10T20:54:01+00:00,2025-09-10T21:50:52+00:00,2025-09-10,2025-09-10,3411
c011b6,CJT301,CYYC,YYC,Calgary,CYVR,YVR,Vancouver,1757536531,1757539966,2025-09-10T20:35:31+00:00,2025-09-10T21:32:46+00:00,2025-09-10,2025-09-10,3435
c080a3,WJA117,CYYC,YYC,Calgary,CYVR,YVR,Vancouver,1757535123,1757538890,2025-09-10T20:12:03+00:00,2025-09-10T21:14:50+00:00,2025-09-10,2025-09-10,3767
c007d0,ACA217,CYYC,YYC,Calgary,CYVR,YVR,Vancouver,1757533447,1757537098,2025-09-10T19:44:07+00:00,2025-09-10T20:44:58+00:00,2025-09-10,2025-09-10,3651
c03f85,WJA664,CYYC,YYC,Calgary,CYYZ,YYZ,Toronto,1757531794,1757544631,2025-09-10T19:16:34+00:00,2025-09-10T22:50:31+00:00,2025-09-10,2025-09-10,12837
c006b1,WJA115,CYYC,YYC,Calgary,CYVR,YVR,Vancouver,1757531433,1757535103,2025-09-10T19:10:33+00:00,2025-09-10T20:11:43+00:00,2025-09-10,2025-09-10,3670
c06171,POE356,CYYC,YYC,Calgary,CYYZ,YYZ,Toronto,1757530056,1757542849,2025-09-10T18:47:36+00:00,2025-09-10T22:20:49+00:00,2025-09-10,2025-09-10,12793
c05eac,ACA146,CYYC,YYC,Calgary,CYYZ,YYZ,Toronto,1757529444,1757542701,2025-09-10T18:37:24+00:00,2025-09-10T22:18:21+00:00,2025-09-10,2025-09-10,13257
c006ec,ACA211,CYYC,YYC,Calgary,CYVR,YVR,Vancouver,1757528625,1757532381,2025-09-10T18:23:45+00:00,2025-09-10T19:26:21+00:00,2025-09-10,2025-09-10,3756
c05d9d,WJA113,CYYC,YYC,Calgary,CYVR,YVR,Vancouver,1757528102,1757531780,2025-09-10T18:15:02+00:00,2025-09-10T19:16:20+00:00,2025-09-10,2025-09-10,3678
c050c4,ACA324,CYYC,YYC,Calgary,CYUL,YUL,Montreal,1757527962,1757541212,2025-09-10T18:12:42+00:00,2025-09-10T21:53:32+00:00,2025-09-10,2025-09-10,13250
c06156,WJA660,CYYC,YYC,Calgary,CYYZ,YYZ,Toronto,1757526932,1757539631,2025-09-10T17:55:32+00:00,2025-09-10T21:27:11+00:00,2025-09-10,2025-09-10,12699
c00da8,FLE801,CYYC,YYC,Calgary,CYVR,YVR,Vancouver,1757525263,1757529053,2025-09-10T17:27:43+00:00,2025-09-10T18:30:53+00:00,2025-09-10,2025-09-10,3790
c03b15,WJA111,CYYC,YYC,Calgary,CYVR,YVR,Vancouver,1757524875,1757528547,2025-09-10T17:21:15+00:00,2025-09-10T18:22:27+00:00,2025-09-10,2025-09-10,3672
c010ec,ACA142,CYYC,YYC,Calgary,CYYZ,YYZ,Toronto,1757522387,1757534573,2025-09-10T16:39:47+00:00,2025-09-10T20:02:53+00:00,2025-09-10,2025-09-10,12186
c080db,ACA209,CYYC,YYC,Calgary,CYVR,YVR,Vancouver,1757522102,1757526046,2025-09-10T16:35:02+00:00,2025-09-10T17:40:46+00:00,2025-09-10,2025-09-10,3944
c03517,WJA212,CYYC,YYC,Calgary,CYUL,YUL,Montreal,1757521896,1757535226,2025-09-10T16:31:36+00:00,2025-09-10T20:13:46+00:00,2025-09-10,2025-09-10,13330
c03a5a,WJA658,CYYC,YYC,Calgary,CYYZ,YYZ,Toronto,1757521038,1757533692,2025-09-10T16:17:18+00:00,2025-09-10T19:48:12+00:00,2025-09-10,2025-09-10,12654
c0517e,WJA109,CYYC,YYC,Calgary,CYVR,YVR,Vancouver,1757519822,1757523464,2025-09-10T15:57:02+00:00,2025-09-10T16:57:44+00:00,2025-09-10,2025-09-10,3642
c0807f,WEN3173,CYYC,YYC,Calgary,CYVR,YVR,Vancouver,1757519317,1757531118,2025-09-10T15:48:37+00:00,2025-09-10T19:05:18+00:00,2025-09-10,2025-09-10,11801
c02f6a,WJA656,CYYC,YYC,Calgary,CYYZ,YYZ,Toronto,1757518113,1757530704,2025-09-10T15:28:33+00:00,2025-09-10T18:58:24+00:00,2025-09-10,2025-09-10,12591
c03e07,WJA107,CYYC,YYC,Calgary,CYVR,YVR,Vancouver,1757517008,1757520793,2025-09-10T15:10:08+00:00,2025-09-10T16:13:13+00:00,2025-09-10,2025-09-10,3785
c02fed,ACA205,CYYC,YYC,Calgary,CYVR,YVR,Vancouver,1757514690,1757518409,2025-09-10T14:31:30+00:00,2025-09-10T15:33:29+00:00,2025-09-10,2025-09-10,3719
c06175,POE384,CYYC,YYC,Calgary,CYUL,YUL,Montreal,1757513591,1757527429,2025-09-10T14:13:11+00:00,2025-09-10T18:03:49+00:00,2025-09-10,2025-09-10,13838
c07ee4,WJA654,CYYC,YYC,Calgary,CYYZ,YYZ,Toronto,1757513523,1757526080,2025-09-10T14:12:03+00:00,2025-09-10T17:41:20+00:00,2025-09-10,2025-09-10,12557
c02fe7,ACA203,CYYC,YYC,Calgary,CYVR,YVR,Vancouver,1757510154,1757513969,2025-09-10T13:15:54+00:00,2025-09-10T14:19:29+00:00,2025-09-10,2025-09-10,3815
c0737c,WJA103,CYYC,YYC,Calgary,CYVR,YVR,Vancouver,1757509926,1757513734,2025-09-10T13:12:06+00:00,2025-09-10T14:15:34+00:00,2025-09-10,2025-09-10,3808
c060ca,POE352,CYYC,YYC,Calgary,CYYZ,YYZ,Toronto,1757509860,1757522239,2025-09-10T13:11:00+00:00,2025-09-10T16:37:19+00:00,2025-09-10,2025-09-10,12379
c05ea6,ACA134,CYYC,YYC,Calgary,CYYZ,YYZ,Toronto,1757509625,1757522097,2025-09-10T13:07:05+00:00,2025-09-10T16:34:57+00:00,2025-09-10,2025-09-10,12472
c078cf,CGTTM,CYYC,YYC,Calgary,CYVR,YVR,Vancouver,1757508352,1757517762,2025-09-10T12:45:52+00:00,2025-09-10T15:22:42+00:00,2025-09-10,2025-09-10,9410
c04c36,WJA650,CYYC,YYC,Calgary,CYYZ,YYZ,Toronto,1757507794,1757520624,2025-09-10T12:36:34+00:00,2025-09-10T16:10:24+00:00,2025-09-10,2025-09-10,12830
c030bb,ACA201,CYYC,YYC,Calgary,CYVR,YVR,Vancouver,1757506955,1757510772,2025-09-10T12:22:35+00:00,2025-09-10T13:26:12+00:00,2025-09-10,2025-09-10,3817
c05060,ACA318,CYYC,YYC,Calgary,CYUL,YUL,Montreal,1757506341,1757519816,2025-09-10T12:12:21+00:00,2025-09-10T15:56:56+00:00,2025-09-10,2025-09-10,13475
c0202d,MAL7051,CYYC,YYC,Calgary,CYVR,YVR,Vancouver,1757499156,1757502824,2025-09-10T10:12:36+00:00,2025-09-10T11:13:44+00:00,2025-09-10,2025-09-10,3668
c008a9,ACA316,CYYC,YYC,Calgary,CYUL,YUL,Montreal,1757489090,1757502581,2025-09-10T07:24:50+00:00,2025-09-10T11:09:41+00:00,2025-09-10,2025-09-10,13491
c07b05,ACA154,CYYC,YYC,Calgary,CYYZ,YYZ,Toronto,1757488672,1757500947,2025-09-10T07:17:52+00:00,2025-09-10T10:42:27+00:00,2025-09-10,2025-09-10,12275
c08536,WJA646,CYYC,YYC,Calgary,CYYZ,YYZ,Toronto,1757488416,1757500966,2025-09-10T07:13:36+00:00,2025-09-10T10:42:46+00:00,2025-09-10,2025-09-10,12550
c01d72,FLE628,CYYC,YYC,Calgary,CYYZ,YYZ,Toronto,1757487856,1757501393,2025-09-10T07:04:16+00:00,2025-09-10T10:49:53+00:00,2025-09-10,2025-09-10,13537
c05007,ACA156,CYYC,YYC,Calgary,CYYZ,YYZ,Toronto,1757486047,1757498576,2025-09-10T06:34:07+00:00,2025-09-10T10:02:56+00:00,2025-09-10,2025-09-10,12529
c019eb,WJA652,CYYC,YYC,Calgary,CYYZ,YYZ,Toronto,1757485952,1757498699,2025-09-10T06:32:32+00:00,2025-09-10T10:04:59+00:00,2025-09-10,2025-09-10,12747
c03bf1,WJA237,CYYC,YYC,Calgary,CYEG,YEG,Edmonton,1757482729,1757484388,2025-09-10T05:38:49+00:00,2025-09-10T06:06:28+00:00,2025-09-10,2025-09-10,1659
c00734,WJA135,CYYC,YYC,Calgary,CYVR,YVR,Vancouver,1757482637,1757486269,2025-09-10T05:37:17+00:00,2025-09-10T06:37:49+00:00,2025-09-10,2025-09-10,3632
c02029,MAL7062,CYYC,YYC,Calgary,CYYZ,YYZ,Toronto,1757479925,1757492006,2025-09-10T04:52:05+00:00,2025-09-10T08:13:26+00:00,2025-09-10,2025-09-10,12081
c01f52,WJA133,CYYC,YYC,Calgary,CYVR,YVR,Vancouver,1757477742,1757481356,2025-09-10T04:15:42+00:00,2025-09-10T05:15:56+00:00,2025-09-10,2025-09-10,3614
c0473b,CJT2389,CYYC,YYC,Calgary,CYVR,YVR,Vancouver,1757476905,1757480396,2025-09-10T04:01:45+00:00,2025-09-10T04:59:56+00:00,2025-09-10,2025-09-10,3491
c069d8,WJA131,CYYC,YYC,Calgary,CYVR,YVR,Vancouver,1757475104,1757478869,2025-09-10T03:31:44+00:00,2025-09-10T04:34:29+00:00,2025-09-10,2025-09-10,3765
c007d8,ACA227,CYYC,YYC,Calgary,CYVR,YVR,Vancouver,1757472506,1757476259,2025-09-10T02:48:26+00:00,2025-09-10T03:50:59+00:00,2025-09-10,2025-09-10,3753
c02f21,WJA129,CYYC,YYC,Calgary,CYVR,YVR,Vancouver,1757470307,1757474272,2025-09-10T02:11:47+00:00,2025-09-10T03:17:52+00:00,2025-09-10,2025-09-10,3965
c07ee8,WJA127,CYYC,YYC,Calgary,CYVR,YVR,Vancouver,1757467161,1757470944,2025-09-10T01:19:21+00:00,2025-09-10T02:22:24+00:00,2025-09-10,2025-09-10,3783
c03cf4,ACA158,CYYC,YYC,Calgary,CYYZ,YYZ,Toronto,1757466093,1757478193,2025-09-10T01:01:33+00:00,2025-09-10T04:23:13+00:00,2025-09-10,2025-09-10,12100
c07fb1,WJA676,CYYC,YYC,Calgary,CYYZ,YYZ,Toronto,1757464875,1757477362,2025-09-10T00:41:15+00:00,2025-09-10T04:09:22+00:00,2025-09-10,2025-09-10,12487
c02cfc,WJA214,CYYC,YYC,Calgary,CYUL,YUL,Montreal,1757464647,1757477639,2025-09-10T00:37:27+00:00,2025-09-10T04:13:59+00:00,2025-09-10,2025-09-10,12992
c00899,ACA223,CYYC,YYC,Calgary,CYVR,YVR,Vancouver,1757464245,1757467887,2025-09-10T00:30:45+00:00,2025-09-10T01:31:27+00:00,2025-09-10,2025-09-10,3642
c010ec,ACA152,CYYC,YYC,Calgary,CYYZ,YYZ,Toronto,1757463044,1757475802,2025-09-10T00:10:44+00:00,2025-09-10T03:43:22+00:00,2025-09-10,2025-09-10,12758
c03bfb,WJA125,CYYC,YYC,Calgary,CYVR,YVR,Vancouver,1757462981,1757466804,2025-09-10T00:09:41+00:00,2025-09-10T01:13:24+00:00,2025-09-10,2025-09-10,3823
c01c28,WJA244,CYEG,YEG,Edmonton,CYYC,YYC,Calgary,1757541912,1757543839,2025-09-10T22:05:12+00:00,2025-09-10T22:37:19+00:00,2025-09-10,2025-09-10,1927
c0041d,CFBOM,CYEG,YEG,Edmonton,CYYC,YYC,Calgary,1757541396,1757544034,2025-09-10T21:56:36+00:00,2025-09-10T22:40:34+00:00,2025-09-10,2025-09-10,2638
c012bd,WJA171,CYEG,YEG,Edmonton,CYVR,YVR,Vancouver,1757540145,1757543997,2025-09-10T21:35:45+00:00,2025-09-10T22:39:57+00:00,2025-09-10,2025-09-10,3852
c00899,ACA243,CYEG,YEG,Edmonton,CYVR,YVR,Vancouver,1757539346,1757543312,2025-09-10T21:22:26+00:00,2025-09-10T22:28:32+00:00,2025-09-10,2025-09-10,3966
c0314c,SUT4057,CYEG,YEG,Edmonton,CYYC,YYC,Calgary,1757539221,1757541137,2025-09-10T21:20:21+00:00,2025-09-10T21:52:17+00:00,2025-09-10,2025-09-10,1916
c07686,CNK11,CYEG,YEG,Edmonton,CYYC,YYC,Calgary,1757537510,1757539753,2025-09-10T20:51:50+00:00,2025-09-10T21:29:13+00:00,2025-09-10,2025-09-10,2243
c063fe,NCB2805,CYEG,YEG,Edmonton,CYYC,YYC,Calgary,1757536688,1757539111,2025-09-10T20:38:08+00:00,2025-09-10T21:18:31+00:00,2025-09-10,2025-09-10,2423
c052d5,WJA169,CYEG,YEG,Edmonton,CYVR,YVR,Vancouver,1757536296,1757540543,2025-09-10T20:31:36+00:00,2025-09-10T21:42:23+00:00,2025-09-10,2025-09-10,4247
c05f01,JZA137,CYEG,YEG,Edmonton,CYYC,YYC,Calgary,1757535280,1757537399,2025-09-10T20:14:40+00:00,2025-09-10T20:49:59+00:00,2025-09-10,2025-09-10,2119
c017d7,ASP822,CYEG,YEG,Edmonton,CYVR,YVR,Vancouver,1757531893,1757535986,2025-09-10T19:18:13+00:00,2025-09-10T20:26:26+00:00,2025-09-10,2025-09-10,4093
c07566,CNK33,CYEG,YEG,Edmonton,CYYC,YYC,Calgary,1757529764,1757532256,2025-09-10T18:42:44+00:00,2025-09-10T19:24:16+00:00,2025-09-10,2025-09-10,2492
c0256e,WEN3348,CYEG,YEG,Edmonton,CYYC,YYC,Calgary,1757529588,1757531666,2025-09-10T18:39:48+00:00,2025-09-10T19:14:26+00:00,2025-09-10,2025-09-10,2078
c08863,POE406,CYEG,YEG,Edmonton,CYYZ,YYZ,Toronto,1757529468,1757542325,2025-09-10T18:37:48+00:00,2025-09-10T22:12:05+00:00,2025-09-10,2025-09-10,12857
c05ebb,WJA428,CYEG,YEG,Edmonton,CYYZ,YYZ,Toronto,1757528733,1757541280,2025-09-10T18:25:33+00:00,2025-09-10T21:54:40+00:00,2025-09-10,2025-09-10,12547
c007d8,ACA239,CYEG,YEG,Edmonton,CYVR,YVR,Vancouver,1757528659,1757532825,2025-09-10T18:24:19+00:00,2025-09-10T19:33:45+00:00,2025-09-10,2025-09-10,4166
c03bfb,WJA167,CYEG,YEG,Edmonton,CYVR,YVR,Vancouver,1757528563,1757532569,2025-09-10T18:22:43+00:00,2025-09-10T19:29:29+00:00,2025-09-10,2025-09-10,4006
c063c8,CWA927,CYEG,YEG,Edmonton,CYYC,YYC,Calgary,1757526676,1757529353,2025-09-10T17:51:16+00:00,2025-09-10T18:35:53+00:00,2025-09-10,2025-09-10,2677
c02fd5,ACA336,CYEG,YEG,Edmonton,CYUL,YUL,Montreal,1757526526,1757539419,2025-09-10T17:48:46+00:00,2025-09-10T21:23:39+00:00,2025-09-10,2025-09-10,12893
c010f6,ACA164,CYEG,YEG,Edmonton,CYYZ,YYZ,Toronto,1757525853,1757538179,2025-09-10T17:37:33+00:00,2025-09-10T21:02:59+00:00,2025-09-10,2025-09-10,12326
c00757,ACA237,CYEG,YEG,Edmonton,CYVR,YVR,Vancouver,1757524110,1757528155,2025-09-10T17:08:30+00:00,2025-09-10T18:15:55+00:00,2025-09-10,2025-09-10,4045
c05f01,JZA133,CYEG,YEG,Edmonton,CYYC,YYC,Calgary,1757523400,1757525788,2025-09-10T16:56:40+00:00,2025-09-10T17:36:28+00:00,2025-09-10,2025-09-10,2388
c05a0a,AKT1735,CYEG,YEG,Edmonton,CYYC,YYC,Calgary,1757521231,1757523339,2025-09-10T16:20:31+00:00,2025-09-10T16:55:39+00:00,2025-09-10,2025-09-10,2108
c01e11,FLE823,CYEG,YEG,Edmonton,CYVR,YVR,Vancouver,1757521030,1757525159,2025-09-10T16:17:10+00:00,2025-09-10T17:25:59+00:00,2025-09-10,2025-09-10,4129
c083aa,WJA165,CYEG,YEG,Edmonton,CYVR,YVR,Vancouver,1757520609,1757524610,2025-09-10T16:10:09+00:00,2025-09-10T17:16:50+00:00,2025-09-10,2025-09-10,4001
c035f8,WJA426,CYEG,YEG,Edmonton,CYYZ,YYZ,Toronto,1757520354,1757532838,2025-09-10T16:05:54+00:00,2025-09-10T19:33:58+00:00,2025-09-10,2025-09-10,12484
c050a0,WEN3376,CYEG,YEG,Edmonton,CYYC,YYC,Calgary,1757518830,1757521396,2025-09-10T15:40:30+00:00,2025-09-10T16:23:16+00:00,2025-09-10,2025-09-10,2566
c027e0,CFPCP,CYEG,YEG,Edmonton,CYYC,YYC,Calgary,1757518423,1757521012,2025-09-10T15:33:43+00:00,2025-09-10T16:16:52+00:00,2025-09-10,2025-09-10,2589
c08497,ACA162,CYEG,YEG,Edmonton,CYYZ,YYZ,Toronto,1757518092,1757530226,2025-09-10T15:28:12+00:00,2025-09-10T18:50:26+00:00,2025-09-10,2025-09-10,12134
c07684,CNK99,CYEG,YEG,Edmonton,CYYC,YYC,Calgary,1757517978,1757520747,2025-09-10T15:26:18+00:00,2025-09-10T16:12:27+00:00,2025-09-10,2025-09-10,2769
c080ac,WJA163,CYEG,YEG,Edmonton,CYVR,YVR,Vancouver,1757513798,1757517920,2025-09-10T14:16:38+00:00,2025-09-10T15:25:20+00:00,2025-09-10,2025-09-10,4122
c03a5a,WJA266,CYEG,YEG,Edmonton,CYYC,YYC,Calgary,1757513257,1757515108,2025-09-10T14:07:37+00:00,2025-09-10T14:38:28+00:00,2025-09-10,2025-09-10,1851
c007d0,ACA233,CYEG,YEG,Edmonton,CYVR,YVR,Vancouver,1757512935,1757516839,2025-09-10T14:02:15+00:00,2025-09-10T15:07:19+00:00,2025-09-10,2025-09-10,3904
c0616e,POE402,CYEG,YEG,Edmonton,CYYZ,YYZ,Toronto,1757510224,1757523023,2025-09-10T13:17:04+00:00,2025-09-10T16:50:23+00:00,2025-09-10,2025-09-10,12799
c03e07,WJA288,CYEG,YEG,Edmonton,CYYC,YYC,Calgary,1757509850,1757511833,2025-09-10T13:10:50+00:00,2025-09-10T13:43:53+00:00,2025-09-10,2025-09-10,1983
c05da4,WJA422,CYEG,YEG,Edmonton,CYYZ,YYZ,Toronto,1757509616,1757521644,2025-09-10T13:06:56+00:00,2025-09-10T16:27:24+00:00,2025-09-10,2025-09-10,12028
c012bd,WJA161,CYEG,YEG,Edmonton,CYVR,YVR,Vancouver,1757507477,1757511666,2025-09-10T12:31:17+00:00,2025-09-10T13:41:06+00:00,2025-09-10,2025-09-10,4189
c0192e,ACA160,CYEG,YEG,Edmonton,CYYZ,YYZ,Toronto,1757507015,1757519381,2025-09-10T12:23:35+00:00,2025-09-10T15:49:41+00:00,2025-09-10,2025-09-10,12366
c00ec2,WJA238,CYEG,YEG,Edmonton,CYYC,YYC,Calgary,1757505765,1757507699,2025-09-10T12:02:45+00:00,2025-09-10T12:34:59+00:00,2025-09-10,2025-09-10,1934
c06081,ACA231,CYEG,YEG,Edmonton,CYVR,YVR,Vancouver,1757505435,1757509588,2025-09-10T11:57:15+00:00,2025-09-10T13:06:28+00:00,2025-09-10,2025-09-10,4153
c083aa,WJA177,CYEG,YEG,Edmonton,CYVR,YVR,Vancouver,1757476600,1757480838,2025-09-10T03:56:40+00:00,2025-09-10T05:07:18+00:00,2025-09-10,2025-09-10,4238
c048cb,CNK66,CYEG,YEG,Edmonton,CYYC,YYC,Calgary,1757475138,1757477644,2025-09-10T03:32:18+00:00,2025-09-10T04:14:04+00:00,2025-09-10,2025-09-10,2506
c01dac,FLE833,CYEG,YEG,Edmonton,CYVR,YVR,Vancouver,1757473418,1757477504,2025-09-10T03:03:38+00:00,2025-09-10T04:11:44+00:00,2025-09-10,2025-09-10,4086
c080a3,WJA240,CYEG,YEG,Edmonton,CYYC,YYC,Calgary,1757473248,1757474892,2025-09-10T03:00:48+00:00,2025-09-10T03:28:12+00:00,2025-09-10,2025-09-10,1644
c02fe9,CFSDS00,CYEG,YEG,Edmonton,CYYC,YYC,Calgary,1757473071,1757474679,2025-09-10T02:57:51+00:00,2025-09-10T03:24:39+00:00,2025-09-10,2025-09-10,1608
c063c0,CWA935,CYEG,YEG,Edmonton,CYYC,YYC,Calgary,1757469264,1757471548,2025-09-10T01:54:24+00:00,2025-09-10T02:32:28+00:00,2025-09-10,2025-09-10,2284
c084a3,ACA176,CYEG,YEG,Edmonton,CYYZ,YYZ,Toronto,1757469180,1757481459,2025-09-10T01:53:00+00:00,2025-09-10T05:17:39+00:00,2025-09-10,2025-09-10,12279
c033a5,CFTOM,CYEG,YEG,Edmonton,CYYC,YYC,Calgary,1757468645,1757470556,2025-09-10T01:44:05+00:00,2025-09-10T02:15:56+00:00,2025-09-10,2025-09-10,1911
c080db,ACA245,CYEG,YEG,Edmonton,CYVR,YVR,Vancouver,1757467593,1757471957,2025-09-10T01:26:33+00:00,2025-09-10T02:39:17+00:00,2025-09-10,2025-09-10,4364
c051da,TSC531,CYYZ,YYZ,Toronto,CYUL,YUL,Montreal,1757542142,1757545192,2025-09-10T22:09:02+00:00,2025-09-10T22:59:52+00:00,2025-09-10,2025-09-10,3050
c0584f,ACA894,CYYZ,YYZ,Toronto,CYUL,YUL,Montreal,1757539935,1757543488,2025-09-10T21:32:15+00:00,2025-09-10T22:31:28+00:00,2025-09-10,2025-09-10,3553
c07525,HRT433,CYYZ,YYZ,Toronto,CYUL,YUL,Montreal,1757539267,1757542552,2025-09-10T21:21:07+00:00,2025-09-10T22:15:52+00:00,2025-09-10,2025-09-10,3285
c0885e,POE125,CYYZ,YYZ,Toronto,CYUL,YUL,Montreal,1757538303,1757541437,2025-09-10T21:05:03+00:00,2025-09-10T21:57:17+00:00,2025-09-10,2025-09-10,3134
c0583f,ACA488,CYYZ,YYZ,Toronto,CYUL,YUL,Montreal,1757537557,1757540612,2025-09-10T20:52:37+00:00,2025-09-10T21:43:32+00:00,2025-09-10,2025-09-10,3055
c0706f,TLK604,CYYZ,YYZ,Toronto,CYUL,YUL,Montreal,1757535841,1757538757,2025-09-10T20:24:01+00:00,2025-09-10T21:12:37+00:00,2025-09-10,2025-09-10,2916
c043b7,ACA418,CYYZ,YYZ,Toronto,CYUL,YUL,Montreal,1757535648,1757538645,2025-09-10T20:20:48+00:00,2025-09-10T21:10:45+00:00,2025-09-10,2025-09-10,2997
c030eb,ACA416,CYYZ,YYZ,Toronto,CYUL,YUL,Montreal,1757532621,1757536193,2025-09-10T19:30:21+00:00,2025-09-10T20:29:53+00:00,2025-09-10,2025-09-10,3572
c04ed6,HRT364,CYYZ,YYZ,Toronto,CYUL,YUL,Montreal,1757532261,1757535895,2025-09-10T19:24:21+00:00,2025-09-10T20:24:55+00:00,2025-09-10,2025-09-10,3634
c04c36,WJA663,CYYZ,YYZ,Toronto,CYYC,YYC,Calgary,1757531520,1757545073,2025-09-10T19:12:00+00:00,2025-09-10T22:57:53+00:00,2025-09-10,2025-09-10,13553
c0534e,FLE627,CYYZ,YYZ,Toronto,CYYC,YYC,Calgary,1757530714,1757544704,2025-09-10T18:58:34+00:00,2025-09-10T22:51:44+00:00,2025-09-10,2025-09-10,13990
c07b0a,ACA414,CYYZ,YYZ,Toronto,CYUL,YUL,Montreal,1757528521,1757531624,2025-09-10T18:22:01+00:00,2025-09-10T19:13:44+00:00,2025-09-10,2025-09-10,3103
c05ea6,ACA115,CYYZ,YYZ,Toronto,CYVR,YVR,Vancouver,1757527961,1757544435,2025-09-10T18:12:41+00:00,2025-09-10T22:47:15+00:00,2025-09-10,2025-09-10,16474
c05da4,WJA715,CYYZ,YYZ,Toronto,CYVR,YVR,Vancouver,1757527770,1757543894,2025-09-10T18:09:30+00:00,2025-09-10T22:38:14+00:00,2025-09-10,2025-09-10,16124
c0226c,WJA661,CYYZ,YYZ,Toronto,CYYC,YYC,Calgary,1757525911,1757538990,2025-09-10T17:38:31+00:00,2025-09-10T21:16:30+00:00,2025-09-10,2025-09-10,13079
c060bc,POE357,CYYZ,YYZ,Toronto,CYYC,YYC,Calgary,1757525233,1757538947,2025-09-10T17:27:13+00:00,2025-09-10T21:15:47+00:00,2025-09-10,2025-09-10,13714
c0307a,ACA143,CYYZ,YYZ,Toronto,CYYC,YYC,Calgary,1757524452,1757537722,2025-09-10T17:14:12+00:00,2025-09-10T20:55:22+00:00,2025-09-10,2025-09-10,13270
c060c9,POE307,CYYZ,YYZ,Toronto,CYVR,YVR,Vancouver,1757524444,1757541472,2025-09-10T17:14:04+00:00,2025-09-10T21:57:52+00:00,2025-09-10,2025-09-10,17028
c050c0,ACA141,CYYZ,YYZ,Toronto,CYYC,YYC,Calgary,1757524142,1757537278,2025-09-10T17:09:02+00:00,2025-09-10T20:47:58+00:00,2025-09-10,2025-09-10,13136
c060bd,POE111,CYYZ,YYZ,Toronto,CYUL,YUL,Montreal,1757524030,1757527816,2025-09-10T17:07:10+00:00,2025-09-10T18:10:16+00:00,2025-09-10,2025-09-10,3786
c0192e,ACA113,CYYZ,YYZ,Toronto,CYVR,YVR,Vancouver,1757523930,1757540220,2025-09-10T17:05:30+00:00,2025-09-10T21:37:00+00:00,2025-09-10,2025-09-10,16290
c07646,CGSUN,CYYZ,YYZ,Toronto,CYYC,YYC,Calgary,1757523114,1757535404,2025-09-10T16:51:54+00:00,2025-09-10T20:16:44+00:00,2025-09-10,2025-09-10,12290
c05ed9,ACA410,CYYZ,YYZ,Toronto,CYUL,YUL,Montreal,1757522410,1757525513,2025-09-10T16:40:10+00:00,2025-09-10T17:31:53+00:00,2025-09-10,2025-09-10,3103
c05bcf,ACA117,CYYZ,YYZ,Toronto,CYVR,YVR,Vancouver,1757521327,1757537998,2025-09-10T16:22:07+00:00,2025-09-10T20:59:58+00:00,2025-09-10,2025-09-10,16671
c01cae,WJA711,CYYZ,YYZ,Toronto,CYVR,YVR,Vancouver,1757520753,1757536976,2025-09-10T16:12:33+00:00,2025-09-10T20:42:56+00:00,2025-09-10,2025-09-10,16223
c05056,ACA111,CYYZ,YYZ,Toronto,CYVR,YVR,Vancouver,1757519885,1757536589,2025-09-10T15:58:05+00:00,2025-09-10T20:36:29+00:00,2025-09-10,2025-09-10,16704
c02029,MAL7090,CYYZ,YYZ,Toronto,CYYC,YYC,Calgary,1757519446,1757532437,2025-09-10T15:50:46+00:00,2025-09-10T19:27:17+00:00,2025-09-10,2025-09-10,12991
740828,RJA272,CYYZ,YYZ,Toronto,CYUL,YUL,Montreal,1757518473,1757522335,2025-09-10T15:34:33+00:00,2025-09-10T16:38:55+00:00,2025-09-10,2025-09-10,3862
c043b7,ACA408,CYYZ,YYZ,Toronto,CYUL,YUL,Montreal,1757517156,1757521072,2025-09-10T15:12:36+00:00,2025-09-10T16:17:52+00:00,2025-09-10,2025-09-10,3916
c04687,ASP839,CYYZ,YYZ,Toronto,CYUL,YUL,Montreal,1757516686,1757520053,2025-09-10T15:04:46+00:00,2025-09-10T16:00:53+00:00,2025-09-10,2025-09-10,3367
c05403,WJA657,CYYZ,YYZ,Toronto,CYYC,YYC,Calgary,1757516312,1757530138,2025-09-10T14:58:32+00:00,2025-09-10T18:48:58+00:00,2025-09-10,2025-09-10,13826
c07b09,ACA137,CYYZ,YYZ,Toronto,CYYC,YYC,Calgary,1757515314,1757528858,2025-09-10T14:41:54+00:00,2025-09-10T18:27:38+00:00,2025-09-10,2025-09-10,13544
c06177,POE305,CYYZ,YYZ,Toronto,CYVR,YVR,Vancouver,1757515002,1757531452,2025-09-10T14:36:42+00:00,2025-09-10T19:10:52+00:00,2025-09-10,2025-09-10,16450
c010ea,ACA109,CYYZ,YYZ,Toronto,CYVR,YVR,Vancouver,1757514247,1757530453,2025-09-10T14:24:07+00:00,2025-09-10T18:54:13+00:00,2025-09-10,2025-09-10,16206
c01f28,FLE625,CYYZ,YYZ,Toronto,CYYC,YYC,Calgary,1757514058,1757527767,2025-09-10T14:20:58+00:00,2025-09-10T18:09:27+00:00,2025-09-10,2025-09-10,13709
c0614d,WJA655,CYYZ,YYZ,Toronto,CYYC,YYC,Calgary,1757513595,1757527273,2025-09-10T14:13:15+00:00,2025-09-10T18:01:13+00:00,2025-09-10,2025-09-10,13678
c05d7b,WJA707,CYYZ,YYZ,Toronto,CYVR,YVR,Vancouver,1757513130,1757529174,2025-09-10T14:05:30+00:00,2025-09-10T18:32:54+00:00,2025-09-10,2025-09-10,16044
c01d72,FLE609,CYYZ,YYZ,Toronto,CYVR,YVR,Vancouver,1757512765,1757529419,2025-09-10T13:59:25+00:00,2025-09-10T18:36:59+00:00,2025-09-10,2025-09-10,16654
c01074,ACA107,CYYZ,YYZ,Toronto,CYVR,YVR,Vancouver,1757511296,1757526497,2025-09-10T13:34:56+00:00,2025-09-10T17:48:17+00:00,2025-09-10,2025-09-10,15201
c05eac,ACA135,CYYZ,YYZ,Toronto,CYYC,YYC,Calgary,1757510765,1757524168,2025-09-10T13:26:05+00:00,2025-09-10T17:09:28+00:00,2025-09-10,2025-09-10,13403
c06171,POE353,CYYZ,YYZ,Toronto,CYYC,YYC,Calgary,1757510553,1757524408,2025-09-10T13:22:33+00:00,2025-09-10T17:13:28+00:00,2025-09-10,2025-09-10,13855
c03f85,WJA651,CYYZ,YYZ,Toronto,CYYC,YYC,Calgary,1757509918,1757523449,2025-09-10T13:11:58+00:00,2025-09-10T16:57:29+00:00,2025-09-10,2025-09-10,13531
c05dc3,GJNE,CYYZ,YYZ,Toronto,CYUL,YUL,Montreal,1757509823,1757513952,2025-09-10T13:10:23+00:00,2025-09-10T14:19:12+00:00,2025-09-10,2025-09-10,4129
c07b0a,ACA404,CYYZ,YYZ,Toronto,CYUL,YUL,Montreal,1757509743,1757513333,2025-09-10T13:09:03+00:00,2025-09-10T14:08:53+00:00,2025-09-10,2025-09-10,3590
c05bcb,ACA105,CYYZ,YYZ,Toronto,CYVR,YVR,Vancouver,1757507737,1757524455,2025-09-10T12:35:37+00:00,2025-09-10T17:14:15+00:00,2025-09-10,2025-09-10,16718
c060c3,POE303,CYYZ,YYZ,Toronto,CYVR,YVR,Vancouver,1757507074,1757523704,2025-09-10T12:24:34+00:00,2025-09-10T17:01:44+00:00,2025-09-10,2025-09-10,16630
c07ef2,WJA703,CYYZ,YYZ,Toronto,CYVR,YVR,Vancouver,1757506584,1757522997,2025-09-10T12:16:24+00:00,2025-09-10T16:49:57+00:00,2025-09-10,2025-09-10,16413
c01dac,FLE601,CYYZ,YYZ,Toronto,CYVR,YVR,Vancouver,1757505889,1757521857,2025-09-10T12:04:49+00:00,2025-09-10T16:30:57+00:00,2025-09-10,2025-09-10,15968
c0174f,ACA189,CYYZ,YYZ,Toronto,CYVR,YVR,Vancouver,1757505845,1757521102,2025-09-10T12:04:05+00:00,2025-09-10T16:18:22+00:00,2025-09-10,2025-09-10,15257
c0307a,ACA402,CYYZ,YYZ,Toronto,CYUL,YUL,Montreal,1757505789,1757509821,2025-09-10T12:03:09+00:00,2025-09-10T13:10:21+00:00,2025-09-10,2025-09-10,4032
c06156,WJA649,CYYZ,YYZ,Toronto,CYYC,YYC,Calgary,1757505241,1757518858,2025-09-10T11:54:01+00:00,2025-09-10T15:40:58+00:00,2025-09-10,2025-09-10,13617
c060bc,POE109,CYYZ,YYZ,Toronto,CYUL,YUL,Montreal,1757504073,1757507909,2025-09-10T11:34:33+00:00,2025-09-10T12:38:29+00:00,2025-09-10,2025-09-10,3836
c05bd2,ACA101,CYYZ,YYZ,Toronto,CYVR,YVR,Vancouver,1757502613,1757518956,2025-09-10T11:10:13+00:00,2025-09-10T15:42:36+00:00,2025-09-10,2025-09-10,16343
c010ec,ACA133,CYYZ,YYZ,Toronto,CYYC,YYC,Calgary,1757502572,1757516093,2025-09-10T11:09:32+00:00,2025-09-10T14:54:53+00:00,2025-09-10,2025-09-10,13521
c05056,ACA400,CYYZ,YYZ,Toronto,CYUL,YUL,Montreal,1757502051,1757505748,2025-09-10T11:00:51+00:00,2025-09-10T12:02:28+00:00,2025-09-10,2025-09-10,3697
c05ba9,WJA701,CYYZ,YYZ,Toronto,CYVR,YVR,Vancouver,1757500982,1757517372,2025-09-10T10:43:02+00:00,2025-09-10T15:16:12+00:00,2025-09-10,2025-09-10,16390
c07fb1,WJA653,CYYZ,YYZ,Toronto,CYYC,YYC,Calgary,1757500598,1757514593,2025-09-10T10:36:38+00:00,2025-09-10T14:29:53+00:00,2025-09-10,2025-09-10,13995
c04fff,ACA480,CYYZ,YYZ,Toronto,CYUL,YUL,Montreal,1757499844,1757503945,2025-09-10T10:24:04+00:00,2025-09-10T11:32:25+00:00,2025-09-10,2025-09-10,4101
c038a3,ACA181,CYYZ,YYZ,Toronto,CYVR,YVR,Vancouver,1757499225,1757515139,2025-09-10T10:13:45+00:00,2025-09-10T14:38:59+00:00,2025-09-10,2025-09-10,15914
c0202d,MAL7051,CYYZ,YYZ,Toronto,CYYC,YYC,Calgary,1757481830,1757494368,2025-09-10T05:23:50+00:00,2025-09-10T08:52:48+00:00,2025-09-10,2025-09-10,12538
c05dd8,JZA7774,CYYZ,YYZ,Toronto,CYUL,YUL,Montreal,1757478992,1757482327,2025-09-10T04:36:32+00:00,2025-09-10T05:32:07+00:00,2025-09-10,2025-09-10,3335
c06709,ACA432,CYYZ,YYZ,Toronto,CYUL,YUL,Montreal,1757475061,1757478524,2025-09-10T03:31:01+00:00,2025-09-10T04:28:44+00:00,2025-09-10,2025-09-10,3463
c03c05,WJA598,CYYZ,YYZ,Toronto,CYUL,YUL,Montreal,1757473959,1757477273,2025-09-10T03:12:39+00:00,2025-09-10T04:07:53+00:00,2025-09-10,2025-09-10,3314
c0618c,POE135,CYYZ,YYZ,Toronto,CYUL,YUL,Montreal,1757473908,1757478028,2025-09-10T03:11:48+00:00,2025-09-10T04:20:28+00:00,2025-09-10,2025-09-10,4120
c02fed,ACA159,CYYZ,YYZ,Toronto,CYYC,YYC,Calgary,1757473178,1757486361,2025-09-10T02:59:38+00:00,2025-09-10T06:39:21+00:00,2025-09-10,2025-09-10,13183
c050c4,ACA428,CYYZ,YYZ,Toronto,CYUL,YUL,Montreal,1757472918,1757476399,2025-09-10T02:55:18+00:00,2025-09-10T03:53:19+00:00,2025-09-10,2025-09-10,3481
c049e9,WJA731,CYYZ,YYZ,Toronto,CYVR,YVR,Vancouver,1757472006,1757487719,2025-09-10T02:40:06+00:00,2025-09-10T07:01:59+00:00,2025-09-10,2025-09-10,15713
c0121e,WJA679,CYYZ,YYZ,Toronto,CYYC,YYC,Calgary,1757471262,1757484444,2025-09-10T02:27:42+00:00,2025-09-10T06:07:24+00:00,2025-09-10,2025-09-10,13182
c080a4,WJA445,CYYZ,YYZ,Toronto,CYEG,YEG,Edmonton,1757470486,1757484087,2025-09-10T02:14:46+00:00,2025-09-10T06:01:27+00:00,2025-09-10,2025-09-10,13601
c01e1a,FLE631,CYYZ,YYZ,Toronto,CYEG,YEG,Edmonton,1757469738,1757483883,2025-09-10T02:02:18+00:00,2025-09-10T05:58:03+00:00,2025-09-10,2025-09-10,14145
c0616e,POE409,CYYZ,YYZ,Toronto,CYEG,YEG,Edmonton,1757469120,1757482406,2025-09-10T01:52:00+00:00,2025-09-10T05:33:26+00:00,2025-09-10,2025-09-10,13286
c010e4,ACA157,CYYZ,YYZ,Toronto,CYYC,YYC,Calgary,1757468791,1757481884,2025-09-10T01:46:31+00:00,2025-09-10T05:24:44+00:00,2025-09-10,2025-09-10,13093
c01d72,FLE629,CYYZ,YYZ,Toronto,CYYC,YYC,Calgary,1757468373,1757482445,2025-09-10T01:39:33+00:00,2025-09-10T05:34:05+00:00,2025-09-10,2025-09-10,14072
c05eac,ACA129,CYYZ,YYZ,Toronto,CYVR,YVR,Vancouver,1757467161,1757483413,2025-09-10T01:19:21+00:00,2025-09-10T05:50:13+00:00,2025-09-10,2025-09-10,16252
c051d1,TSC621,CYYZ,YYZ,Toronto,CYUL,YUL,Montreal,1757466839,1757470363,2025-09-10T01:13:59+00:00,2025-09-10T02:12:43+00:00,2025-09-10,2025-09-10,3524
c060ca,POE365,CYYZ,YYZ,Toronto,CYYC,YYC,Calgary,1757466833,1757480147,2025-09-10T01:13:53+00:00,2025-09-10T04:55:47+00:00,2025-09-10,2025-09-10,13314
c05ee5,ACA424,CYYZ,YYZ,Toronto,CYUL,YUL,Montreal,1757465355,1757469053,2025-09-10T00:49:15+00:00,2025-09-10T01:50:53+00:00,2025-09-10,2025-09-10,3698
c05edd,ACA426,CYYZ,YYZ,Toronto,CYUL,YUL,Montreal,1757464662,1757468170,2025-09-10T00:37:42+00:00,2025-09-10T01:36:10+00:00,2025-09-10,2025-09-10,3508
c010f6,ACA127,CYYZ,YYZ,Toronto,CYVR,YVR,Vancouver,1757464401,1757480570,2025-09-10T00:33:21+00:00,2025-09-10T05:02:50+00:00,2025-09-10,2025-09-10,16169
c066b6,WJA675,CYYZ,YYZ,Toronto,CYYC,YYC,Calgary,1757462468,1757476059,2025-09-10T00:01:08+00:00,2025-09-10T03:47:39+00:00,2025-09-10,2025-09-10,13591
c07b0a,ACA421,CYUL,YUL,Montreal,CYYZ,YYZ,Toronto,1757539804,1757543099,2025-09-10T21:30:04+00:00,2025-09-10T22:24:59+00:00,2025-09-10,2025-09-10,3295
c04ed6,HRT364,CYUL,YUL,Montreal,CYYZ,YYZ,Toronto,1757538962,1757542163,2025-09-10T21:16:02+00:00,2025-09-10T22:09:23+00:00,2025-09-10,2025-09-10,3201
c0611f,ACA895,CYUL,YUL,Montreal,CYYZ,YYZ,Toronto,1757537887,1757541214,2025-09-10T20:58:07+00:00,2025-09-10T21:53:34+00:00,2025-09-10,2025-09-10,3327
c06aa7,TSC430,CYUL,YUL,Montreal,CYYZ,YYZ,Toronto,1757535722,1757539365,2025-09-10T20:22:02+00:00,2025-09-10T21:22:45+00:00,2025-09-10,2025-09-10,3643
c05ee5,ACA487,CYUL,YUL,Montreal,CYYZ,YYZ,Toronto,1757533878,1757537534,2025-09-10T19:51:18+00:00,2025-09-10T20:52:14+00:00,2025-09-10,2025-09-10,3656
c060bd,POE120,CYUL,YUL,Montreal,CYYZ,YYZ,Toronto,1757532703,1757535967,2025-09-10T19:31:43+00:00,2025-09-10T20:26:07+00:00,2025-09-10,2025-09-10,3264
c05dc3,GJNE,CYUL,YUL,Montreal,CYYZ,YYZ,Toronto,1757531478,1757535637,2025-09-10T19:11:18+00:00,2025-09-10T20:20:37+00:00,2025-09-10,2025-09-10,4159
c05ed9,ACA415,CYUL,YUL,Montreal,CYYZ,YYZ,Toronto,1757531082,1757534443,2025-09-10T19:04:42+00:00,2025-09-10T20:00:43+00:00,2025-09-10,2025-09-10,3361
c043b7,ACA413,CYUL,YUL,Montreal,CYYZ,YYZ,Toronto,1757525799,1757529069,2025-09-10T17:36:39+00:00,2025-09-10T18:31:09+00:00,2025-09-10,2025-09-10,3270
c038cc,ACA323,CYUL,YUL,Montreal,CYYC,YYC,Calgary,1757525561,1757539221,2025-09-10T17:32:41+00:00,2025-09-10T21:20:21+00:00,2025-09-10,2025-09-10,13660
c05ed0,ACA305,CYUL,YUL,Montreal,CYVR,YVR,Vancouver,1757524753,1757541780,2025-09-10T17:19:13+00:00,2025-09-10T22:03:00+00:00,2025-09-10,2025-09-10,17027
c030eb,ACA411,CYUL,YUL,Montreal,CYYZ,YYZ,Toronto,1757520561,1757524044,2025-09-10T16:09:21+00:00,2025-09-10T17:07:24+00:00,2025-09-10,2025-09-10,3483
c0424e,CFZCV,CYUL,YUL,Montreal,CYYZ,YYZ,Toronto,1757520282,1757523375,2025-09-10T16:04:42+00:00,2025-09-10T16:56:15+00:00,2025-09-10,2025-09-10,3093
c07b0a,ACA409,CYUL,YUL,Montreal,CYYZ,YYZ,Toronto,1757517991,1757521375,2025-09-10T15:26:31+00:00,2025-09-10T16:22:55+00:00,2025-09-10,2025-09-10,3384
c0307a,ACA407,CYUL,YUL,Montreal,CYYZ,YYZ,Toronto,1757514305,1757517683,2025-09-10T14:25:05+00:00,2025-09-10T15:21:23+00:00,2025-09-10,2025-09-10,3378
c060bc,POE112,CYUL,YUL,Montreal,CYYZ,YYZ,Toronto,1757513703,1757516889,2025-09-10T14:15:03+00:00,2025-09-10T15:08:09+00:00,2025-09-10,2025-09-10,3186
c0648b,CGMBY,CYUL,YUL,Montreal,CYYZ,YYZ,Toronto,1757512195,1757515501,2025-09-10T13:49:55+00:00,2025-09-10T14:45:01+00:00,2025-09-10,2025-09-10,3306
c05056,ACA405,CYUL,YUL,Montreal,CYYZ,YYZ,Toronto,1757510703,1757514053,2025-09-10T13:25:03+00:00,2025-09-10T14:20:53+00:00,2025-09-10,2025-09-10,3350
c023c7,ACA303,CYUL,YUL,Montreal,CYVR,YVR,Vancouver,1757508072,1757524288,2025-09-10T12:41:12+00:00,2025-09-10T17:11:28+00:00,2025-09-10,2025-09-10,16216
c050c4,ACA321,CYUL,YUL,Montreal,CYYC,YYC,Calgary,1757507671,1757522036,2025-09-10T12:34:31+00:00,2025-09-10T16:33:56+00:00,2025-09-10,2025-09-10,14365
740828,RJA271,CYUL,YUL,Montreal,CYYZ,YYZ,Toronto,1757507453,1757511262,2025-09-10T12:30:53+00:00,2025-09-10T13:34:22+00:00,2025-09-10,2025-09-10,3809
c050c0,ACA403,CYUL,YUL,Montreal,CYYZ,YYZ,Toronto,1757506537,1757509971,2025-09-10T12:15:37+00:00,2025-09-10T13:12:51+00:00,2025-09-10,2025-09-10,3434
c04fe4,ACA301,CYUL,YUL,Montreal,CYVR,YVR,Vancouver,1757504592,1757521225,2025-09-10T11:43:12+00:00,2025-09-10T16:20:25+00:00,2025-09-10,2025-09-10,16633
c0706f,TLK604,CYUL,YUL,Montreal,CYYZ,YYZ,Toronto,1757504489,1757508235,2025-09-10T11:41:29+00:00,2025-09-10T12:43:55+00:00,2025-09-10,2025-09-10,3746
c0616c,POE373,CYUL,YUL,Montreal,CYVR,YVR,Vancouver,1757502974,1757520589,2025-09-10T11:16:14+00:00,2025-09-10T16:09:49+00:00,2025-09-10,2025-09-10,17615
c02cfc,WJA215,CYUL,YUL,Montreal,CYYC,YYC,Calgary,1757502696,1757517236,2025-09-10T11:11:36+00:00,2025-09-10T15:13:56+00:00,2025-09-10,2025-09-10,14540
c05edd,ACA401,CYUL,YUL,Montreal,CYYZ,YYZ,Toronto,1757502480,1757505846,2025-09-10T11:08:00+00:00,2025-09-10T12:04:06+00:00,2025-09-10,2025-09-10,3366
c0618c,POE102,CYUL,YUL,Montreal,CYYZ,YYZ,Toronto,1757502361,1757505743,2025-09-10T11:06:01+00:00,2025-09-10T12:02:23+00:00,2025-09-10,2025-09-10,3382
c03c05,WJA579,CYUL,YUL,Montreal,CYYZ,YYZ,Toronto,1757502076,1757506015,2025-09-10T11:01:16+00:00,2025-09-10T12:06:55+00:00,2025-09-10,2025-09-10,3939
c086bf,ASP508,CYUL,YUL,Montreal,CYYZ,YYZ,Toronto,1757500608,1757504456,2025-09-10T10:36:48+00:00,2025-09-10T11:40:56+00:00,2025-09-10,2025-09-10,3848
c0730e,ACA481,CYUL,YUL,Montreal,CYYZ,YYZ,Toronto,1757499589,1757502953,2025-09-10T10:19:49+00:00,2025-09-10T11:15:53+00:00,2025-09-10,2025-09-10,3364
c05dd8,JZA7773,CYUL,YUL,Montreal,CYYZ,YYZ,Toronto,1757495284,1757499019,2025-09-10T09:08:04+00:00,2025-09-10T10:10:19+00:00,2025-09-10,2025-09-10,3735
c058cb,ROU7095,CYUL,YUL,Montreal,CYYZ,YYZ,Toronto,1757472489,1757475626,2025-09-10T02:48:09+00:00,2025-09-10T03:40:26+00:00,2025-09-10,2025-09-10,3137
c05030,ACA313,CYUL,YUL,Montreal,CYVR,YVR,Vancouver,1757469796,1757487238,2025-09-10T02:03:16+00:00,2025-09-10T06:53:58+00:00,2025-09-10,2025-09-10,17442
c043b7,ACA429,CYUL,YUL,Montreal,CYYZ,YYZ,Toronto,1757469672,1757472766,2025-09-10T02:01:12+00:00,2025-09-10T02:52:46+00:00,2025-09-10,2025-09-10,3094
c008a9,ACA327,CYUL,YUL,Montreal,CYYC,YYC,Calgary,1757466845,1757480759,2025-09-10T01:14:05+00:00,2025-09-10T05:05:59+00:00,2025-09-10,2025-09-10,13914
c01a61,ACA7063,CYUL,YUL,Montreal,CYYZ,YYZ,Toronto,1757466694,1757469888,2025-09-10T01:11:34+00:00,2025-09-10T02:04:48+00:00,2025-09-10,2025-09-10,3194
c00bce,CFEMF,CYUL,YUL,Montreal,CYYZ,YYZ,Toronto,1757465583,1757468572,2025-09-10T00:53:03+00:00,2025-09-10T01:42:52+00:00,2025-09-10,2025-09-10,2989
c010cb,ACA427,CYUL,YUL,Montreal,CYYZ,YYZ,Toronto,1757464715,1757467769,2025-09-10T00:38:35+00:00,2025-09-10T01:29:29+00:00,2025-09-10,2025-09-10,3054
c0884f,POE389,CYUL,YUL,Montreal,CYYC,YYC,Calgary,1757463834,1757478594,2025-09-10T00:23:54+00:00,2025-09-10T04:29:54+00:00,2025-09-10,2025-09-10,14760
c03f85,WJA116,CYVR,YVR,Vancouver,CYYC,YYC,Calgary,1757626941,1757631198,2025-09-11T21:42:21+00:00,2025-09-11T22:53:18+00:00,2025-09-11,2025-09-11,4257
c00cd6,WJA114,CYVR,YVR,Vancouver,CYYC,YYC,Calgary,1757626395,1757630363,2025-09-11T21:33:15+00:00,2025-09-11T22:39:23+00:00,2025-09-11,2025-09-11,3968
c07eda,WJA168,CYVR,YVR,Vancouver,CYEG,YEG,Edmonton,1757624021,1757628334,2025-09-11T20:53:41+00:00,2025-09-11T22:05:34+00:00,2025-09-11,2025-09-11,4313
c02fd8,ACA216,CYVR,YVR,Vancouver,CYYC,YYC,Calgary,1757622394,1757626535,2025-09-11T20:26:34+00:00,2025-09-11T21:35:35+00:00,2025-09-11,2025-09-11,4141
c017d7,ASP822,CYVR,YVR,Vancouver,CYYC,YYC,Calgary,1757622306,1757626087,2025-09-11T20:25:06+00:00,2025-09-11T21:28:07+00:00,2025-09-11,2025-09-11,3781
c01d72,FLE820,CYVR,YVR,Vancouver,CYEG,YEG,Edmonton,1757621923,1757626251,2025-09-11T20:18:43+00:00,2025-09-11T21:30:51+00:00,2025-09-11,2025-09-11,4328
c04d70,CGDIL,CYVR,YVR,Vancouver,CYYC,YYC,Calgary,1757620646,1757624231,2025-09-11T19:57:26+00:00,2025-09-11T20:57:11+00:00,2025-09-11,2025-09-11,3585
c07ee8,WJA112,CYVR,YVR,Vancouver,CYYC,YYC,Calgary,1757620492,1757624441,2025-09-11T19:54:52+00:00,2025-09-11T21:00:41+00:00,2025-09-11,2025-09-11,3949
c06550,CGMJN,CYVR,YVR,Vancouver,CYEG,YEG,Edmonton,1757618306,1757623958,2025-09-11T19:18:26+00:00,2025-09-11T20:52:38+00:00,2025-09-11,2025-09-11,5652
c012bd,WJA166,CYVR,YVR,Vancouver,CYEG,YEG,Edmonton,1757618183,1757622414,2025-09-11T19:16:23+00:00,2025-09-11T20:26:54+00:00,2025-09-11,2025-09-11,4231
c00d51,FLE816,CYVR,YVR,Vancouver,CYYC,YYC,Calgary,1757617710,1757621705,2025-09-11T19:08:30+00:00,2025-09-11T20:15:05+00:00,2025-09-11,2025-09-11,3995
c05eb7,ACA110,CYVR,YVR,Vancouver,CYYZ,YYZ,Toronto,1757616473,1757631513,2025-09-11T18:47:53+00:00,2025-09-11T22:58:33+00:00,2025-09-11,2025-09-11,15040
c00734,WJA110,CYVR,YVR,Vancouver,CYYC,YYC,Calgary,1757616378,1757620356,2025-09-11T18:46:18+00:00,2025-09-11T19:52:36+00:00,2025-09-11,2025-09-11,3978
c00899,ACA238,CYVR,YVR,Vancouver,CYEG,YEG,Edmonton,1757616158,1757620196,2025-09-11T18:42:38+00:00,2025-09-11T19:49:56+00:00,2025-09-11,2025-09-11,4038
c019eb,WJA710,CYVR,YVR,Vancouver,CYYZ,YYZ,Toronto,1757615973,1757631085,2025-09-11T18:39:33+00:00,2025-09-11T22:51:25+00:00,2025-09-11,2025-09-11,15112
c07ee4,WJA108,CYVR,YVR,Vancouver,CYYC,YYC,Calgary,1757612523,1757616389,2025-09-11T17:42:03+00:00,2025-09-11T18:46:29+00:00,2025-09-11,2025-09-11,3866
c0617c,POE304,CYVR,YVR,Vancouver,CYYZ,YYZ,Toronto,1757612319,1757628210,2025-09-11T17:38:39+00:00,2025-09-11T22:03:30+00:00,2025-09-11,2025-09-11,15891
c05ea6,ACA108,CYVR,YVR,Vancouver,CYYZ,YYZ,Toronto,1757612173,1757627319,2025-09-11T17:36:13+00:00,2025-09-11T21:48:39+00:00,2025-09-11,2025-09-11,15146
c0737c,WJA162,CYVR,YVR,Vancouver,CYEG,YEG,Edmonton,1757611321,1757615535,2025-09-11T17:22:01+00:00,2025-09-11T18:32:15+00:00,2025-09-11,2025-09-11,4214
c03069,ACA210,CYVR,YVR,Vancouver,CYYC,YYC,Calgary,1757611093,1757615129,2025-09-11T17:18:13+00:00,2025-09-11T18:25:29+00:00,2025-09-11,2025-09-11,4036
c05da4,WJA708,CYVR,YVR,Vancouver,CYYZ,YYZ,Toronto,1757610526,1757625473,2025-09-11T17:08:46+00:00,2025-09-11T21:17:53+00:00,2025-09-11,2025-09-11,14947
c007d8,ACA236,CYVR,YVR,Vancouver,CYEG,YEG,Edmonton,1757608880,1757613007,2025-09-11T16:41:20+00:00,2025-09-11T17:50:07+00:00,2025-09-11,2025-09-11,4127
c0175a,ACA304,CYVR,YVR,Vancouver,CYUL,YUL,Montreal,1757608074,1757623289,2025-09-11T16:27:54+00:00,2025-09-11T20:41:29+00:00,2025-09-11,2025-09-11,15215
c04fae,WEN3174,CYVR,YVR,Vancouver,CYYC,YYC,Calgary,1757607673,1757618565,2025-09-11T16:21:13+00:00,2025-09-11T19:22:45+00:00,2025-09-11,2025-09-11,10892
c069d8,WJA706,CYVR,YVR,Vancouver,CYYZ,YYZ,Toronto,1757607455,1757623138,2025-09-11T16:17:35+00:00,2025-09-11T20:38:58+00:00,2025-09-11,2025-09-11,15683
c023ae,ACA34,CYVR,YVR,Vancouver,CYYZ,YYZ,Toronto,1757607180,1757621513,2025-09-11T16:13:00+00:00,2025-09-11T20:11:53+00:00,2025-09-11,2025-09-11,14333
c080ac,WJA104,CYVR,YVR,Vancouver,CYYC,YYC,Calgary,1757606572,1757610498,2025-09-11T16:02:52+00:00,2025-09-11T17:08:18+00:00,2025-09-11,2025-09-11,3926
c006ec,ACA204,CYVR,YVR,Vancouver,CYYC,YYC,Calgary,1757605260,1757609092,2025-09-11T15:41:00+00:00,2025-09-11T16:44:52+00:00,2025-09-11,2025-09-11,3832
c00757,ACA234,CYVR,YVR,Vancouver,CYEG,YEG,Edmonton,1757604999,1757609035,2025-09-11T15:36:39+00:00,2025-09-11T16:43:55+00:00,2025-09-11,2025-09-11,4036
c01f52,WJA164,CYVR,YVR,Vancouver,CYEG,YEG,Edmonton,1757604213,1757608499,2025-09-11T15:23:33+00:00,2025-09-11T16:34:59+00:00,2025-09-11,2025-09-11,4286
c08861,POE372,CYVR,YVR,Vancouver,CYUL,YUL,Montreal,1757603926,1757620280,2025-09-11T15:18:46+00:00,2025-09-11T19:51:20+00:00,2025-09-11,2025-09-11,16354
c06081,ACA302,CYVR,YVR,Vancouver,CYUL,YUL,Montreal,1757603250,1757619269,2025-09-11T15:07:30+00:00,2025-09-11T19:34:29+00:00,2025-09-11,2025-09-11,16019
c01d72,FLE800,CYVR,YVR,Vancouver,CYYC,YYC,Calgary,1757602604,1757606505,2025-09-11T14:56:44+00:00,2025-09-11T16:01:45+00:00,2025-09-11,2025-09-11,3901
c060c8,POE302,CYVR,YVR,Vancouver,CYYZ,YYZ,Toronto,1757602101,1757617527,2025-09-11T14:48:21+00:00,2025-09-11T19:05:27+00:00,2025-09-11,2025-09-11,15426
c010f6,ACA104,CYVR,YVR,Vancouver,CYYZ,YYZ,Toronto,1757601637,1757616793,2025-09-11T14:40:37+00:00,2025-09-11T18:53:13+00:00,2025-09-11,2025-09-11,15156
c00700,ACA232,CYVR,YVR,Vancouver,CYEG,YEG,Edmonton,1757601397,1757605551,2025-09-11T14:36:37+00:00,2025-09-11T15:45:51+00:00,2025-09-11,2025-09-11,4154
c03e07,WJA102,CYVR,YVR,Vancouver,CYYC,YYC,Calgary,1757600228,1757604291,2025-09-11T14:17:08+00:00,2025-09-11T15:24:51+00:00,2025-09-11,2025-09-11,4063
c00899,ACA202,CYVR,YVR,Vancouver,CYYC,YYC,Calgary,1757599594,1757603579,2025-09-11T14:06:34+00:00,2025-09-11T15:12:59+00:00,2025-09-11,2025-09-11,3985
c02fe7,ACA100,CYVR,YVR,Vancouver,CYYZ,YYZ,Toronto,1757596800,1757612264,2025-09-11T13:20:00+00:00,2025-09-11T17:37:44+00:00,2025-09-11,2025-09-11,15464
c03b15,WJA700,CYVR,YVR,Vancouver,CYYZ,YYZ,Toronto,1757596110,1757611137,2025-09-11T13:08:30+00:00,2025-09-11T17:18:57+00:00,2025-09-11,2025-09-11,15027
c03517,WJA100,CYVR,YVR,Vancouver,CYYC,YYC,Calgary,1757595952,1757599978,2025-09-11T13:05:52+00:00,2025-09-11T14:12:58+00:00,2025-09-11,2025-09-11,4026
c012bd,WJA160,CYVR,YVR,Vancouver,CYEG,YEG,Edmonton,1757595726,1757600106,2025-09-11T13:02:06+00:00,2025-09-11T14:15:06+00:00,2025-09-11,2025-09-11,4380
c071a4,WJA136,CYVR,YVR,Vancouver,CYYC,YYC,Calgary,1757592332,1757596435,2025-09-11T12:05:32+00:00,2025-09-11T13:13:55+00:00,2025-09-11,2025-09-11,4103
c0473b,CJT2382,CYVR,YVR,Vancouver,CYYC,YYC,Calgary,1757578451,1757582141,2025-09-11T08:14:11+00:00,2025-09-11T09:15:41+00:00,2025-09-11,2025-09-11,3690
c05bcb,ACA182,CYVR,YVR,Vancouver,CYYZ,YYZ,Toronto,1757576040,1757591368,2025-09-11T07:34:00+00:00,2025-09-11T11:49:28+00:00,2025-09-11,2025-09-11,15328
c05eac,ACA128,CYVR,YVR,Vancouver,CYYZ,YYZ,Toronto,1757573465,1757589386,2025-09-11T06:51:05+00:00,2025-09-11T11:16:26+00:00,2025-09-11,2025-09-11,15921
c00e55,FLE600,CYVR,YVR,Vancouver,CYYZ,YYZ,Toronto,1757570520,1757585908,2025-09-11T06:02:00+00:00,2025-09-11T10:18:28+00:00,2025-09-11,2025-09-11,15388
c049e9,WJA724,CYVR,YVR,Vancouver,CYYZ,YYZ,Toronto,1757569684,1757584774,2025-09-11T05:48:04+00:00,2025-09-11T09:59:34+00:00,2025-09-11,2025-09-11,15090
c050c5,ACA126,CYVR,YVR,Vancouver,CYYZ,YYZ,Toronto,1757569082,1757584409,2025-09-11T05:38:02+00:00,2025-09-11T09:53:29+00:00,2025-09-11,2025-09-11,15327
c045f1,WJA132,CYVR,YVR,Vancouver,CYYC,YYC,Calgary,1757568310,1757572249,2025-09-11T05:25:10+00:00,2025-09-11T06:30:49+00:00,2025-09-11,2025-09-11,3939
c05007,ACA228,CYVR,YVR,Vancouver,CYYC,YYC,Calgary,1757568000,1757571899,2025-09-11T05:20:00+00:00,2025-09-11T06:24:59+00:00,2025-09-11,2025-09-11,3899
c03c05,WJA128,CYVR,YVR,Vancouver,CYYC,YYC,Calgary,1757561773,1757565768,2025-09-11T03:36:13+00:00,2025-09-11T04:42:48+00:00,2025-09-11,2025-09-11,3995
c05004,ACA226,CYVR,YVR,Vancouver,CYYC,YYC,Calgary,1757559061,1757563016,2025-09-11T02:51:01+00:00,2025-09-11T03:56:56+00:00,2025-09-11,2025-09-11,3955
c03bf5,WJA126,CYVR,YVR,Vancouver,CYYC,YYC,Calgary,1757558082,1757561920,2025-09-11T02:34:42+00:00,2025-09-11T03:38:40+00:00,2025-09-11,2025-09-11,3838
c02029,MAL8079,CYVR,YVR,Vancouver,CYYZ,YYZ,Toronto,1757556536,1757571416,2025-09-11T02:08:56+00:00,2025-09-11T06:16:56+00:00,2025-09-11,2025-09-11,14880
c01fb9,MAL7062,CYVR,YVR,Vancouver,CYYC,YYC,Calgary,1757555966,1757559799,2025-09-11T01:59:26+00:00,2025-09-11T03:03:19+00:00,2025-09-11,2025-09-11,3833
c05d9d,WJA124,CYVR,YVR,Vancouver,CYYC,YYC,Calgary,1757555019,1757558966,2025-09-11T01:43:39+00:00,2025-09-11T02:49:26+00:00,2025-09-11,2025-09-11,3947
c03064,ACA224,CYVR,YVR,Vancouver,CYYC,YYC,Calgary,1757553650,1757557584,2025-09-11T01:20:50+00:00,2025-09-11T02:26:24+00:00,2025-09-11,2025-09-11,3934
c05ea6,ACA124,CYVR,YVR,Vancouver,CYYZ,YYZ,Toronto,1757551623,1757567186,2025-09-11T00:47:03+00:00,2025-09-11T05:06:26+00:00,2025-09-11,2025-09-11,15563
c080a3,WJA122,CYVR,YVR,Vancouver,CYYC,YYC,Calgary,1757551455,1757555445,2025-09-11T00:44:15+00:00,2025-09-11T01:50:45+00:00,2025-09-11,2025-09-11,3990
c043cb,WJA722,CYVR,YVR,Vancouver,CYYZ,YYZ,Toronto,1757549980,1757565231,2025-09-11T00:19:40+00:00,2025-09-11T04:33:51+00:00,2025-09-11,2025-09-11,15251
c052d3,WJA203,CYYC,YYC,Calgary,CYEG,YEG,Edmonton,1757629346,1757631141,2025-09-11T22:22:26+00:00,2025-09-11T22:52:21+00:00,2025-09-11,2025-09-11,1795
c05f01,JZA138,CYYC,YYC,Calgary,CYEG,YEG,Edmonton,1757628811,1757631007,2025-09-11T22:13:31+00:00,2025-09-11T22:50:07+00:00,2025-09-11,2025-09-11,2196
c050b7,SYB074,CYYC,YYC,Calgary,CYVR,YVR,Vancouver,1757626472,1757629969,2025-09-11T21:34:32+00:00,2025-09-11T22:32:49+00:00,2025-09-11,2025-09-11,3497
c08106,WJA119,CYYC,YYC,Calgary,CYVR,YVR,Vancouver,1757625875,1757629346,2025-09-11T21:24:35+00:00,2025-09-11T22:22:26+00:00,2025-09-11,2025-09-11,3471
c063c0,CWA935,CYYC,YYC,Calgary,CYEG,YEG,Edmonton,1757624320,1757626651,2025-09-11T20:58:40+00:00,2025-09-11T21:37:31+00:00,2025-09-11,2025-09-11,2331
c07ee4,WJA117,CYYC,YYC,Calgary,CYVR,YVR,Vancouver,1757621507,1757625066,2025-09-11T20:11:47+00:00,2025-09-11T21:11:06+00:00,2025-09-11,2025-09-11,3559
c056c6,WJA253,CYYC,YYC,Calgary,CYEG,YEG,Edmonton,1757621141,1757623072,2025-09-11T20:05:41+00:00,2025-09-11T20:37:52+00:00,2025-09-11,2025-09-11,1931
c03069,ACA217,CYYC,YYC,Calgary,CYVR,YVR,Vancouver,1757620310,1757624410,2025-09-11T19:51:50+00:00,2025-09-11T21:00:10+00:00,2025-09-11,2025-09-11,4100
c0202b,CFMES,CYYC,YYC,Calgary,CYEG,YEG,Edmonton,1757619303,1757621247,2025-09-11T19:35:03+00:00,2025-09-11T20:07:27+00:00,2025-09-11,2025-09-11,1944
c0576e,CGHCV,CYYC,YYC,Calgary,CYEG,YEG,Edmonton,1757618640,1757620435,2025-09-11T19:24:00+00:00,2025-09-11T19:53:55+00:00,2025-09-11,2025-09-11,1795
c0226c,WJA664,CYYC,YYC,Calgary,CYYZ,YYZ,Toronto,1757618343,1757630527,2025-09-11T19:19:03+00:00,2025-09-11T22:42:07+00:00,2025-09-11,2025-09-11,12184
c04c36,WJA239,CYYC,YYC,Calgary,CYEG,YEG,Edmonton,1757618018,1757619919,2025-09-11T19:13:38+00:00,2025-09-11T19:45:19+00:00,2025-09-11,2025-09-11,1901
c03f85,WJA115,CYYC,YYC,Calgary,CYVR,YVR,Vancouver,1757617628,1757621429,2025-09-11T19:07:08+00:00,2025-09-11T20:10:29+00:00,2025-09-11,2025-09-11,3801
c00cd6,WJA113,CYYC,YYC,Calgary,CYVR,YVR,Vancouver,1757616758,1757621594,2025-09-11T18:52:38+00:00,2025-09-11T20:13:14+00:00,2025-09-11,2025-09-11,4836
c060ca,POE356,CYYC,YYC,Calgary,CYYZ,YYZ,Toronto,1757616601,1757628710,2025-09-11T18:50:01+00:00,2025-09-11T22:11:50+00:00,2025-09-11,2025-09-11,12109
c0041d,CFBOM,CYYC,YYC,Calgary,CYEG,YEG,Edmonton,1757616215,1757618879,2025-09-11T18:43:35+00:00,2025-09-11T19:27:59+00:00,2025-09-11,2025-09-11,2664
c053ba,ASP501,CYYC,YYC,Calgary,CYVR,YVR,Vancouver,1757616139,1757620215,2025-09-11T18:42:19+00:00,2025-09-11T19:50:15+00:00,2025-09-11,2025-09-11,4076
c05f01,,CYYC,YYC,Calgary,CYEG,YEG,Edmonton,1757615910,1757618039,2025-09-11T18:38:30+00:00,2025-09-11T19:13:59+00:00,2025-09-11,2025-09-11,2129
c05bcb,ACA146,CYYC,YYC,Calgary,CYYZ,YYZ,Toronto,1757615495,1757627690,2025-09-11T18:31:35+00:00,2025-09-11T21:54:50+00:00,2025-09-11,2025-09-11,12195
c006ec,ACA211,CYYC,YYC,Calgary,CYVR,YVR,Vancouver,1757615211,1757619201,2025-09-11T18:26:51+00:00,2025-09-11T19:33:21+00:00,2025-09-11,2025-09-11,3990
c050c4,ACA324,CYYC,YYC,Calgary,CYUL,YUL,Montreal,1757614231,1757627234,2025-09-11T18:10:31+00:00,2025-09-11T21:47:14+00:00,2025-09-11,2025-09-11,13003
c063fe,NCB9870,CYYC,YYC,Calgary,CYEG,YEG,Edmonton,1757613933,1757616587,2025-09-11T18:05:33+00:00,2025-09-11T18:49:47+00:00,2025-09-11,2025-09-11,2654
c01d72,FLE801,CYYC,YYC,Calgary,CYVR,YVR,Vancouver,1757613563,1757617467,2025-09-11T17:59:23+00:00,2025-09-11T19:04:27+00:00,2025-09-11,2025-09-11,3904
c004e9,WJA111,CYYC,YYC,Calgary,CYVR,YVR,Vancouver,1757613098,1757617010,2025-09-11T17:51:38+00:00,2025-09-11T18:56:50+00:00,2025-09-11,2025-09-11,3912
c083aa,WJA660,CYYC,YYC,Calgary,CYYZ,YYZ,Toronto,1757612610,1757625146,2025-09-11T17:43:30+00:00,2025-09-11T21:12:26+00:00,2025-09-11,2025-09-11,12536
c00bf7,WEN3317,CYYC,YYC,Calgary,CYEG,YEG,Edmonton,1757609748,1757611774,2025-09-11T16:55:48+00:00,2025-09-11T17:29:34+00:00,2025-09-11,2025-09-11,2026
c05bd6,ACA142,CYYC,YYC,Calgary,CYYZ,YYZ,Toronto,1757608826,1757621279,2025-09-11T16:40:26+00:00,2025-09-11T20:07:59+00:00,2025-09-11,2025-09-11,12453
c082f1,SDE8O0,CYYC,YYC,Calgary,CYEG,YEG,Edmonton,1757608706,1757610695,2025-09-11T16:38:26+00:00,2025-09-11T17:11:35+00:00,2025-09-11,2025-09-11,1989
c00ce8,MAL8941,CYYC,YYC,Calgary,CYVR,YVR,Vancouver,1757608534,1757617491,2025-09-11T16:35:34+00:00,2025-09-11T19:04:51+00:00,2025-09-11,2025-09-11,8957
c004ea,WJA212,CYYC,YYC,Calgary,CYUL,YUL,Montreal,1757608392,1757621819,2025-09-11T16:33:12+00:00,2025-09-11T20:16:59+00:00,2025-09-11,2025-09-11,13427
c00899,ACA209,CYYC,YYC,Calgary,CYVR,YVR,Vancouver,1757608063,1757611548,2025-09-11T16:27:43+00:00,2025-09-11T17:25:48+00:00,2025-09-11,2025-09-11,3485
c00734,WJA109,CYYC,YYC,Calgary,CYVR,YVR,Vancouver,1757607152,1757610775,2025-09-11T16:12:32+00:00,2025-09-11T17:12:55+00:00,2025-09-11,2025-09-11,3623
c043cb,WJA658,CYYC,YYC,Calgary,CYYZ,YYZ,Toronto,1757607092,1757619625,2025-09-11T16:11:32+00:00,2025-09-11T19:40:25+00:00,2025-09-11,2025-09-11,12533
c012ba,CJT918,CYYC,YYC,Calgary,CYEG,YEG,Edmonton,1757606643,1757608277,2025-09-11T16:04:03+00:00,2025-09-11T16:31:17+00:00,2025-09-11,2025-09-11,1634
c050a0,WEN3173,CYYC,YYC,Calgary,CYVR,YVR,Vancouver,1757605455,1757619718,2025-09-11T15:44:15+00:00,2025-09-11T19:41:58+00:00,2025-09-11,2025-09-11,14263
c05214,,CYYC,YYC,Calgary,CYEG,YEG,Edmonton,1757604060,1757606412,2025-09-11T15:21:00+00:00,2025-09-11T16:00:12+00:00,2025-09-11,2025-09-11,2352
c07ee6,WJA656,CYYC,YYC,Calgary,CYYZ,YYZ,Toronto,1757603431,1757615453,2025-09-11T15:10:31+00:00,2025-09-11T18:30:53+00:00,2025-09-11,2025-09-11,12022
c07ee8,WJA107,CYYC,YYC,Calgary,CYVR,YVR,Vancouver,1757603379,1757607051,2025-09-11T15:09:39+00:00,2025-09-11T16:10:51+00:00,2025-09-11,2025-09-11,3672
c03064,ACA205,CYYC,YYC,Calgary,CYVR,YVR,Vancouver,1757602451,1757606362,2025-09-11T14:54:11+00:00,2025-09-11T15:59:22+00:00,2025-09-11,2025-09-11,3911
c0637e,CGLRP,CYYC,YYC,Calgary,CYUL,YUL,Montreal,1757602101,1757615661,2025-09-11T14:48:21+00:00,2025-09-11T18:34:21+00:00,2025-09-11,2025-09-11,13560
c010ec,ACA136,CYYC,YYC,Calgary,CYYZ,YYZ,Toronto,1757599753,1757611720,2025-09-11T14:09:13+00:00,2025-09-11T17:28:40+00:00,2025-09-11,2025-09-11,11967
c07ee0,WJA654,CYYC,YYC,Calgary,CYYZ,YYZ,Toronto,1757599597,1757612007,2025-09-11T14:06:37+00:00,2025-09-11T17:33:27+00:00,2025-09-11,2025-09-11,12410
c060c5,POE352,CYYC,YYC,Calgary,CYYZ,YYZ,Toronto,1757597553,1757609779,2025-09-11T13:32:33+00:00,2025-09-11T16:56:19+00:00,2025-09-11,2025-09-11,12226
c02cfc,WJA103,CYYC,YYC,Calgary,CYVR,YVR,Vancouver,1757596664,1757600487,2025-09-11T13:17:44+00:00,2025-09-11T14:21:27+00:00,2025-09-11,2025-09-11,3823
c05eb1,ACA134,CYYC,YYC,Calgary,CYYZ,YYZ,Toronto,1757596263,1757608466,2025-09-11T13:11:03+00:00,2025-09-11T16:34:26+00:00,2025-09-11,2025-09-11,12203
c06e85,WEN3395,CYYC,YYC,Calgary,CYEG,YEG,Edmonton,1757596026,1757598038,2025-09-11T13:07:06+00:00,2025-09-11T13:40:38+00:00,2025-09-11,2025-09-11,2012
c030eb,ACA203,CYYC,YYC,Calgary,CYVR,YVR,Vancouver,1757595923,1757599498,2025-09-11T13:05:23+00:00,2025-09-11T14:04:58+00:00,2025-09-11,2025-09-11,3575
c0314c,SUT8301,CYYC,YYC,Calgary,CYVR,YVR,Vancouver,1757595375,1757599330,2025-09-11T12:56:15+00:00,2025-09-11T14:02:10+00:00,2025-09-11,2025-09-11,3955
c078cf,CGTTM,CYYC,YYC,Calgary,CYVR,YVR,Vancouver,1757594923,1757604955,2025-09-11T12:48:43+00:00,2025-09-11T15:35:55+00:00,2025-09-11,2025-09-11,10032
c00741,WJA650,CYYC,YYC,Calgary,CYYZ,YYZ,Toronto,1757593807,1757605907,2025-09-11T12:30:07+00:00,2025-09-11T15:51:47+00:00,2025-09-11,2025-09-11,12100
c07686,CNK11,CYYC,YYC,Calgary,CYVR,YVR,Vancouver,1757593595,1757599154,2025-09-11T12:26:35+00:00,2025-09-11T13:59:14+00:00,2025-09-11,2025-09-11,5559
c02fd5,ACA201,CYYC,YYC,Calgary,CYVR,YVR,Vancouver,1757593276,1757596937,2025-09-11T12:21:16+00:00,2025-09-11T13:22:17+00:00,2025-09-11,2025-09-11,3661
c05007,ACA318,CYYC,YYC,Calgary,CYUL,YUL,Montreal,1757592795,1757605766,2025-09-11T12:13:15+00:00,2025-09-11T15:49:26+00:00,2025-09-11,2025-09-11,12971
c02039,MAL7051,CYYC,YYC,Calgary,CYVR,YVR,Vancouver,1757585523,1757589008,2025-09-11T10:12:03+00:00,2025-09-11T11:10:08+00:00,2025-09-11,2025-09-11,3485
c02de7,SUT8395,CYYC,YYC,Calgary,CYEG,YEG,Edmonton,1757579144,1757580884,2025-09-11T08:25:44+00:00,2025-09-11T08:54:44+00:00,2025-09-11,2025-09-11,1740
c06a39,ACA316,CYYC,YYC,Calgary,CYUL,YUL,Montreal,1757575510,1757588792,2025-09-11T07:25:10+00:00,2025-09-11T11:06:32+00:00,2025-09-11,2025-09-11,13282
c07eda,WJA646,CYYC,YYC,Calgary,CYYZ,YYZ,Toronto,1757574873,1757588157,2025-09-11T07:14:33+00:00,2025-09-11T10:55:57+00:00,2025-09-11,2025-09-11,13284
c01d7e,FLE628,CYYC,YYC,Calgary,CYYZ,YYZ,Toronto,1757574695,1757587288,2025-09-11T07:11:35+00:00,2025-09-11T10:41:28+00:00,2025-09-11,2025-09-11,12593
c05004,ACA156,CYYC,YYC,Calgary,CYYZ,YYZ,Toronto,1757572339,1757584438,2025-09-11T06:32:19+00:00,2025-09-11T09:53:58+00:00,2025-09-11,2025-09-11,12099
c03c05,WJA652,CYYC,YYC,Calgary,CYYZ,YYZ,Toronto,1757571721,1757584162,2025-09-11T06:22:01+00:00,2025-09-11T09:49:22+00:00,2025-09-11,2025-09-11,12441
c07b09,ACA154,CYYC,YYC,Calgary,CYYZ,YYZ,Toronto,1757570840,1757583352,2025-09-11T06:07:20+00:00,2025-09-11T09:35:52+00:00,2025-09-11,2025-09-11,12512
c05d9d,WJA135,CYYC,YYC,Calgary,CYVR,YVR,Vancouver,1757569483,1757573176,2025-09-11T05:44:43+00:00,2025-09-11T06:46:16+00:00,2025-09-11,2025-09-11,3693
c080e0,WJA133,CYYC,YYC,Calgary,CYVR,YVR,Vancouver,1757565421,1757569068,2025-09-11T04:37:01+00:00,2025-09-11T05:37:48+00:00,2025-09-11,2025-09-11,3647
c01fb9,MAL7062,CYYC,YYC,Calgary,CYYZ,YYZ,Toronto,1757564911,1757576842,2025-09-11T04:28:31+00:00,2025-09-11T07:47:22+00:00,2025-09-11,2025-09-11,11931
c0473b,CJT2385,CYYC,YYC,Calgary,CYVR,YVR,Vancouver,1757563995,1757567420,2025-09-11T04:13:15+00:00,2025-09-11T05:10:20+00:00,2025-09-11,2025-09-11,3425
c03517,WJA131,CYYC,YYC,Calgary,CYVR,YVR,Vancouver,1757562874,1757566398,2025-09-11T03:54:34+00:00,2025-09-11T04:53:18+00:00,2025-09-11,2025-09-11,3524
c00899,ACA227,CYYC,YYC,Calgary,CYVR,YVR,Vancouver,1757560501,1757564171,2025-09-11T03:15:01+00:00,2025-09-11T04:16:11+00:00,2025-09-11,2025-09-11,3670
c045f1,WJA129,CYYC,YYC,Calgary,CYVR,YVR,Vancouver,1757556925,1757560559,2025-09-11T02:15:25+00:00,2025-09-11T03:15:59+00:00,2025-09-11,2025-09-11,3634
c069d8,WJA127,CYYC,YYC,Calgary,CYVR,YVR,Vancouver,1757553124,1757556689,2025-09-11T01:12:04+00:00,2025-09-11T02:11:29+00:00,2025-09-11,2025-09-11,3565
c010e4,ACA158,CYYC,YYC,Calgary,CYYZ,YYZ,Toronto,1757552465,1757564725,2025-09-11T01:01:05+00:00,2025-09-11T04:25:25+00:00,2025-09-11,2025-09-11,12260
c004f3,WJA214,CYYC,YYC,Calgary,CYUL,YUL,Montreal,1757552109,1757565401,2025-09-11T00:55:09+00:00,2025-09-11T04:36:41+00:00,2025-09-11,2025-09-11,13292
c05bd6,ACA152,CYYC,YYC,Calgary,CYYZ,YYZ,Toronto,1757551456,1757563572,2025-09-11T00:44:16+00:00,2025-09-11T04:06:12+00:00,2025-09-11,2025-09-11,12116
c007d0,ACA223,CYYC,YYC,Calgary,CYVR,YVR,Vancouver,1757551323,1757555050,2025-09-11T00:42:03+00:00,2025-09-11T01:44:10+00:00,2025-09-11,2025-09-11,3727
c080a2,WJA676,CYYC,YYC,Calgary,CYYZ,YYZ,Toronto,1757551041,1757563321,2025-09-11T00:37:21+00:00,2025-09-11T04:02:01+00:00,2025-09-11,2025-09-11,12280
c0534e,FLE626,CYYC,YYC,Calgary,CYYZ,YYZ,Toronto,1757550448,1757563075,2025-09-11T00:27:28+00:00,2025-09-11T03:57:55+00:00,2025-09-11,2025-09-11,12627
c02f21,WJA125,CYYC,YYC,Calgary,CYVR,YVR,Vancouver,1757549426,1757553055,2025-09-11T00:10:26+00:00,2025-09-11T01:10:55+00:00,2025-09-11,2025-09-11,3629
c063c2,CWA922,CYEG,YEG,Edmonton,CYYC,YYC,Calgary,1757576715,1757579037,2025-09-11T07:45:15+00:00,2025-09-11T08:23:57+00:00,2025-09-11,2025-09-11,2322
c052d5,WJA418,CYEG,YEG,Edmonton,CYYZ,YYZ,Toronto,1757571106,1757583567,2025-09-11T06:11:46+00:00,2025-09-11T09:39:27+00:00,2025-09-11,2025-09-11,12461
c012bd,WJA177,CYEG,YEG,Edmonton,CYVR,YVR,Vancouver,1757563058,1757566886,2025-09-11T03:57:38+00:00,2025-09-11T05:01:26+00:00,2025-09-11,2025-09-11,3828
c048cb,,CYEG,YEG,Edmonton,CYYC,YYC,Calgary,1757561315,1757563887,2025-09-11T03:28:35+00:00,2025-09-11T04:11:27+00:00,2025-09-11,2025-09-11,2572
c00e55,FLE833,CYEG,YEG,Edmonton,CYVR,YVR,Vancouver,1757559971,1757564054,2025-09-11T03:06:11+00:00,2025-09-11T04:14:14+00:00,2025-09-11,2025-09-11,4083
c07fb0,WJA240,CYEG,YEG,Edmonton,CYYC,YYC,Calgary,1757559360,1757561331,2025-09-11T02:56:00+00:00,2025-09-11T03:28:51+00:00,2025-09-11,2025-09-11,1971
c08497,ACA176,CYEG,YEG,Edmonton,CYYZ,YYZ,Toronto,1757558957,1757571235,2025-09-11T02:49:17+00:00,2025-09-11T06:13:55+00:00,2025-09-11,2025-09-11,12278
c00700,ACA245,CYEG,YEG,Edmonton,CYVR,YVR,Vancouver,1757553297,1757557364,2025-09-11T01:14:57+00:00,2025-09-11T02:22:44+00:00,2025-09-11,2025-09-11,4067
c078bf,WJA438,CYEG,YEG,Edmonton,CYYZ,YYZ,Toronto,1757551708,1757563949,2025-09-11T00:48:28+00:00,2025-09-11T04:12:29+00:00,2025-09-11,2025-09-11,12241
c080a4,WJA175,CYEG,YEG,Edmonton,CYVR,YVR,Vancouver,1757551120,1757555159,2025-09-11T00:38:40+00:00,2025-09-11T01:45:59+00:00,2025-09-11,2025-09-11,4039
c05214,CNK44,CYEG,YEG,Edmonton,CYYC,YYC,Calgary,1757550976,1757553221,2025-09-11T00:36:16+00:00,2025-09-11T01:13:41+00:00,2025-09-11,2025-09-11,2245
c056c6,WJA316,CYEG,YEG,Edmonton,CYYC,YYC,Calgary,1757550075,1757552006,2025-09-11T00:21:15+00:00,2025-09-11T00:53:26+00:00,2025-09-11,2025-09-11,1931
c0187a,JZA7781,CYEG,YEG,Edmonton,CYVR,YVR,Vancouver,1757548923,1757552818,2025-09-11T00:02:03+00:00,2025-09-11T01:06:58+00:00,2025-09-11,2025-09-11,3895
c05f01,JZA143,CYEG,YEG,Edmonton,CYYC,YYC,Calgary,1757548806,1757550768,2025-09-11T00:00:06+00:00,2025-09-11T00:32:48+00:00,2025-09-11,2025-09-11,1962
c0582b,ACA894,CYYZ,YYZ,Toronto,CYUL,YUL,Montreal,1757626564,1757630062,2025-09-11T21:36:04+00:00,2025-09-11T22:34:22+00:00,2025-09-11,2025-09-11,3498
aa6d47,N771FM,CYYZ,YYZ,Toronto,CYUL,YUL,Montreal,1757623628,1757627020,2025-09-11T20:47:08+00:00,2025-09-11T21:43:40+00:00,2025-09-11,2025-09-11,3392
c060c3,POE125,CYYZ,YYZ,Toronto,CYUL,YUL,Montreal,1757623539,1757627147,2025-09-11T20:45:39+00:00,2025-09-11T21:45:47+00:00,2025-09-11,2025-09-11,3608
c066dd,ACA488,CYYZ,YYZ,Toronto,CYUL,YUL,Montreal,1757622841,1757626395,2025-09-11T20:34:01+00:00,2025-09-11T21:33:15+00:00,2025-09-11,2025-09-11,3554
c0440e,ACA418,CYYZ,YYZ,Toronto,CYUL,YUL,Montreal,1757622548,1757626128,2025-09-11T20:29:08+00:00,2025-09-11T21:28:48+00:00,2025-09-11,2025-09-11,3580
c06a7b,TSC441,CYYZ,YYZ,Toronto,CYUL,YUL,Montreal,1757621193,1757625309,2025-09-11T20:06:33+00:00,2025-09-11T21:15:09+00:00,2025-09-11,2025-09-11,4116
c07c7b,ACA416,CYYZ,YYZ,Toronto,CYUL,YUL,Montreal,1757618523,1757621718,2025-09-11T19:22:03+00:00,2025-09-11T20:15:18+00:00,2025-09-11,2025-09-11,3195
c023aa,ACA414,CYYZ,YYZ,Toronto,CYUL,YUL,Montreal,1757613783,1757617497,2025-09-11T18:03:03+00:00,2025-09-11T19:04:57+00:00,2025-09-11,2025-09-11,3714
c03bf2,WJA715,CYYZ,YYZ,Toronto,CYVR,YVR,Vancouver,1757613613,1757630309,2025-09-11T18:00:13+00:00,2025-09-11T22:38:29+00:00,2025-09-11,2025-09-11,16696
c01e13,FLE613,CYYZ,YYZ,Toronto,CYVR,YVR,Vancouver,1757613365,1757630653,2025-09-11T17:56:05+00:00,2025-09-11T22:44:13+00:00,2025-09-11,2025-09-11,17288
c06ce4,CGPGD,CYYZ,YYZ,Toronto,CYUL,YUL,Montreal,1757612880,1757615859,2025-09-11T17:48:00+00:00,2025-09-11T18:37:39+00:00,2025-09-11,2025-09-11,2979
c06189,POE405,CYYZ,YYZ,Toronto,CYEG,YEG,Edmonton,1757612054,1757626162,2025-09-11T17:34:14+00:00,2025-09-11T21:29:22+00:00,2025-09-11,2025-09-11,14108
c06175,POE307,CYYZ,YYZ,Toronto,CYVR,YVR,Vancouver,1757611867,1757628575,2025-09-11T17:31:07+00:00,2025-09-11T22:09:35+00:00,2025-09-11,2025-09-11,16708
c050c0,ACA143,CYYZ,YYZ,Toronto,CYYC,YYC,Calgary,1757611772,1757625539,2025-09-11T17:29:32+00:00,2025-09-11T21:18:59+00:00,2025-09-11,2025-09-11,13767
c060c7,POE357,CYYZ,YYZ,Toronto,CYYC,YYC,Calgary,1757611686,1757626004,2025-09-11T17:28:06+00:00,2025-09-11T21:26:44+00:00,2025-09-11,2025-09-11,14318
c080ae,WJA661,CYYZ,YYZ,Toronto,CYYC,YYC,Calgary,1757611441,1757625797,2025-09-11T17:24:01+00:00,2025-09-11T21:23:17+00:00,2025-09-11,2025-09-11,14356
c07b05,ACA412,CYYZ,YYZ,Toronto,CYUL,YUL,Montreal,1757610499,1757614165,2025-09-11T17:08:19+00:00,2025-09-11T18:09:25+00:00,2025-09-11,2025-09-11,3666
c05bd2,ACA113,CYYZ,YYZ,Toronto,CYVR,YVR,Vancouver,1757609957,1757626840,2025-09-11T16:59:17+00:00,2025-09-11T21:40:40+00:00,2025-09-11,2025-09-11,16883
c08862,POE111,CYYZ,YYZ,Toronto,CYUL,YUL,Montreal,1757609912,1757613596,2025-09-11T16:58:32+00:00,2025-09-11T17:59:56+00:00,2025-09-11,2025-09-11,3684
c07c7a,ACA141,CYYZ,YYZ,Toronto,CYYC,YYC,Calgary,1757607961,1757621891,2025-09-11T16:26:01+00:00,2025-09-11T20:18:11+00:00,2025-09-11,2025-09-11,13930
c03068,ACA111,CYYZ,YYZ,Toronto,CYVR,YVR,Vancouver,1757607370,1757624305,2025-09-11T16:16:10+00:00,2025-09-11T20:58:25+00:00,2025-09-11,2025-09-11,16935
c03488,WJA425,CYYZ,YYZ,Toronto,CYEG,YEG,Edmonton,1757607272,1757621128,2025-09-11T16:14:32+00:00,2025-09-11T20:05:28+00:00,2025-09-11,2025-09-11,13856
c035f8,WJA711,CYYZ,YYZ,Toronto,CYVR,YVR,Vancouver,1757607219,1757623378,2025-09-11T16:13:39+00:00,2025-09-11T20:42:58+00:00,2025-09-11,2025-09-11,16159
c07b0a,ACA410,CYYZ,YYZ,Toronto,CYUL,YUL,Montreal,1757606820,1757610172,2025-09-11T16:07:00+00:00,2025-09-11T17:02:52+00:00,2025-09-11,2025-09-11,3352
c010ea,ACA117,CYYZ,YYZ,Toronto,CYVR,YVR,Vancouver,1757603552,1757620316,2025-09-11T15:12:32+00:00,2025-09-11T19:51:56+00:00,2025-09-11,2025-09-11,16764
c04688,ASP816,CYYZ,YYZ,Toronto,CYUL,YUL,Montreal,1757603442,1757606259,2025-09-11T15:10:42+00:00,2025-09-11T15:57:39+00:00,2025-09-11,2025-09-11,2817
c02ee9,ACA408,CYYZ,YYZ,Toronto,CYUL,YUL,Montreal,1757603340,1757606445,2025-09-11T15:09:00+00:00,2025-09-11T16:00:45+00:00,2025-09-11,2025-09-11,3105
c03c05,WJA657,CYYZ,YYZ,Toronto,CYYC,YYC,Calgary,1757603081,1757616993,2025-09-11T15:04:41+00:00,2025-09-11T18:56:33+00:00,2025-09-11,2025-09-11,13912
c07b09,ACA167,CYYZ,YYZ,Toronto,CYEG,YEG,Edmonton,1757602012,1757616386,2025-09-11T14:46:52+00:00,2025-09-11T18:46:26+00:00,2025-09-11,2025-09-11,14374
c08853,305,CYYZ,YYZ,Toronto,CYVR,YVR,Vancouver,1757601333,1757618425,2025-09-11T14:35:33+00:00,2025-09-11T19:20:25+00:00,2025-09-11,2025-09-11,17092
c066fb,ACA137,CYYZ,YYZ,Toronto,CYYC,YYC,Calgary,1757601136,1757614854,2025-09-11T14:32:16+00:00,2025-09-11T18:20:54+00:00,2025-09-11,2025-09-11,13718
c00da8,FLE637,CYYZ,YYZ,Toronto,CYEG,YEG,Edmonton,1757601096,1757615417,2025-09-11T14:31:36+00:00,2025-09-11T18:30:17+00:00,2025-09-11,2025-09-11,14321
c01f28,FLE625,CYYZ,YYZ,Toronto,CYYC,YYC,Calgary,1757600441,1757614721,2025-09-11T14:20:41+00:00,2025-09-11T18:18:41+00:00,2025-09-11,2025-09-11,14280
c035cc,WJA655,CYYZ,YYZ,Toronto,CYYC,YYC,Calgary,1757599641,1757613498,2025-09-11T14:07:21+00:00,2025-09-11T17:58:18+00:00,2025-09-11,2025-09-11,13857
c05eac,ACA109,CYYZ,YYZ,Toronto,CYVR,YVR,Vancouver,1757599573,1757616746,2025-09-11T14:06:13+00:00,2025-09-11T18:52:26+00:00,2025-09-11,2025-09-11,17173
c07eda,WJA707,CYYZ,YYZ,Toronto,CYVR,YVR,Vancouver,1757599030,1757616118,2025-09-11T13:57:10+00:00,2025-09-11T18:41:58+00:00,2025-09-11,2025-09-11,17088
c00e55,FLE609,CYYZ,YYZ,Toronto,CYVR,YVR,Vancouver,1757598962,1757615605,2025-09-11T13:56:02+00:00,2025-09-11T18:33:25+00:00,2025-09-11,2025-09-11,16643
c059df,PHX395,CYYZ,YYZ,Toronto,CYUL,YUL,Montreal,1757597526,1757600488,2025-09-11T13:32:06+00:00,2025-09-11T14:21:28+00:00,2025-09-11,2025-09-11,2962
c060ca,POE353,CYYZ,YYZ,Toronto,CYYC,YYC,Calgary,1757597349,1757611013,2025-09-11T13:29:09+00:00,2025-09-11T17:16:53+00:00,2025-09-11,2025-09-11,13664
c06177,POE403,CYYZ,YYZ,Toronto,CYEG,YEG,Edmonton,1757596743,1757610583,2025-09-11T13:19:03+00:00,2025-09-11T17:09:43+00:00,2025-09-11,2025-09-11,13840
c05bcb,ACA135,CYYZ,YYZ,Toronto,CYYC,YYC,Calgary,1757596274,1757610017,2025-09-11T13:11:14+00:00,2025-09-11T17:00:17+00:00,2025-09-11,2025-09-11,13743
c07fb1,WJA421,CYYZ,YYZ,Toronto,CYEG,YEG,Edmonton,1757596128,1757610325,2025-09-11T13:08:48+00:00,2025-09-11T17:05:25+00:00,2025-09-11,2025-09-11,14197
c05ebb,WJA651,CYYZ,YYZ,Toronto,CYYC,YYC,Calgary,1757596081,1757609923,2025-09-11T13:08:01+00:00,2025-09-11T16:58:43+00:00,2025-09-11,2025-09-11,13842
c066f0,ACA404,CYYZ,YYZ,Toronto,CYUL,YUL,Montreal,1757595577,1757599163,2025-09-11T12:59:37+00:00,2025-09-11T13:59:23+00:00,2025-09-11,2025-09-11,3586
c0307a,ACA183,CYYZ,YYZ,Toronto,CYVR,YVR,Vancouver,1757595552,1757612272,2025-09-11T12:59:12+00:00,2025-09-11T17:37:52+00:00,2025-09-11,2025-09-11,16720
c01e28,ACA105,CYYZ,YYZ,Toronto,CYVR,YVR,Vancouver,1757593651,1757610261,2025-09-11T12:27:31+00:00,2025-09-11T17:04:21+00:00,2025-09-11,2025-09-11,16610
c060bc,POE303,CYYZ,YYZ,Toronto,CYVR,YVR,Vancouver,1757593597,1757610085,2025-09-11T12:26:37+00:00,2025-09-11T17:01:25+00:00,2025-09-11,2025-09-11,16488
c05eb7,ACA189,CYYZ,YYZ,Toronto,CYVR,YVR,Vancouver,1757593413,1757609474,2025-09-11T12:23:33+00:00,2025-09-11T16:51:14+00:00,2025-09-11,2025-09-11,16061
c019eb,WJA703,CYYZ,YYZ,Toronto,CYVR,YVR,Vancouver,1757593029,1757609873,2025-09-11T12:17:09+00:00,2025-09-11T16:57:53+00:00,2025-09-11,2025-09-11,16844
c084a3,ACA165,CYYZ,YYZ,Toronto,CYEG,YEG,Edmonton,1757592926,1757606542,2025-09-11T12:15:26+00:00,2025-09-11T16:02:22+00:00,2025-09-11,2025-09-11,13616
c050c0,ACA402,CYYZ,YYZ,Toronto,CYUL,YUL,Montreal,1757592531,1757595837,2025-09-11T12:08:51+00:00,2025-09-11T13:03:57+00:00,2025-09-11,2025-09-11,3306
c083aa,WJA649,CYYZ,YYZ,Toronto,CYYC,YYC,Calgary,1757592311,1757606217,2025-09-11T12:05:11+00:00,2025-09-11T15:56:57+00:00,2025-09-11,2025-09-11,13906
c01dcb,FLE601,CYYZ,YYZ,Toronto,CYVR,YVR,Vancouver,1757590803,1757607591,2025-09-11T11:40:03+00:00,2025-09-11T16:19:51+00:00,2025-09-11,2025-09-11,16788
c05bd6,ACA133,CYYZ,YYZ,Toronto,CYYC,YYC,Calgary,1757589210,1757603369,2025-09-11T11:13:30+00:00,2025-09-11T15:09:29+00:00,2025-09-11,2025-09-11,14159
c05ea6,ACA101,CYYZ,YYZ,Toronto,CYVR,YVR,Vancouver,1757588897,1757605246,2025-09-11T11:08:17+00:00,2025-09-11T15:40:46+00:00,2025-09-11,2025-09-11,16349
c07b0a,ACA400,CYYZ,YYZ,Toronto,CYUL,YUL,Montreal,1757588444,1757591874,2025-09-11T11:00:44+00:00,2025-09-11T11:57:54+00:00,2025-09-11,2025-09-11,3430
c052d5,WJA419,CYYZ,YYZ,Toronto,CYEG,YEG,Edmonton,1757587716,1757602542,2025-09-11T10:48:36+00:00,2025-09-11T14:55:42+00:00,2025-09-11,2025-09-11,14826
c043cb,WJA653,CYYZ,YYZ,Toronto,CYYC,YYC,Calgary,1757586978,1757601824,2025-09-11T10:36:18+00:00,2025-09-11T14:43:44+00:00,2025-09-11,2025-09-11,14846
c07ee4,WJA701,CYYZ,YYZ,Toronto,CYVR,YVR,Vancouver,1757586432,1757603909,2025-09-11T10:27:12+00:00,2025-09-11T15:18:29+00:00,2025-09-11,2025-09-11,17477
c08497,ACA161,CYYZ,YYZ,Toronto,CYEG,YEG,Edmonton,1757586060,1757600800,2025-09-11T10:21:00+00:00,2025-09-11T14:26:40+00:00,2025-09-11,2025-09-11,14740
c0192e,ACA181,CYYZ,YYZ,Toronto,CYVR,YVR,Vancouver,1757585970,1757602427,2025-09-11T10:19:30+00:00,2025-09-11T14:53:47+00:00,2025-09-11,2025-09-11,16457
c030f7,ACA480,CYYZ,YYZ,Toronto,CYUL,YUL,Montreal,1757585790,1757589888,2025-09-11T10:16:30+00:00,2025-09-11T11:24:48+00:00,2025-09-11,2025-09-11,4098
c02039,MAL7051,CYYZ,YYZ,Toronto,CYYC,YYC,Calgary,1757567215,1757580236,2025-09-11T05:06:55+00:00,2025-09-11T08:43:56+00:00,2025-09-11,2025-09-11,13021
c01a5c,JZA7774,CYYZ,YYZ,Toronto,CYUL,YUL,Montreal,1757564811,1757567818,2025-09-11T04:26:51+00:00,2025-09-11T05:16:58+00:00,2025-09-11,2025-09-11,3007
c066f0,ACA432,CYYZ,YYZ,Toronto,CYUL,YUL,Montreal,1757561708,1757564896,2025-09-11T03:35:08+00:00,2025-09-11T04:28:16+00:00,2025-09-11,2025-09-11,3188
c030eb,ACA159,CYYZ,YYZ,Toronto,CYYC,YYC,Calgary,1757560311,1757573669,2025-09-11T03:11:51+00:00,2025-09-11T06:54:29+00:00,2025-09-11,2025-09-11,13358
c004e9,WJA598,CYYZ,YYZ,Toronto,CYUL,YUL,Montreal,1757559811,1757563468,2025-09-11T03:03:31+00:00,2025-09-11T04:04:28+00:00,2025-09-11,2025-09-11,3657
c06177,POE135,CYYZ,YYZ,Toronto,CYUL,YUL,Montreal,1757559580,1757563196,2025-09-11T02:59:40+00:00,2025-09-11T03:59:56+00:00,2025-09-11,2025-09-11,3616
c080ac,WJA731,CYYZ,YYZ,Toronto,CYVR,YVR,Vancouver,1757558200,1757574674,2025-09-11T02:36:40+00:00,2025-09-11T07:11:14+00:00,2025-09-11,2025-09-11,16474
c046f7,WJA679,CYYZ,YYZ,Toronto,CYYC,YYC,Calgary,1757557964,1757571596,2025-09-11T02:32:44+00:00,2025-09-11T06:19:56+00:00,2025-09-11,2025-09-11,13632
c01d7e,FLE629,CYYZ,YYZ,Toronto,CYYC,YYC,Calgary,1757556933,1757570338,2025-09-11T02:15:33+00:00,2025-09-11T05:58:58+00:00,2025-09-11,2025-09-11,13405
c00ae5,SYB668,CYYZ,YYZ,Toronto,CYUL,YUL,Montreal,1757555751,1757558864,2025-09-11T01:55:51+00:00,2025-09-11T02:47:44+00:00,2025-09-11,2025-09-11,3113
c05bcb,ACA129,CYYZ,YYZ,Toronto,CYVR,YVR,Vancouver,1757554602,1757570866,2025-09-11T01:36:42+00:00,2025-09-11T06:07:46+00:00,2025-09-11,2025-09-11,16264
c010cb,ACA157,CYYZ,YYZ,Toronto,CYYC,YYC,Calgary,1757554283,1757567866,2025-09-11T01:31:23+00:00,2025-09-11T05:17:46+00:00,2025-09-11,2025-09-11,13583
c0541c,SYB826,CYYZ,YYZ,Toronto,CYVR,YVR,Vancouver,1757553280,1757569802,2025-09-11T01:14:40+00:00,2025-09-11T05:50:02+00:00,2025-09-11,2025-09-11,16522
c05f93,ROU7101,CYYZ,YYZ,Toronto,CYUL,YUL,Montreal,1757551730,1757555093,2025-09-11T00:48:50+00:00,2025-09-11T01:44:53+00:00,2025-09-11,2025-09-11,3363
c05edb,ACA426,CYYZ,YYZ,Toronto,CYUL,YUL,Montreal,1757550014,1757553526,2025-09-11T00:20:14+00:00,2025-09-11T01:18:46+00:00,2025-09-11,2025-09-11,3512
c03f85,WJA675,CYYZ,YYZ,Toronto,CYYC,YYC,Calgary,1757549542,1757563193,2025-09-11T00:12:22+00:00,2025-09-11T03:59:53+00:00,2025-09-11,2025-09-11,13651
c08863,POE129,CYYZ,YYZ,Toronto,CYUL,YUL,Montreal,1757549381,1757553169,2025-09-11T00:09:41+00:00,2025-09-11T01:12:49+00:00,2025-09-11,2025-09-11,3788
c05eac,ACA127,CYYZ,YYZ,Toronto,CYVR,YVR,Vancouver,1757549306,1757565520,2025-09-11T00:08:26+00:00,2025-09-11T04:38:40+00:00,2025-09-11,2025-09-11,16214
c05ee5,ACA424,CYYZ,YYZ,Toronto,CYUL,YUL,Montreal,1757548848,1757552428,2025-09-11T00:00:48+00:00,2025-09-11T01:00:28+00:00,2025-09-11,2025-09-11,3580
c04688,ASP816,CYUL,YUL,Montreal,CYYZ,YYZ,Toronto,1757628540,1757631464,2025-09-11T22:09:00+00:00,2025-09-11T22:57:44+00:00,2025-09-11,2025-09-11,2924
c07c7b,ACA421,CYUL,YUL,Montreal,CYYZ,YYZ,Toronto,1757626981,1757630295,2025-09-11T21:43:01+00:00,2025-09-11T22:38:15+00:00,2025-09-11,2025-09-11,3314
c0584f,ACA895,CYUL,YUL,Montreal,CYYZ,YYZ,Toronto,1757623360,1757626583,2025-09-11T20:42:40+00:00,2025-09-11T21:36:23+00:00,2025-09-11,2025-09-11,3223
c07b05,ACA489,CYUL,YUL,Montreal,CYYZ,YYZ,Toronto,1757621947,1757625178,2025-09-11T20:19:07+00:00,2025-09-11T21:12:58+00:00,2025-09-11,2025-09-11,3231
c06a88,TSC440,CYUL,YUL,Montreal,CYYZ,YYZ,Toronto,1757621101,1757624373,2025-09-11T20:05:01+00:00,2025-09-11T20:59:33+00:00,2025-09-11,2025-09-11,3272
c08862,POE120,CYUL,YUL,Montreal,CYYZ,YYZ,Toronto,1757618912,1757622239,2025-09-11T19:28:32+00:00,2025-09-11T20:23:59+00:00,2025-09-11,2025-09-11,3327
a50757,LXJ423,CYUL,YUL,Montreal,CYYZ,YYZ,Toronto,1757617396,1757620540,2025-09-11T19:03:16+00:00,2025-09-11T19:55:40+00:00,2025-09-11,2025-09-11,3144
c02ee9,ACA483,CYUL,YUL,Montreal,CYYZ,YYZ,Toronto,1757617142,1757620207,2025-09-11T18:59:02+00:00,2025-09-11T19:50:07+00:00,2025-09-11,2025-09-11,3065
c025a8,HRT878,CYUL,YUL,Montreal,CYYZ,YYZ,Toronto,1757616932,1757620137,2025-09-11T18:55:32+00:00,2025-09-11T19:48:57+00:00,2025-09-11,2025-09-11,3205
c03003,ACA413,CYUL,YUL,Montreal,CYYZ,YYZ,Toronto,1757614952,1757618690,2025-09-11T18:22:32+00:00,2025-09-11T19:24:50+00:00,2025-09-11,2025-09-11,3738
c07b0a,ACA415,CYUL,YUL,Montreal,CYYZ,YYZ,Toronto,1757614833,1757618127,2025-09-11T18:20:33+00:00,2025-09-11T19:15:27+00:00,2025-09-11,2025-09-11,3294
c05007,ACA335,CYUL,YUL,Montreal,CYEG,YEG,Edmonton,1757613048,1757627810,2025-09-11T17:50:48+00:00,2025-09-11T21:56:50+00:00,2025-09-11,2025-09-11,14762
c00b35,ACA323,CYUL,YUL,Montreal,CYYC,YYC,Calgary,1757612460,1757626393,2025-09-11T17:41:00+00:00,2025-09-11T21:33:13+00:00,2025-09-11,2025-09-11,13933
c059df,PHX395,CYUL,YUL,Montreal,CYYZ,YYZ,Toronto,1757612393,1757615608,2025-09-11T17:39:53+00:00,2025-09-11T18:33:28+00:00,2025-09-11,2025-09-11,3215
c05ec7,ACA305,CYUL,YUL,Montreal,CYVR,YVR,Vancouver,1757611890,1757629492,2025-09-11T17:31:30+00:00,2025-09-11T22:24:52+00:00,2025-09-11,2025-09-11,17602
c066f0,ACA409,CYUL,YUL,Montreal,CYYZ,YYZ,Toronto,1757603959,1757607169,2025-09-11T15:19:19+00:00,2025-09-11T16:12:49+00:00,2025-09-11,2025-09-11,3210
c050c0,ACA407,CYUL,YUL,Montreal,CYYZ,YYZ,Toronto,1757600851,1757604533,2025-09-11T14:27:31+00:00,2025-09-11T15:28:53+00:00,2025-09-11,2025-09-11,3682
c08863,POE112,CYUL,YUL,Montreal,CYYZ,YYZ,Toronto,1757599358,1757602679,2025-09-11T14:02:38+00:00,2025-09-11T14:57:59+00:00,2025-09-11,2025-09-11,3321
c06709,ACA7059,CYUL,YUL,Montreal,CYYZ,YYZ,Toronto,1757598083,1757601837,2025-09-11T13:41:23+00:00,2025-09-11T14:43:57+00:00,2025-09-11,2025-09-11,3754
c038c8,ACA303,CYUL,YUL,Montreal,CYVR,YVR,Vancouver,1757596699,1757613236,2025-09-11T13:18:19+00:00,2025-09-11T17:53:56+00:00,2025-09-11,2025-09-11,16537
c07b0a,ACA405,CYUL,YUL,Montreal,CYYZ,YYZ,Toronto,1757596539,1757600158,2025-09-11T13:15:39+00:00,2025-09-11T14:15:58+00:00,2025-09-11,2025-09-11,3619
c050c4,ACA321,CYUL,YUL,Montreal,CYYC,YYC,Calgary,1757594440,1757609464,2025-09-11T12:40:40+00:00,2025-09-11T16:51:04+00:00,2025-09-11,2025-09-11,15024
c066fb,ACA403,CYUL,YUL,Montreal,CYYZ,YYZ,Toronto,1757593866,1757597483,2025-09-11T12:31:06+00:00,2025-09-11T13:31:23+00:00,2025-09-11,2025-09-11,3617
c06539,ACA331,CYUL,YUL,Montreal,CYEG,YEG,Edmonton,1757592727,1757607749,2025-09-11T12:12:07+00:00,2025-09-11T16:22:29+00:00,2025-09-11,2025-09-11,15022
c008a9,ACA301,CYUL,YUL,Montreal,CYVR,YVR,Vancouver,1757591384,1757609007,2025-09-11T11:49:44+00:00,2025-09-11T16:43:27+00:00,2025-09-11,2025-09-11,17623
a64a51,N504RP,CYUL,YUL,Montreal,CYYZ,YYZ,Toronto,1757590610,1757593869,2025-09-11T11:36:50+00:00,2025-09-11T12:31:09+00:00,2025-09-11,2025-09-11,3259
c004e9,WJA215,CYUL,YUL,Montreal,CYYC,YYC,Calgary,1757589313,1757605512,2025-09-11T11:15:13+00:00,2025-09-11T15:45:12+00:00,2025-09-11,2025-09-11,16199
c0617c,POE373,CYUL,YUL,Montreal,CYVR,YVR,Vancouver,1757589014,1757607464,2025-09-11T11:10:14+00:00,2025-09-11T16:17:44+00:00,2025-09-11,2025-09-11,18450
c05edf,ACA401,CYUL,YUL,Montreal,CYYZ,YYZ,Toronto,1757588738,1757592509,2025-09-11T11:05:38+00:00,2025-09-11T12:08:29+00:00,2025-09-11,2025-09-11,3771
c06177,POE102,CYUL,YUL,Montreal,CYYZ,YYZ,Toronto,1757588620,1757592268,2025-09-11T11:03:40+00:00,2025-09-11T12:04:28+00:00,2025-09-11,2025-09-11,3648
c004f3,WJA579,CYUL,YUL,Montreal,CYYZ,YYZ,Toronto,1757588511,1757592148,2025-09-11T11:01:51+00:00,2025-09-11T12:02:28+00:00,2025-09-11,2025-09-11,3637
c066f0,ACA481,CYUL,YUL,Montreal,CYYZ,YYZ,Toronto,1757585482,1757589386,2025-09-11T10:11:22+00:00,2025-09-11T11:16:26+00:00,2025-09-11,2025-09-11,3904
c01a5c,JZA7773,CYUL,YUL,Montreal,CYYZ,YYZ,Toronto,1757582072,1757585605,2025-09-11T09:14:32+00:00,2025-09-11T10:13:25+00:00,2025-09-11,2025-09-11,3533
c0440e,ACA429,CYUL,YUL,Montreal,CYYZ,YYZ,Toronto,1757555442,1757558530,2025-09-11T01:50:42+00:00,2025-09-11T02:42:10+00:00,2025-09-11,2025-09-11,3088
c06a39,ACA327,CYUL,YUL,Montreal,CYYC,YYC,Calgary,1757551873,1757566041,2025-09-11T00:51:13+00:00,2025-09-11T04:47:21+00:00,2025-09-11,2025-09-11,14168
c060c3,POE130,CYUL,YUL,Montreal,CYYZ,YYZ,Toronto,1757550766,1757554208,2025-09-11T00:32:46+00:00,2025-09-11T01:30:08+00:00,2025-09-11,2025-09-11,3442
c06080,ACA427,CYUL,YUL,Montreal,CYYZ,YYZ,Toronto,1757550589,1757554068,2025-09-11T00:29:49+00:00,2025-09-11T01:27:48+00:00,2025-09-11,2025-09-11,3479
c051d1,TSC630,CYUL,YUL,Montreal,CYYZ,YYZ,Toronto,1757549786,1757553628,2025-09-11T00:16:26+00:00,2025-09-11T01:20:28+00:00,2025-09-11,2025-09-11,3842
c0885e,POE375,CYUL,YUL,Montreal,CYVR,YVR,Vancouver,1757548804,1757566662,2025-09-11T00:00:04+00:00,2025-09-11T04:57:42+00:00,2025-09-11,2025-09-11,17858
c01c28,WJA116,CYVR,YVR,Vancouver,CYYC,YYC,Calgary,1757713727,1757717649,2025-09-12T21:48:47+00:00,2025-09-12T22:54:09+00:00,2025-09-12,2025-09-12,3922
c05ebb,WJA114,CYVR,YVR,Vancouver,CYYC,YYC,Calgary,1757711493,1757715321,2025-09-12T21:11:33+00:00,2025-09-12T22:15:21+00:00,2025-09-12,2025-09-12,3828
c080e0,WJA168,CYVR,YVR,Vancouver,CYEG,YEG,Edmonton,1757710021,1757714108,2025-09-12T20:47:01+00:00,2025-09-12T21:55:08+00:00,2025-09-12,2025-09-12,4087
c030eb,ACA216,CYVR,YVR,Vancouver,CYYC,YYC,Calgary,1757707705,1757711475,2025-09-12T20:08:25+00:00,2025-09-12T21:11:15+00:00,2025-09-12,2025-09-12,3770
c01e1a,FLE820,CYVR,YVR,Vancouver,CYEG,YEG,Edmonton,1757707096,1757711444,2025-09-12T19:58:16+00:00,2025-09-12T21:10:44+00:00,2025-09-12,2025-09-12,4348
c012bd,WJA112,CYVR,YVR,Vancouver,CYYC,YYC,Calgary,1757706733,1757710600,2025-09-12T19:52:13+00:00,2025-09-12T20:56:40+00:00,2025-09-12,2025-09-12,3867
c00926,WJA166,CYVR,YVR,Vancouver,CYEG,YEG,Edmonton,1757704113,1757708365,2025-09-12T19:08:33+00:00,2025-09-12T20:19:25+00:00,2025-09-12,2025-09-12,4252
c00d51,FLE816,CYVR,YVR,Vancouver,CYYC,YYC,Calgary,1757703873,1757707733,2025-09-12T19:04:33+00:00,2025-09-12T20:08:53+00:00,2025-09-12,2025-09-12,3860
c00700,ACA238,CYVR,YVR,Vancouver,CYEG,YEG,Edmonton,1757703194,1757707224,2025-09-12T18:53:14+00:00,2025-09-12T20:00:24+00:00,2025-09-12,2025-09-12,4030
c05d9d,WJA110,CYVR,YVR,Vancouver,CYYC,YYC,Calgary,1757702943,1757706713,2025-09-12T18:49:03+00:00,2025-09-12T19:51:53+00:00,2025-09-12,2025-09-12,3770
c088fb,WJA710,CYVR,YVR,Vancouver,CYYZ,YYZ,Toronto,1757702323,1757717468,2025-09-12T18:38:43+00:00,2025-09-12T22:51:08+00:00,2025-09-12,2025-09-12,15145
c055c6,JZA394,CYVR,YVR,Vancouver,CYYC,YYC,Calgary,1757702172,1757711152,2025-09-12T18:36:12+00:00,2025-09-12T21:05:52+00:00,2025-09-12,2025-09-12,8980
c060bc,POE374,CYVR,YVR,Vancouver,CYUL,YUL,Montreal,1757701923,1757717724,2025-09-12T18:32:03+00:00,2025-09-12T22:55:24+00:00,2025-09-12,2025-09-12,15801
c06c94,CNK678,CYVR,YVR,Vancouver,CYYC,YYC,Calgary,1757701624,1757705475,2025-09-12T18:27:04+00:00,2025-09-12T19:31:15+00:00,2025-09-12,2025-09-12,3851
c01e11,FLE806,CYVR,YVR,Vancouver,CYYC,YYC,Calgary,1757699914,1757703821,2025-09-12T17:58:34+00:00,2025-09-12T19:03:41+00:00,2025-09-12,2025-09-12,3907
c06171,POE304,CYVR,YVR,Vancouver,CYYZ,YYZ,Toronto,1757699560,1757714758,2025-09-12T17:52:40+00:00,2025-09-12T22:05:58+00:00,2025-09-12,2025-09-12,15198
c03c04,WJA108,CYVR,YVR,Vancouver,CYYC,YYC,Calgary,1757698872,1757702685,2025-09-12T17:41:12+00:00,2025-09-12T18:44:45+00:00,2025-09-12,2025-09-12,3813
c007d8,ACA210,CYVR,YVR,Vancouver,CYYC,YYC,Calgary,1757698140,1757701855,2025-09-12T17:29:00+00:00,2025-09-12T18:30:55+00:00,2025-09-12,2025-09-12,3715
c0371f,WJA162,CYVR,YVR,Vancouver,CYEG,YEG,Edmonton,1757697825,1757701985,2025-09-12T17:23:45+00:00,2025-09-12T18:33:05+00:00,2025-09-12,2025-09-12,4160
c05bd2,ACA108,CYVR,YVR,Vancouver,CYYZ,YYZ,Toronto,1757697390,1757712717,2025-09-12T17:16:30+00:00,2025-09-12T21:31:57+00:00,2025-09-12,2025-09-12,15327
c02966,WJA708,CYVR,YVR,Vancouver,CYYZ,YYZ,Toronto,1757696921,1757712268,2025-09-12T17:08:41+00:00,2025-09-12T21:24:28+00:00,2025-09-12,2025-09-12,15347
c006ec,ACA236,CYVR,YVR,Vancouver,CYEG,YEG,Edmonton,1757695427,1757699554,2025-09-12T16:43:47+00:00,2025-09-12T17:52:34+00:00,2025-09-12,2025-09-12,4127
c07686,CNK11,CYVR,YVR,Vancouver,CYEG,YEG,Edmonton,1757695162,1757701433,2025-09-12T16:39:22+00:00,2025-09-12T18:23:53+00:00,2025-09-12,2025-09-12,6271
c0807f,WEN3174,CYVR,YVR,Vancouver,CYYC,YYC,Calgary,1757695086,1757705789,2025-09-12T16:38:06+00:00,2025-09-12T19:36:29+00:00,2025-09-12,2025-09-12,10703
c0153b,WJA706,CYVR,YVR,Vancouver,CYYZ,YYZ,Toronto,1757694107,1757709803,2025-09-12T16:21:47+00:00,2025-09-12T20:43:23+00:00,2025-09-12,2025-09-12,15696
c023b7,ACA304,CYVR,YVR,Vancouver,CYUL,YUL,Montreal,1757693953,1757709210,2025-09-12T16:19:13+00:00,2025-09-12T20:33:30+00:00,2025-09-12,2025-09-12,15257
c0174d,ACA34,CYVR,YVR,Vancouver,CYYZ,YYZ,Toronto,1757693501,1757707603,2025-09-12T16:11:41+00:00,2025-09-12T20:06:43+00:00,2025-09-12,2025-09-12,14102
c00757,ACA204,CYVR,YVR,Vancouver,CYYC,YYC,Calgary,1757692042,1757695859,2025-09-12T15:47:22+00:00,2025-09-12T16:50:59+00:00,2025-09-12,2025-09-12,3817
c01b4f,WJA104,CYVR,YVR,Vancouver,CYYC,YYC,Calgary,1757691930,1757695779,2025-09-12T15:45:30+00:00,2025-09-12T16:49:39+00:00,2025-09-12,2025-09-12,3849
c00899,ACA234,CYVR,YVR,Vancouver,CYEG,YEG,Edmonton,1757691752,1757695774,2025-09-12T15:42:32+00:00,2025-09-12T16:49:34+00:00,2025-09-12,2025-09-12,4022
c0885e,POE372,CYVR,YVR,Vancouver,CYUL,YUL,Montreal,1757690744,1757707020,2025-09-12T15:25:44+00:00,2025-09-12T19:57:00+00:00,2025-09-12,2025-09-12,16276
c080e0,WJA164,CYVR,YVR,Vancouver,CYEG,YEG,Edmonton,1757690693,1757694832,2025-09-12T15:24:53+00:00,2025-09-12T16:33:52+00:00,2025-09-12,2025-09-12,4139
c06081,ACA302,CYVR,YVR,Vancouver,CYUL,YUL,Montreal,1757689321,1757705938,2025-09-12T15:02:01+00:00,2025-09-12T19:38:58+00:00,2025-09-12,2025-09-12,16617
c007d0,ACA232,CYVR,YVR,Vancouver,CYEG,YEG,Edmonton,1757688810,1757692826,2025-09-12T14:53:30+00:00,2025-09-12T16:00:26+00:00,2025-09-12,2025-09-12,4016
c01e1a,FLE800,CYVR,YVR,Vancouver,CYYC,YYC,Calgary,1757688545,1757692473,2025-09-12T14:49:05+00:00,2025-09-12T15:54:33+00:00,2025-09-12,2025-09-12,3928
c08864,POE302,CYVR,YVR,Vancouver,CYYZ,YYZ,Toronto,1757688460,1757704359,2025-09-12T14:47:40+00:00,2025-09-12T19:12:39+00:00,2025-09-12,2025-09-12,15899
c05bd6,ACA104,CYVR,YVR,Vancouver,CYYZ,YYZ,Toronto,1757688018,1757703046,2025-09-12T14:40:18+00:00,2025-09-12T18:50:46+00:00,2025-09-12,2025-09-12,15028
c052d3,WJA102,CYVR,YVR,Vancouver,CYYC,YYC,Calgary,1757686531,1757690563,2025-09-12T14:15:31+00:00,2025-09-12T15:22:43+00:00,2025-09-12,2025-09-12,4032
c0730e,ACA202,CYVR,YVR,Vancouver,CYYC,YYC,Calgary,1757686343,1757690286,2025-09-12T14:12:23+00:00,2025-09-12T15:18:06+00:00,2025-09-12,2025-09-12,3943
c00d51,FLE822,CYVR,YVR,Vancouver,CYEG,YEG,Edmonton,1757685793,1757690091,2025-09-12T14:03:13+00:00,2025-09-12T15:14:51+00:00,2025-09-12,2025-09-12,4298
c0315b,ASP565,CYVR,YVR,Vancouver,CYEG,YEG,Edmonton,1757683697,1757688357,2025-09-12T13:28:17+00:00,2025-09-12T14:45:57+00:00,2025-09-12,2025-09-12,4660
c05044,ACA100,CYVR,YVR,Vancouver,CYYZ,YYZ,Toronto,1757683620,1757699333,2025-09-12T13:27:00+00:00,2025-09-12T17:48:53+00:00,2025-09-12,2025-09-12,15713
c08095,WJA700,CYVR,YVR,Vancouver,CYYZ,YYZ,Toronto,1757683530,1757698670,2025-09-12T13:25:30+00:00,2025-09-12T17:37:50+00:00,2025-09-12,2025-09-12,15140
c05d9d,WJA100,CYVR,YVR,Vancouver,CYYC,YYC,Calgary,1757682993,1757686883,2025-09-12T13:16:33+00:00,2025-09-12T14:21:23+00:00,2025-09-12,2025-09-12,3890
c0737c,WJA160,CYVR,YVR,Vancouver,CYEG,YEG,Edmonton,1757682614,1757686878,2025-09-12T13:10:14+00:00,2025-09-12T14:21:18+00:00,2025-09-12,2025-09-12,4264
c02f6a,WJA136,CYVR,YVR,Vancouver,CYYC,YYC,Calgary,1757679194,1757683108,2025-09-12T12:13:14+00:00,2025-09-12T13:18:28+00:00,2025-09-12,2025-09-12,3914
c01e28,ACA182,CYVR,YVR,Vancouver,CYYZ,YYZ,Toronto,1757663135,1757678119,2025-09-12T07:45:35+00:00,2025-09-12T11:55:19+00:00,2025-09-12,2025-09-12,14984
c0473b,CJT2382,CYVR,YVR,Vancouver,CYYC,YYC,Calgary,1757662929,1757666729,2025-09-12T07:42:09+00:00,2025-09-12T08:45:29+00:00,2025-09-12,2025-09-12,3800
c01f1e,FLE602,CYVR,YVR,Vancouver,CYYZ,YYZ,Toronto,1757661800,1757677408,2025-09-12T07:23:20+00:00,2025-09-12T11:43:28+00:00,2025-09-12,2025-09-12,15608
c05bcb,ACA128,CYVR,YVR,Vancouver,CYYZ,YYZ,Toronto,1757659244,1757674466,2025-09-12T06:40:44+00:00,2025-09-12T10:54:26+00:00,2025-09-12,2025-09-12,15222
c04eb6,ACA7202,CYVR,YVR,Vancouver,CYYZ,YYZ,Toronto,1757658368,1757673208,2025-09-12T06:26:08+00:00,2025-09-12T10:33:28+00:00,2025-09-12,2025-09-12,14840
c04cf4,WJA564,CYVR,YVR,Vancouver,CYUL,YUL,Montreal,1757658271,1757674940,2025-09-12T06:24:31+00:00,2025-09-12T11:02:20+00:00,2025-09-12,2025-09-12,16669
c03064,ACA314,CYVR,YVR,Vancouver,CYUL,YUL,Montreal,1757657616,1757673679,2025-09-12T06:13:36+00:00,2025-09-12T10:41:19+00:00,2025-09-12,2025-09-12,16063
c0616e,POE318,CYVR,YVR,Vancouver,CYYZ,YYZ,Toronto,1757656565,1757672034,2025-09-12T05:56:05+00:00,2025-09-12T10:13:54+00:00,2025-09-12,2025-09-12,15469
c01e11,FLE600,CYVR,YVR,Vancouver,CYYZ,YYZ,Toronto,1757656464,1757671605,2025-09-12T05:54:24+00:00,2025-09-12T10:06:45+00:00,2025-09-12,2025-09-12,15141
c0192e,ACA126,CYVR,YVR,Vancouver,CYYZ,YYZ,Toronto,1757656192,1757671739,2025-09-12T05:49:52+00:00,2025-09-12T10:08:59+00:00,2025-09-12,2025-09-12,15547
c043cb,WJA724,CYVR,YVR,Vancouver,CYYZ,YYZ,Toronto,1757655690,1757671012,2025-09-12T05:41:30+00:00,2025-09-12T09:56:52+00:00,2025-09-12,2025-09-12,15322
c08081,WJA132,CYVR,YVR,Vancouver,CYYC,YYC,Calgary,1757654733,1757658646,2025-09-12T05:25:33+00:00,2025-09-12T06:30:46+00:00,2025-09-12,2025-09-12,3913
c0307a,ACA228,CYVR,YVR,Vancouver,CYYC,YYC,Calgary,1757654550,1757658308,2025-09-12T05:22:30+00:00,2025-09-12T06:25:08+00:00,2025-09-12,2025-09-12,3758
c00821,ACA250,CYVR,YVR,Vancouver,CYEG,YEG,Edmonton,1757651263,1757655404,2025-09-12T04:27:43+00:00,2025-09-12T05:36:44+00:00,2025-09-12,2025-09-12,4141
c02f21,WJA178,CYVR,YVR,Vancouver,CYEG,YEG,Edmonton,1757651198,1757655509,2025-09-12T04:26:38+00:00,2025-09-12T05:38:29+00:00,2025-09-12,2025-09-12,4311
c050b7,SYB074,CYVR,YVR,Vancouver,CYYC,YYC,Calgary,1757649965,1757653751,2025-09-12T04:06:05+00:00,2025-09-12T05:09:11+00:00,2025-09-12,2025-09-12,3786
c07ee8,WJA128,CYVR,YVR,Vancouver,CYYC,YYC,Calgary,1757648680,1757652543,2025-09-12T03:44:40+00:00,2025-09-12T04:49:03+00:00,2025-09-12,2025-09-12,3863
c03003,ACA226,CYVR,YVR,Vancouver,CYYC,YYC,Calgary,1757645719,1757649588,2025-09-12T02:55:19+00:00,2025-09-12T03:59:48+00:00,2025-09-12,2025-09-12,3869
c007d8,ACA246,CYVR,YVR,Vancouver,CYEG,YEG,Edmonton,1757645314,1757649400,2025-09-12T02:48:34+00:00,2025-09-12T03:56:40+00:00,2025-09-12,2025-09-12,4086
c03f85,WJA126,CYVR,YVR,Vancouver,CYYC,YYC,Calgary,1757644551,1757648699,2025-09-12T02:35:51+00:00,2025-09-12T03:44:59+00:00,2025-09-12,2025-09-12,4148
c00926,WJA124,CYVR,YVR,Vancouver,CYYC,YYC,Calgary,1757644455,1757648549,2025-09-12T02:34:15+00:00,2025-09-12T03:42:29+00:00,2025-09-12,2025-09-12,4094
c00d51,FLE804,CYVR,YVR,Vancouver,CYYC,YYC,Calgary,1757643030,1757647017,2025-09-12T02:10:30+00:00,2025-09-12T03:16:57+00:00,2025-09-12,2025-09-12,3987
c02039,MAL8079,CYVR,YVR,Vancouver,CYYZ,YYZ,Toronto,1757642853,1757657816,2025-09-12T02:07:33+00:00,2025-09-12T06:16:56+00:00,2025-09-12,2025-09-12,14963
c0202d,MAL7062,CYVR,YVR,Vancouver,CYYC,YYC,Calgary,1757642407,1757646225,2025-09-12T02:00:07+00:00,2025-09-12T03:03:45+00:00,2025-09-12,2025-09-12,3818
c030eb,ACA224,CYVR,YVR,Vancouver,CYYC,YYC,Calgary,1757641149,1757645207,2025-09-12T01:39:09+00:00,2025-09-12T02:46:47+00:00,2025-09-12,2025-09-12,4058
c03af2,WJA174,CYVR,YVR,Vancouver,CYEG,YEG,Edmonton,1757639982,1757644365,2025-09-12T01:19:42+00:00,2025-09-12T02:32:45+00:00,2025-09-12,2025-09-12,4383
c01d72,FLE832,CYVR,YVR,Vancouver,CYEG,YEG,Edmonton,1757639790,1757644239,2025-09-12T01:16:30+00:00,2025-09-12T02:30:39+00:00,2025-09-12,2025-09-12,4449
c05eb1,ACA124,CYVR,YVR,Vancouver,CYYZ,YYZ,Toronto,1757638497,1757653676,2025-09-12T00:54:57+00:00,2025-09-12T05:07:56+00:00,2025-09-12,2025-09-12,15179
c052ca,WJA122,CYVR,YVR,Vancouver,CYYC,YYC,Calgary,1757637839,1757642239,2025-09-12T00:43:59+00:00,2025-09-12T01:57:19+00:00,2025-09-12,2025-09-12,4400
c01624,JZA7780,CYVR,YVR,Vancouver,CYEG,YEG,Edmonton,1757636703,1757641138,2025-09-12T00:25:03+00:00,2025-09-12T01:38:58+00:00,2025-09-12,2025-09-12,4435
c03bf2,WJA722,CYVR,YVR,Vancouver,CYYZ,YYZ,Toronto,1757635844,1757651834,2025-09-12T00:10:44+00:00,2025-09-12T04:37:14+00:00,2025-09-12,2025-09-12,15990
c01e13,FLE612,CYVR,YVR,Vancouver,CYYZ,YYZ,Toronto,1757635556,1757650888,2025-09-12T00:05:56+00:00,2025-09-12T04:21:28+00:00,2025-09-12,2025-09-12,15332
c055d2,JZA138,CYYC,YYC,Calgary,CYEG,YEG,Edmonton,1757714618,1757716490,2025-09-12T22:03:38+00:00,2025-09-12T22:34:50+00:00,2025-09-12,2025-09-12,1872
c05d9d,WJA119,CYYC,YYC,Calgary,CYVR,YVR,Vancouver,1757711887,1757715724,2025-09-12T21:18:07+00:00,2025-09-12T22:22:04+00:00,2025-09-12,2025-09-12,3837
c0301a,ASP686,CYYC,YYC,Calgary,CYEG,YEG,Edmonton,1757710173,1757712052,2025-09-12T20:49:33+00:00,2025-09-12T21:20:52+00:00,2025-09-12,2025-09-12,1879
c02fe4,ASP548,CYYC,YYC,Calgary,CYEG,YEG,Edmonton,1757708903,1757710573,2025-09-12T20:28:23+00:00,2025-09-12T20:56:13+00:00,2025-09-12,2025-09-12,1670
c01530,SDE560,CYYC,YYC,Calgary,CYVR,YVR,Vancouver,1757708767,1757712781,2025-09-12T20:26:07+00:00,2025-09-12T21:33:01+00:00,2025-09-12,2025-09-12,4014
c01e11,FLE807,CYYC,YYC,Calgary,CYVR,YVR,Vancouver,1757708675,1757712368,2025-09-12T20:24:35+00:00,2025-09-12T21:26:08+00:00,2025-09-12,2025-09-12,3693
c03c04,WJA117,CYYC,YYC,Calgary,CYVR,YVR,Vancouver,1757708177,1757711939,2025-09-12T20:16:17+00:00,2025-09-12T21:18:59+00:00,2025-09-12,2025-09-12,3762
c08335,WJA253,CYYC,YYC,Calgary,CYEG,YEG,Edmonton,1757707861,1757709469,2025-09-12T20:11:01+00:00,2025-09-12T20:37:49+00:00,2025-09-12,2025-09-12,1608
c007d8,ACA217,CYYC,YYC,Calgary,CYVR,YVR,Vancouver,1757707113,1757710932,2025-09-12T19:58:33+00:00,2025-09-12T21:02:12+00:00,2025-09-12,2025-09-12,3819
c04852,,CYYC,YYC,Calgary,CYEG,YEG,Edmonton,1757705250,1757706921,2025-09-12T19:27:30+00:00,2025-09-12T19:55:21+00:00,2025-09-12,2025-09-12,1671
c02207,WJA239,CYYC,YYC,Calgary,CYEG,YEG,Edmonton,1757705070,1757706728,2025-09-12T19:24:30+00:00,2025-09-12T19:52:08+00:00,2025-09-12,2025-09-12,1658
c01c28,WJA115,CYYC,YYC,Calgary,CYVR,YVR,Vancouver,1757704689,1757708393,2025-09-12T19:18:09+00:00,2025-09-12T20:19:53+00:00,2025-09-12,2025-09-12,3704
c03f85,WJA664,CYYC,YYC,Calgary,CYYZ,YYZ,Toronto,1757704321,1757716639,2025-09-12T19:12:01+00:00,2025-09-12T22:37:19+00:00,2025-09-12,2025-09-12,12318
c08853,POE356,CYYC,YYC,Calgary,CYYZ,YYZ,Toronto,1757702792,1757715986,2025-09-12T18:46:32+00:00,2025-09-12T22:26:26+00:00,2025-09-12,2025-09-12,13194
c055d2,JZA134,CYYC,YYC,Calgary,CYEG,YEG,Edmonton,1757702285,1757704332,2025-09-12T18:38:05+00:00,2025-09-12T19:12:12+00:00,2025-09-12,2025-09-12,2047
c05eac,ACA146,CYYC,YYC,Calgary,CYYZ,YYZ,Toronto,1757702042,1757714553,2025-09-12T18:34:02+00:00,2025-09-12T22:02:33+00:00,2025-09-12,2025-09-12,12511
c00757,ACA211,CYYC,YYC,Calgary,CYVR,YVR,Vancouver,1757701452,1757705368,2025-09-12T18:24:12+00:00,2025-09-12T19:29:28+00:00,2025-09-12,2025-09-12,3916
c05ebb,WJA113,CYYC,YYC,Calgary,CYVR,YVR,Vancouver,1757701274,1757705091,2025-09-12T18:21:14+00:00,2025-09-12T19:24:51+00:00,2025-09-12,2025-09-12,3817
c050c5,ACA324,CYYC,YYC,Calgary,CYUL,YUL,Montreal,1757700692,1757713878,2025-09-12T18:11:32+00:00,2025-09-12T21:51:18+00:00,2025-09-12,2025-09-12,13186
c03bf2,WJA660,CYYC,YYC,Calgary,CYYZ,YYZ,Toronto,1757699017,1757711217,2025-09-12T17:43:37+00:00,2025-09-12T21:06:57+00:00,2025-09-12,2025-09-12,12200
c01e1a,FLE801,CYYC,YYC,Calgary,CYVR,YVR,Vancouver,1757697886,1757702033,2025-09-12T17:24:46+00:00,2025-09-12T18:33:53+00:00,2025-09-12,2025-09-12,4147
c07ee0,WJA111,CYYC,YYC,Calgary,CYVR,YVR,Vancouver,1757697751,1757701492,2025-09-12T17:22:31+00:00,2025-09-12T18:24:52+00:00,2025-09-12,2025-09-12,3741
c063eb,WJA212,CYYC,YYC,Calgary,CYUL,YUL,Montreal,1757696979,1757710307,2025-09-12T17:09:39+00:00,2025-09-12T20:51:47+00:00,2025-09-12,2025-09-12,13328
c032a2,WEN3317,CYYC,YYC,Calgary,CYEG,YEG,Edmonton,1757695710,1757697677,2025-09-12T16:48:30+00:00,2025-09-12T17:21:17+00:00,2025-09-12,2025-09-12,1967
c05eb1,ACA142,CYYC,YYC,Calgary,CYYZ,YYZ,Toronto,1757695511,1757707766,2025-09-12T16:45:11+00:00,2025-09-12T20:09:26+00:00,2025-09-12,2025-09-12,12255
c03210,ASP844,CYYC,YYC,Calgary,CYEG,YEG,Edmonton,1757694524,1757696278,2025-09-12T16:28:44+00:00,2025-09-12T16:57:58+00:00,2025-09-12,2025-09-12,1754
c0730e,ACA209,CYYC,YYC,Calgary,CYVR,YVR,Vancouver,1757694377,1757698134,2025-09-12T16:26:17+00:00,2025-09-12T17:28:54+00:00,2025-09-12,2025-09-12,3757
c004ea,WJA658,CYYC,YYC,Calgary,CYYZ,YYZ,Toronto,1757693660,1757706088,2025-09-12T16:14:20+00:00,2025-09-12T19:41:28+00:00,2025-09-12,2025-09-12,12428
c05d9d,WJA109,CYYC,YYC,Calgary,CYVR,YVR,Vancouver,1757693580,1757697587,2025-09-12T16:13:00+00:00,2025-09-12T17:19:47+00:00,2025-09-12,2025-09-12,4007
c05186,WEN3173,CYYC,YYC,Calgary,CYVR,YVR,Vancouver,1757692534,1757704221,2025-09-12T15:55:34+00:00,2025-09-12T19:10:21+00:00,2025-09-12,2025-09-12,11687
c078c0,CGTSX,CYYC,YYC,Calgary,CYVR,YVR,Vancouver,1757692052,1757696548,2025-09-12T15:47:32+00:00,2025-09-12T17:02:28+00:00,2025-09-12,2025-09-12,4496
c00926,WJA107,CYYC,YYC,Calgary,CYVR,YVR,Vancouver,1757691524,1757695169,2025-09-12T15:38:44+00:00,2025-09-12T16:39:29+00:00,2025-09-12,2025-09-12,3645
c00fe2,CJT918,CYYC,YYC,Calgary,CYEG,YEG,Edmonton,1757691331,1757693101,2025-09-12T15:35:31+00:00,2025-09-12T16:05:01+00:00,2025-09-12,2025-09-12,1770
c08081,WJA656,CYYC,YYC,Calgary,CYYZ,YYZ,Toronto,1757690523,1757702684,2025-09-12T15:22:03+00:00,2025-09-12T18:44:44+00:00,2025-09-12,2025-09-12,12161
c06c94,CNK678,CYYC,YYC,Calgary,CYVR,YVR,Vancouver,1757689959,1757693579,2025-09-12T15:12:39+00:00,2025-09-12T16:12:59+00:00,2025-09-12,2025-09-12,3620
c030eb,ACA205,CYYC,YYC,Calgary,CYVR,YVR,Vancouver,1757687503,1757691268,2025-09-12T14:31:43+00:00,2025-09-12T15:34:28+00:00,2025-09-12,2025-09-12,3765
c0618e,POE384,CYYC,YYC,Calgary,CYUL,YUL,Montreal,1757687092,1757701164,2025-09-12T14:24:52+00:00,2025-09-12T18:19:24+00:00,2025-09-12,2025-09-12,14072
c05ea6,ACA136,CYYC,YYC,Calgary,CYYZ,YYZ,Toronto,1757686650,1757698854,2025-09-12T14:17:30+00:00,2025-09-12T17:40:54+00:00,2025-09-12,2025-09-12,12204
c013da,AKT1504,CYYC,YYC,Calgary,CYEG,YEG,Edmonton,1757686543,1757688476,2025-09-12T14:15:43+00:00,2025-09-12T14:47:56+00:00,2025-09-12,2025-09-12,1933
c05da4,WJA654,CYYC,YYC,Calgary,CYYZ,YYZ,Toronto,1757686385,1757698699,2025-09-12T14:13:05+00:00,2025-09-12T17:38:19+00:00,2025-09-12,2025-09-12,12314
c07ee8,WJA999,CYYC,YYC,Calgary,CYYZ,YYZ,Toronto,1757683796,1757696426,2025-09-12T13:29:56+00:00,2025-09-12T17:00:26+00:00,2025-09-12,2025-09-12,12630
c01b4f,WJA103,CYYC,YYC,Calgary,CYVR,YVR,Vancouver,1757683199,1757687054,2025-09-12T13:19:59+00:00,2025-09-12T14:24:14+00:00,2025-09-12,2025-09-12,3855
c060c1,POE352,CYYC,YYC,Calgary,CYYZ,YYZ,Toronto,1757682823,1757695196,2025-09-12T13:13:43+00:00,2025-09-12T16:39:56+00:00,2025-09-12,2025-09-12,12373
c07fb5,WEN3395,CYYC,YYC,Calgary,CYEG,YEG,Edmonton,1757682565,1757684532,2025-09-12T13:09:25+00:00,2025-09-12T13:42:12+00:00,2025-09-12,2025-09-12,1967
c010f6,ACA134,CYYC,YYC,Calgary,CYYZ,YYZ,Toronto,1757682420,1757694873,2025-09-12T13:07:00+00:00,2025-09-12T16:34:33+00:00,2025-09-12,2025-09-12,12453
c050c0,ACA203,CYYC,YYC,Calgary,CYVR,YVR,Vancouver,1757682226,1757686073,2025-09-12T13:03:46+00:00,2025-09-12T14:07:53+00:00,2025-09-12,2025-09-12,3847
c078cf,CGTTM,CYYC,YYC,Calgary,CYVR,YVR,Vancouver,1757681707,1757691593,2025-09-12T12:55:07+00:00,2025-09-12T15:39:53+00:00,2025-09-12,2025-09-12,9886
c03487,WJA650,CYYC,YYC,Calgary,CYYZ,YYZ,Toronto,1757680429,1757693068,2025-09-12T12:33:49+00:00,2025-09-12T16:04:28+00:00,2025-09-12,2025-09-12,12639
c03003,ACA201,CYYC,YYC,Calgary,CYVR,YVR,Vancouver,1757680028,1757683902,2025-09-12T12:27:08+00:00,2025-09-12T13:31:42+00:00,2025-09-12,2025-09-12,3874
c0307a,ACA318,CYYC,YYC,Calgary,CYUL,YUL,Montreal,1757678790,1757692362,2025-09-12T12:06:30+00:00,2025-09-12T15:52:42+00:00,2025-09-12,2025-09-12,13572
c063fe,NCB1734,CYYC,YYC,Calgary,CYEG,YEG,Edmonton,1757676649,1757678966,2025-09-12T11:30:49+00:00,2025-09-12T12:09:26+00:00,2025-09-12,2025-09-12,2317
c02067,MAL7051,CYYC,YYC,Calgary,CYVR,YVR,Vancouver,1757673516,1757677136,2025-09-12T10:38:36+00:00,2025-09-12T11:38:56+00:00,2025-09-12,2025-09-12,3620
c0583f,ACA316,CYYC,YYC,Calgary,CYUL,YUL,Montreal,1757661654,1757675481,2025-09-12T07:20:54+00:00,2025-09-12T11:11:21+00:00,2025-09-12,2025-09-12,13827
c03f85,WJA646,CYYC,YYC,Calgary,CYYZ,YYZ,Toronto,1757660892,1757673738,2025-09-12T07:08:12+00:00,2025-09-12T10:42:18+00:00,2025-09-12,2025-09-12,12846
c01dac,FLE628,CYYC,YYC,Calgary,CYYZ,YYZ,Toronto,1757660751,1757673562,2025-09-12T07:05:51+00:00,2025-09-12T10:39:22+00:00,2025-09-12,2025-09-12,12811
c07f01,WJA652,CYYC,YYC,Calgary,CYYZ,YYZ,Toronto,1757659209,1757671227,2025-09-12T06:40:09+00:00,2025-09-12T10:00:27+00:00,2025-09-12,2025-09-12,12018
c030f7,ACA156,CYYC,YYC,Calgary,CYYZ,YYZ,Toronto,1757658880,1757671373,2025-09-12T06:34:40+00:00,2025-09-12T10:02:53+00:00,2025-09-12,2025-09-12,12493
c066fb,ACA154,CYYC,YYC,Calgary,CYYZ,YYZ,Toronto,1757657229,1757669454,2025-09-12T06:07:09+00:00,2025-09-12T09:30:54+00:00,2025-09-12,2025-09-12,12225
c052ca,WJA237,CYYC,YYC,Calgary,CYEG,YEG,Edmonton,1757656339,1757658118,2025-09-12T05:52:19+00:00,2025-09-12T06:21:58+00:00,2025-09-12,2025-09-12,1779
c080ac,WJA135,CYYC,YYC,Calgary,CYVR,YVR,Vancouver,1757656210,1757659919,2025-09-12T05:50:10+00:00,2025-09-12T06:51:59+00:00,2025-09-12,2025-09-12,3709
c0202d,MAL7062,CYYC,YYC,Calgary,CYYZ,YYZ,Toronto,1757651574,1757663569,2025-09-12T04:32:54+00:00,2025-09-12T07:52:49+00:00,2025-09-12,2025-09-12,11995
c00d51,FLE805,CYYC,YYC,Calgary,CYVR,YVR,Vancouver,1757651394,1757655264,2025-09-12T04:29:54+00:00,2025-09-12T05:34:24+00:00,2025-09-12,2025-09-12,3870
c0473b,CJT2389,CYYC,YYC,Calgary,CYVR,YVR,Vancouver,1757650885,1757654755,2025-09-12T04:21:25+00:00,2025-09-12T05:25:55+00:00,2025-09-12,2025-09-12,3870
c052d3,WJA133,CYYC,YYC,Calgary,CYVR,YVR,Vancouver,1757650567,1757654285,2025-09-12T04:16:07+00:00,2025-09-12T05:18:05+00:00,2025-09-12,2025-09-12,3718
c0360e,WJA289,CYYC,YYC,Calgary,CYEG,YEG,Edmonton,1757648348,1757650238,2025-09-12T03:39:08+00:00,2025-09-12T04:10:38+00:00,2025-09-12,2025-09-12,1890
c08095,WJA131,CYYC,YYC,Calgary,CYVR,YVR,Vancouver,1757647842,1757652050,2025-09-12T03:30:42+00:00,2025-09-12T04:40:50+00:00,2025-09-12,2025-09-12,4208
c00899,ACA227,CYYC,YYC,Calgary,CYVR,YVR,Vancouver,1757646080,1757649868,2025-09-12T03:01:20+00:00,2025-09-12T04:04:28+00:00,2025-09-12,2025-09-12,3788
c07ee4,WJA241,CYYC,YYC,Calgary,CYEG,YEG,Edmonton,1757643986,1757645921,2025-09-12T02:26:26+00:00,2025-09-12T02:58:41+00:00,2025-09-12,2025-09-12,1935
c05f01,JZA144,CYYC,YYC,Calgary,CYEG,YEG,Edmonton,1757641174,1757643177,2025-09-12T01:39:34+00:00,2025-09-12T02:12:57+00:00,2025-09-12,2025-09-12,2003
c03c05,WJA127,CYYC,YYC,Calgary,CYVR,YVR,Vancouver,1757639932,1757643709,2025-09-12T01:18:52+00:00,2025-09-12T02:21:49+00:00,2025-09-12,2025-09-12,3777
c01e11,FLE809,CYYC,YYC,Calgary,CYVR,YVR,Vancouver,1757639746,1757643381,2025-09-12T01:15:46+00:00,2025-09-12T02:16:21+00:00,2025-09-12,2025-09-12,3635
c013dc,AKT1731,CYYC,YYC,Calgary,CYEG,YEG,Edmonton,1757639408,1757641305,2025-09-12T01:10:08+00:00,2025-09-12T01:41:45+00:00,2025-09-12,2025-09-12,1897
c010cb,ACA158,CYYC,YYC,Calgary,CYYZ,YYZ,Toronto,1757639236,1757651062,2025-09-12T01:07:16+00:00,2025-09-12T04:24:22+00:00,2025-09-12,2025-09-12,11826
c080a5,WJA255,CYYC,YYC,Calgary,CYEG,YEG,Edmonton,1757638959,1757640849,2025-09-12T01:02:39+00:00,2025-09-12T01:34:09+00:00,2025-09-12,2025-09-12,1890
c01cae,WJA676,CYYC,YYC,Calgary,CYYZ,YYZ,Toronto,1757638559,1757650817,2025-09-12T00:55:59+00:00,2025-09-12T04:20:17+00:00,2025-09-12,2025-09-12,12258
c0025a,WJA214,CYYC,YYC,Calgary,CYUL,YUL,Montreal,1757638446,1757651398,2025-09-12T00:54:06+00:00,2025-09-12T04:29:58+00:00,2025-09-12,2025-09-12,12952
c007d8,ACA223,CYYC,YYC,Calgary,CYVR,YVR,Vancouver,1757637283,1757640921,2025-09-12T00:34:43+00:00,2025-09-12T01:35:21+00:00,2025-09-12,2025-09-12,3638
c010ec,ACA152,CYYC,YYC,Calgary,CYYZ,YYZ,Toronto,1757636477,1757648335,2025-09-12T00:21:17+00:00,2025-09-12T03:38:55+00:00,2025-09-12,2025-09-12,11858
c00926,WJA123,CYYC,YYC,Calgary,CYVR,YVR,Vancouver,1757636066,1757639718,2025-09-12T00:14:26+00:00,2025-09-12T01:15:18+00:00,2025-09-12,2025-09-12,3652
c03f85,WJA125,CYYC,YYC,Calgary,CYVR,YVR,Vancouver,1757635743,1757639412,2025-09-12T00:09:03+00:00,2025-09-12T01:10:12+00:00,2025-09-12,2025-09-12,3669
c07686,CNK215,CYEG,YEG,Edmonton,CYYC,YYC,Calgary,1757714210,1757716603,2025-09-12T21:56:50+00:00,2025-09-12T22:36:43+00:00,2025-09-12,2025-09-12,2393
c00821,ACA422,CYYZ,YYZ,Toronto,CYUL,YUL,Montreal,1757714622,1757717992,2025-09-12T22:03:42+00:00,2025-09-12T22:59:52+00:00,2025-09-12,2025-09-12,3370
c051c6,TSC551,CYYZ,YYZ,Toronto,CYUL,YUL,Montreal,1757714612,1757717992,2025-09-12T22:03:32+00:00,2025-09-12T22:59:52+00:00,2025-09-12,2025-09-12,3380
c04fbb,ACA894,CYYZ,YYZ,Toronto,CYUL,YUL,Montreal,1757710803,1757714398,2025-09-12T21:00:03+00:00,2025-09-12T21:59:58+00:00,2025-09-12,2025-09-12,3595
c058bb,ACA488,CYYZ,YYZ,Toronto,CYUL,YUL,Montreal,1757710443,1757714146,2025-09-12T20:54:03+00:00,2025-09-12T21:55:46+00:00,2025-09-12,2025-09-12,3703
c0618c,POE125,CYYZ,YYZ,Toronto,CYUL,YUL,Montreal,1757710183,1757713778,2025-09-12T20:49:43+00:00,2025-09-12T21:49:38+00:00,2025-09-12,2025-09-12,3595
c06a88,TSC451,CYYZ,YYZ,Toronto,CYUL,YUL,Montreal,1757708160,1757711773,2025-09-12T20:16:00+00:00,2025-09-12T21:16:13+00:00,2025-09-12,2025-09-12,3613
c043b7,ACA418,CYYZ,YYZ,Toronto,CYUL,YUL,Montreal,1757707360,1757711360,2025-09-12T20:02:40+00:00,2025-09-12T21:09:20+00:00,2025-09-12,2025-09-12,4000
c066f0,ACA416,CYYZ,YYZ,Toronto,CYUL,YUL,Montreal,1757704217,1757708006,2025-09-12T19:10:17+00:00,2025-09-12T20:13:26+00:00,2025-09-12,2025-09-12,3789
c07ee8,WJA663,CYYZ,YYZ,Toronto,CYYC,YYC,Calgary,1757703575,1757717760,2025-09-12T18:59:35+00:00,2025-09-12T22:56:00+00:00,2025-09-12,2025-09-12,14185
c05ea6,ACA145,CYYZ,YYZ,Toronto,CYYC,YYC,Calgary,1757703424,1757717210,2025-09-12T18:57:04+00:00,2025-09-12T22:46:50+00:00,2025-09-12,2025-09-12,13786
c023bd,ACA7065,CYYZ,YYZ,Toronto,CYUL,YUL,Montreal,1757703393,1757707247,2025-09-12T18:56:33+00:00,2025-09-12T20:00:47+00:00,2025-09-12,2025-09-12,3854
c01dac,FLE627,CYYZ,YYZ,Toronto,CYYC,YYC,Calgary,1757703190,1757717970,2025-09-12T18:53:10+00:00,2025-09-12T22:59:30+00:00,2025-09-12,2025-09-12,14780
c060c1,POE357,CYYZ,YYZ,Toronto,CYYC,YYC,Calgary,1757700552,1757714216,2025-09-12T18:09:12+00:00,2025-09-12T21:56:56+00:00,2025-09-12,2025-09-12,13664
c0853f,ACA414,CYYZ,YYZ,Toronto,CYUL,YUL,Montreal,1757700371,1757704124,2025-09-12T18:06:11+00:00,2025-09-12T19:08:44+00:00,2025-09-12,2025-09-12,3753
c052ca,WJA715,CYYZ,YYZ,Toronto,CYVR,YVR,Vancouver,1757700240,1757717515,2025-09-12T18:04:00+00:00,2025-09-12T22:51:55+00:00,2025-09-12,2025-09-12,17275
c010f6,ACA115,CYYZ,YYZ,Toronto,CYVR,YVR,Vancouver,1757700093,1757716559,2025-09-12T18:01:33+00:00,2025-09-12T22:35:59+00:00,2025-09-12,2025-09-12,16466
c06e87,ACA143,CYYZ,YYZ,Toronto,CYYC,YYC,Calgary,1757699463,1757712867,2025-09-12T17:51:03+00:00,2025-09-12T21:34:27+00:00,2025-09-12,2025-09-12,13404
c060bb,POE405,CYYZ,YYZ,Toronto,CYEG,YEG,Edmonton,1757698718,1757712327,2025-09-12T17:38:38+00:00,2025-09-12T21:25:27+00:00,2025-09-12,2025-09-12,13609
c004e9,WJA661,CYYZ,YYZ,Toronto,CYYC,YYC,Calgary,1757698654,1757712637,2025-09-12T17:37:34+00:00,2025-09-12T21:30:37+00:00,2025-09-12,2025-09-12,13983
c06174,POE307,CYYZ,YYZ,Toronto,CYVR,YVR,Vancouver,1757697545,1757714570,2025-09-12T17:19:05+00:00,2025-09-12T22:02:50+00:00,2025-09-12,2025-09-12,17025
c07866,CGTPL,CYYZ,YYZ,Toronto,CYYC,YYC,Calgary,1757696812,1757709924,2025-09-12T17:06:52+00:00,2025-09-12T20:45:24+00:00,2025-09-12,2025-09-12,13112
c0192e,ACA113,CYYZ,YYZ,Toronto,CYVR,YVR,Vancouver,1757696581,1757713551,2025-09-12T17:03:01+00:00,2025-09-12T21:45:51+00:00,2025-09-12,2025-09-12,16970
c04eb6,ACA7201,CYYZ,YYZ,Toronto,CYVR,YVR,Vancouver,1757696287,1757713190,2025-09-12T16:58:07+00:00,2025-09-12T21:39:50+00:00,2025-09-12,2025-09-12,16903
c03488,WJA425,CYYZ,YYZ,Toronto,CYEG,YEG,Edmonton,1757693553,1757707496,2025-09-12T16:12:33+00:00,2025-09-12T20:04:56+00:00,2025-09-12,2025-09-12,13943
c05403,WJA711,CYYZ,YYZ,Toronto,CYVR,YVR,Vancouver,1757693387,1757710206,2025-09-12T16:09:47+00:00,2025-09-12T20:50:06+00:00,2025-09-12,2025-09-12,16819
c07b05,ACA410,CYYZ,YYZ,Toronto,CYUL,YUL,Montreal,1757693103,1757696934,2025-09-12T16:05:03+00:00,2025-09-12T17:08:54+00:00,2025-09-12,2025-09-12,3831
c02fed,ACA141,CYYZ,YYZ,Toronto,CYYC,YYC,Calgary,1757693100,1757706865,2025-09-12T16:05:00+00:00,2025-09-12T19:54:25+00:00,2025-09-12,2025-09-12,13765
c03069,ACA111,CYYZ,YYZ,Toronto,CYVR,YVR,Vancouver,1757692848,1757710429,2025-09-12T16:00:48+00:00,2025-09-12T20:53:49+00:00,2025-09-12,2025-09-12,17581
740823,RJA272,CYYZ,YYZ,Toronto,CYUL,YUL,Montreal,1757691690,1757694899,2025-09-12T15:41:30+00:00,2025-09-12T16:34:59+00:00,2025-09-12,2025-09-12,3209
c043b7,ACA408,CYYZ,YYZ,Toronto,CYUL,YUL,Montreal,1757691002,1757694206,2025-09-12T15:30:02+00:00,2025-09-12T16:23:26+00:00,2025-09-12,2025-09-12,3204
c05eb7,ACA117,CYYZ,YYZ,Toronto,CYVR,YVR,Vancouver,1757689779,1757706976,2025-09-12T15:09:39+00:00,2025-09-12T19:56:16+00:00,2025-09-12,2025-09-12,17197
c07fb1,WJA657,CYYZ,YYZ,Toronto,CYYC,YYC,Calgary,1757689307,1757704246,2025-09-12T15:01:47+00:00,2025-09-12T19:10:46+00:00,2025-09-12,2025-09-12,14939
c013c3,ACA167,CYYZ,YYZ,Toronto,CYEG,YEG,Edmonton,1757688842,1757702335,2025-09-12T14:54:02+00:00,2025-09-12T18:38:55+00:00,2025-09-12,2025-09-12,13493
c060ba,POE305,CYYZ,YYZ,Toronto,CYVR,YVR,Vancouver,1757688039,1757704946,2025-09-12T14:40:39+00:00,2025-09-12T19:22:26+00:00,2025-09-12,2025-09-12,16907
c01f1e,FLE637,CYYZ,YYZ,Toronto,CYEG,YEG,Edmonton,1757687735,1757701767,2025-09-12T14:35:35+00:00,2025-09-12T18:29:27+00:00,2025-09-12,2025-09-12,14032
c05ed0,ACA137,CYYZ,YYZ,Toronto,CYYC,YYC,Calgary,1757687490,1757701195,2025-09-12T14:31:30+00:00,2025-09-12T18:19:55+00:00,2025-09-12,2025-09-12,13705
c01d7e,FLE625,CYYZ,YYZ,Toronto,CYYC,YYC,Calgary,1757686800,1757700822,2025-09-12T14:20:00+00:00,2025-09-12T18:13:42+00:00,2025-09-12,2025-09-12,14022
c01e28,ACA109,CYYZ,YYZ,Toronto,CYVR,YVR,Vancouver,1757686715,1757703266,2025-09-12T14:18:35+00:00,2025-09-12T18:54:26+00:00,2025-09-12,2025-09-12,16551
c0360e,WJA655,CYYZ,YYZ,Toronto,CYYC,YYC,Calgary,1757685990,1757700205,2025-09-12T14:06:30+00:00,2025-09-12T18:03:25+00:00,2025-09-12,2025-09-12,14215
c004f3,WJA707,CYYZ,YYZ,Toronto,CYVR,YVR,Vancouver,1757685815,1757702663,2025-09-12T14:03:35+00:00,2025-09-12T18:44:23+00:00,2025-09-12,2025-09-12,16848
c00e6c,FLE609,CYYZ,YYZ,Toronto,CYVR,YVR,Vancouver,1757685422,1757702396,2025-09-12T13:57:02+00:00,2025-09-12T18:39:56+00:00,2025-09-12,2025-09-12,16974
c08853,POE353,CYYZ,YYZ,Toronto,CYYC,YYC,Calgary,1757683302,1757697608,2025-09-12T13:21:42+00:00,2025-09-12T17:20:08+00:00,2025-09-12,2025-09-12,14306
c060be,POE403,CYYZ,YYZ,Toronto,CYEG,YEG,Edmonton,1757683170,1757696906,2025-09-12T13:19:30+00:00,2025-09-12T17:08:26+00:00,2025-09-12,2025-09-12,13736
c05eac,ACA135,CYYZ,YYZ,Toronto,CYYC,YYC,Calgary,1757682875,1757696744,2025-09-12T13:14:35+00:00,2025-09-12T17:05:44+00:00,2025-09-12,2025-09-12,13869
c038a7,ACA107,CYYZ,YYZ,Toronto,CYVR,YVR,Vancouver,1757682610,1757698428,2025-09-12T13:10:10+00:00,2025-09-12T17:33:48+00:00,2025-09-12,2025-09-12,15818
c00ec2,WJA421,CYYZ,YYZ,Toronto,CYEG,YEG,Edmonton,1757682274,1757696438,2025-09-12T13:04:34+00:00,2025-09-12T17:00:38+00:00,2025-09-12,2025-09-12,14164
c03f85,WJA651,CYYZ,YYZ,Toronto,CYYC,YYC,Calgary,1757682243,1757696424,2025-09-12T13:04:03+00:00,2025-09-12T17:00:24+00:00,2025-09-12,2025-09-12,14181
c07c7a,ACA404,CYYZ,YYZ,Toronto,CYUL,YUL,Montreal,1757682139,1757685505,2025-09-12T13:02:19+00:00,2025-09-12T13:58:25+00:00,2025-09-12,2025-09-12,3366
c05bcf,ACA105,CYYZ,YYZ,Toronto,CYVR,YVR,Vancouver,1757680637,1757697069,2025-09-12T12:37:17+00:00,2025-09-12T17:11:09+00:00,2025-09-12,2025-09-12,16432
c05bcb,ACA165,CYYZ,YYZ,Toronto,CYEG,YEG,Edmonton,1757679861,1757693289,2025-09-12T12:24:21+00:00,2025-09-12T16:08:09+00:00,2025-09-12,2025-09-12,13428
c060bc,POE303,CYYZ,YYZ,Toronto,CYVR,YVR,Vancouver,1757679392,1757696903,2025-09-12T12:16:32+00:00,2025-09-12T17:08:23+00:00,2025-09-12,2025-09-12,17511
c088fb,WJA703,CYYZ,YYZ,Toronto,CYVR,YVR,Vancouver,1757679057,1757696232,2025-09-12T12:10:57+00:00,2025-09-12T16:57:12+00:00,2025-09-12,2025-09-12,17175
c0192e,ACA402,CYYZ,YYZ,Toronto,CYUL,YUL,Montreal,1757678895,1757682416,2025-09-12T12:08:15+00:00,2025-09-12T13:06:56+00:00,2025-09-12,2025-09-12,3521
c03bf2,WJA649,CYYZ,YYZ,Toronto,CYYC,YYC,Calgary,1757678622,1757692940,2025-09-12T12:03:42+00:00,2025-09-12T16:02:20+00:00,2025-09-12,2025-09-12,14318
c0173e,ACA189,CYYZ,YYZ,Toronto,CYVR,YVR,Vancouver,1757678438,1757693994,2025-09-12T12:00:38+00:00,2025-09-12T16:19:54+00:00,2025-09-12,2025-09-12,15556
c01e11,FLE601,CYYZ,YYZ,Toronto,CYVR,YVR,Vancouver,1757677530,1757694626,2025-09-12T11:45:30+00:00,2025-09-12T16:30:26+00:00,2025-09-12,2025-09-12,17096
c06183,POE111,CYYZ,YYZ,Toronto,CYUL,YUL,Montreal,1757677175,1757681086,2025-09-12T11:39:35+00:00,2025-09-12T12:44:46+00:00,2025-09-12,2025-09-12,3911
c05eb1,ACA133,CYYZ,YYZ,Toronto,CYYC,YYC,Calgary,1757675731,1757689989,2025-09-12T11:15:31+00:00,2025-09-12T15:13:09+00:00,2025-09-12,2025-09-12,14258
c08497,ACA161,CYYZ,YYZ,Toronto,CYEG,YEG,Edmonton,1757675550,1757688736,2025-09-12T11:12:30+00:00,2025-09-12T14:52:16+00:00,2025-09-12,2025-09-12,13186
c01e13,FLE639,CYYZ,YYZ,Toronto,CYEG,YEG,Edmonton,1757674960,1757688596,2025-09-12T11:02:40+00:00,2025-09-12T14:49:56+00:00,2025-09-12,2025-09-12,13636
c06709,ACA7053,CYYZ,YYZ,Toronto,CYUL,YUL,Montreal,1757674806,1757678057,2025-09-12T11:00:06+00:00,2025-09-12T11:54:17+00:00,2025-09-12,2025-09-12,3251
c0506b,ACA400,CYYZ,YYZ,Toronto,CYUL,YUL,Montreal,1757674743,1757678169,2025-09-12T10:59:03+00:00,2025-09-12T11:56:09+00:00,2025-09-12,2025-09-12,3426
c05bd2,ACA101,CYYZ,YYZ,Toronto,CYVR,YVR,Vancouver,1757674429,1757691684,2025-09-12T10:53:49+00:00,2025-09-12T15:41:24+00:00,2025-09-12,2025-09-12,17255
c04453,WJA419,CYYZ,YYZ,Toronto,CYEG,YEG,Edmonton,1757673778,1757688127,2025-09-12T10:42:58+00:00,2025-09-12T14:42:07+00:00,2025-09-12,2025-09-12,14349
c03f02,WJA653,CYYZ,YYZ,Toronto,CYYC,YYC,Calgary,1757673568,1757688159,2025-09-12T10:39:28+00:00,2025-09-12T14:42:39+00:00,2025-09-12,2025-09-12,14591
c02966,WJA701,CYYZ,YYZ,Toronto,CYVR,YVR,Vancouver,1757673366,1757690842,2025-09-12T10:36:06+00:00,2025-09-12T15:27:22+00:00,2025-09-12,2025-09-12,17476
c010ec,ACA183,CYYZ,YYZ,Toronto,CYVR,YVR,Vancouver,1757672640,1757689439,2025-09-12T10:24:00+00:00,2025-09-12T15:03:59+00:00,2025-09-12,2025-09-12,16799
c0332c,ACA480,CYYZ,YYZ,Toronto,CYUL,YUL,Montreal,1757672232,1757676437,2025-09-12T10:17:12+00:00,2025-09-12T11:27:17+00:00,2025-09-12,2025-09-12,4205
c02067,MAL7051,CYYZ,YYZ,Toronto,CYYC,YYC,Calgary,1757654029,1757667793,2025-09-12T05:13:49+00:00,2025-09-12T09:03:13+00:00,2025-09-12,2025-09-12,13764
c013c3,ACA432,CYYZ,YYZ,Toronto,CYUL,YUL,Montreal,1757647654,1757651117,2025-09-12T03:27:34+00:00,2025-09-12T04:25:17+00:00,2025-09-12,2025-09-12,3463
c050c0,ACA159,CYYZ,YYZ,Toronto,CYYC,YYC,Calgary,1757647540,1757661038,2025-09-12T03:25:40+00:00,2025-09-12T07:10:38+00:00,2025-09-12,2025-09-12,13498
c08853,POE135,CYYZ,YYZ,Toronto,CYUL,YUL,Montreal,1757647382,1757650753,2025-09-12T03:23:02+00:00,2025-09-12T04:19:13+00:00,2025-09-12,2025-09-12,3371
c07193,WJA598,CYYZ,YYZ,Toronto,CYUL,YUL,Montreal,1757646436,1757650229,2025-09-12T03:07:16+00:00,2025-09-12T04:10:29+00:00,2025-09-12,2025-09-12,3793
c03487,WJA679,CYYZ,YYZ,Toronto,CYYC,YYC,Calgary,1757644430,1757658124,2025-09-12T02:33:50+00:00,2025-09-12T06:22:04+00:00,2025-09-12,2025-09-12,13694
c04535,SDE150,CYYZ,YYZ,Toronto,CYYC,YYC,Calgary,1757644173,1757658449,2025-09-12T02:29:33+00:00,2025-09-12T06:27:29+00:00,2025-09-12,2025-09-12,14276
c02f6a,WJA731,CYYZ,YYZ,Toronto,CYVR,YVR,Vancouver,1757644121,1757660815,2025-09-12T02:28:41+00:00,2025-09-12T07:06:55+00:00,2025-09-12,2025-09-12,16694
c080a2,WJA445,CYYZ,YYZ,Toronto,CYEG,YEG,Edmonton,1757643640,1757657860,2025-09-12T02:20:40+00:00,2025-09-12T06:17:40+00:00,2025-09-12,2025-09-12,14220
c00e6c,FLE631,CYYZ,YYZ,Toronto,CYEG,YEG,Edmonton,1757642714,1757656713,2025-09-12T02:05:14+00:00,2025-09-12T05:58:33+00:00,2025-09-12,2025-09-12,13999
c060c5,POE409,CYYZ,YYZ,Toronto,CYEG,YEG,Edmonton,1757642109,1757656166,2025-09-12T01:55:09+00:00,2025-09-12T05:49:26+00:00,2025-09-12,2025-09-12,14057
c060bd,POE313,CYYZ,YYZ,Toronto,CYVR,YVR,Vancouver,1757641672,1757658655,2025-09-12T01:47:52+00:00,2025-09-12T06:30:55+00:00,2025-09-12,2025-09-12,16983
c01dac,FLE629,CYYZ,YYZ,Toronto,CYYC,YYC,Calgary,1757641071,1757655749,2025-09-12T01:37:51+00:00,2025-09-12T05:42:29+00:00,2025-09-12,2025-09-12,14678
c01e28,ACA129,CYYZ,YYZ,Toronto,CYVR,YVR,Vancouver,1757640938,1757657874,2025-09-12T01:35:38+00:00,2025-09-12T06:17:54+00:00,2025-09-12,2025-09-12,16936
c018db,CFJKS,CYYZ,YYZ,Toronto,CYUL,YUL,Montreal,1757640639,1757644588,2025-09-12T01:30:39+00:00,2025-09-12T02:36:28+00:00,2025-09-12,2025-09-12,3949
c01e1a,FLE603,CYYZ,YYZ,Toronto,CYVR,YVR,Vancouver,1757640157,1757657099,2025-09-12T01:22:37+00:00,2025-09-12T06:04:59+00:00,2025-09-12,2025-09-12,16942
c010e4,ACA157,CYYZ,YYZ,Toronto,CYYC,YYC,Calgary,1757639577,1757653215,2025-09-12T01:12:57+00:00,2025-09-12T05:00:15+00:00,2025-09-12,2025-09-12,13638
c03cf4,ACA177,CYYZ,YYZ,Toronto,CYEG,YEG,Edmonton,1757637883,1757651449,2025-09-12T00:44:43+00:00,2025-09-12T04:30:49+00:00,2025-09-12,2025-09-12,13566
c0797b,ACA426,CYYZ,YYZ,Toronto,CYUL,YUL,Montreal,1757636708,1757639875,2025-09-12T00:25:08+00:00,2025-09-12T01:17:55+00:00,2025-09-12,2025-09-12,3167
c05da4,WJA675,CYYZ,YYZ,Toronto,CYYC,YYC,Calgary,1757636376,1757650196,2025-09-12T00:19:36+00:00,2025-09-12T04:09:56+00:00,2025-09-12,2025-09-12,13820
c05bcb,ACA127,CYYZ,YYZ,Toronto,CYVR,YVR,Vancouver,1757635370,1757652385,2025-09-12T00:02:50+00:00,2025-09-12T04:46:25+00:00,2025-09-12,2025-09-12,17015
c06171,POE129,CYYZ,YYZ,Toronto,CYUL,YUL,Montreal,1757635355,1757638827,2025-09-12T00:02:35+00:00,2025-09-12T01:00:27+00:00,2025-09-12,2025-09-12,3472
c04eb6,ACA7201,CYYZ,YYZ,Toronto,CYVR,YVR,Vancouver,1757635209,1757651502,2025-09-12T00:00:09+00:00,2025-09-12T04:31:42+00:00,2025-09-12,2025-09-12,16293
c066f0,ACA421,CYUL,YUL,Montreal,CYYZ,YYZ,Toronto,1757712136,1757715660,2025-09-12T21:22:16+00:00,2025-09-12T22:21:00+00:00,2025-09-12,2025-09-12,3524
c04fe4,ACA895,CYUL,YUL,Montreal,CYYZ,YYZ,Toronto,1757709604,1757713099,2025-09-12T20:40:04+00:00,2025-09-12T21:38:19+00:00,2025-09-12,2025-09-12,3495
c07998,TSC450,CYUL,YUL,Montreal,CYYZ,YYZ,Toronto,1757708951,1757712707,2025-09-12T20:29:11+00:00,2025-09-12T21:31:47+00:00,2025-09-12,2025-09-12,3756
c058c2,ACA489,CYUL,YUL,Montreal,CYYZ,YYZ,Toronto,1757708220,1757711364,2025-09-12T20:17:00+00:00,2025-09-12T21:09:24+00:00,2025-09-12,2025-09-12,3144
c069f0,CGODB,CYUL,YUL,Montreal,CYYZ,YYZ,Toronto,1757705887,1757708813,2025-09-12T19:38:07+00:00,2025-09-12T20:26:53+00:00,2025-09-12,2025-09-12,2926
c07e33,ACA487,CYUL,YUL,Montreal,CYYZ,YYZ,Toronto,1757705670,1757708848,2025-09-12T19:34:30+00:00,2025-09-12T20:27:28+00:00,2025-09-12,2025-09-12,3178
c0618e,POE120,CYUL,YUL,Montreal,CYYZ,YYZ,Toronto,1757705495,1757708759,2025-09-12T19:31:35+00:00,2025-09-12T20:25:59+00:00,2025-09-12,2025-09-12,3264
c07b05,ACA415,CYUL,YUL,Montreal,CYYZ,YYZ,Toronto,1757701188,1757704582,2025-09-12T18:19:48+00:00,2025-09-12T19:16:22+00:00,2025-09-12,2025-09-12,3394
c023c5,ACA323,CYUL,YUL,Montreal,CYYC,YYC,Calgary,1757700787,1757714520,2025-09-12T18:13:07+00:00,2025-09-12T22:02:00+00:00,2025-09-12,2025-09-12,13733
c05aac,CGIIT,CYUL,YUL,Montreal,CYYZ,YYZ,Toronto,1757700670,1757704428,2025-09-12T18:11:10+00:00,2025-09-12T19:13:48+00:00,2025-09-12,2025-09-12,3758
c0307a,ACA335,CYUL,YUL,Montreal,CYEG,YEG,Edmonton,1757698896,1757713516,2025-09-12T17:41:36+00:00,2025-09-12T21:45:16+00:00,2025-09-12,2025-09-12,14620
c043b7,ACA413,CYUL,YUL,Montreal,CYYZ,YYZ,Toronto,1757698384,1757701435,2025-09-12T17:33:04+00:00,2025-09-12T18:23:55+00:00,2025-09-12,2025-09-12,3051
c066dd,ACA305,CYUL,YUL,Montreal,CYVR,YVR,Vancouver,1757698303,1757716277,2025-09-12T17:31:43+00:00,2025-09-12T22:31:17+00:00,2025-09-12,2025-09-12,17974
c030a6,ACA411,CYUL,YUL,Montreal,CYYZ,YYZ,Toronto,1757693164,1757696571,2025-09-12T16:06:04+00:00,2025-09-12T17:02:51+00:00,2025-09-12,2025-09-12,3407
c07c7a,ACA409,CYUL,YUL,Montreal,CYYZ,YYZ,Toronto,1757690872,1757694328,2025-09-12T15:27:52+00:00,2025-09-12T16:25:28+00:00,2025-09-12,2025-09-12,3456
c0192e,ACA407,CYUL,YUL,Montreal,CYYZ,YYZ,Toronto,1757687856,1757691260,2025-09-12T14:37:36+00:00,2025-09-12T15:34:20+00:00,2025-09-12,2025-09-12,3404
c06183,POE112,CYUL,YUL,Montreal,CYYZ,YYZ,Toronto,1757686191,1757689645,2025-09-12T14:09:51+00:00,2025-09-12T15:07:25+00:00,2025-09-12,2025-09-12,3454
c0506b,ACA405,CYUL,YUL,Montreal,CYYZ,YYZ,Toronto,1757683690,1757687157,2025-09-12T13:28:10+00:00,2025-09-12T14:25:57+00:00,2025-09-12,2025-09-12,3467
c04cf4,WJA589,CYUL,YUL,Montreal,CYVR,YVR,Vancouver,1757680771,1757698745,2025-09-12T12:39:31+00:00,2025-09-12T17:39:05+00:00,2025-09-12,2025-09-12,17974
c01074,ACA303,CYUL,YUL,Montreal,CYVR,YVR,Vancouver,1757680470,1757697292,2025-09-12T12:34:30+00:00,2025-09-12T17:14:52+00:00,2025-09-12,2025-09-12,16822
c050c5,ACA321,CYUL,YUL,Montreal,CYYC,YYC,Calgary,1757680336,1757695619,2025-09-12T12:32:16+00:00,2025-09-12T16:46:59+00:00,2025-09-12,2025-09-12,15283
c03064,ACA331,CYUL,YUL,Montreal,CYEG,YEG,Edmonton,1757680235,1757695096,2025-09-12T12:30:35+00:00,2025-09-12T16:38:16+00:00,2025-09-12,2025-09-12,14861
740823,RJA271,CYUL,YUL,Montreal,CYYZ,YYZ,Toronto,1757679940,1757683315,2025-09-12T12:25:40+00:00,2025-09-12T13:21:55+00:00,2025-09-12,2025-09-12,3375
c05ed0,ACA403,CYUL,YUL,Montreal,CYYZ,YYZ,Toronto,1757678653,1757682209,2025-09-12T12:04:13+00:00,2025-09-12T13:03:29+00:00,2025-09-12,2025-09-12,3556
c083f2,ACA301,CYUL,YUL,Montreal,CYVR,YVR,Vancouver,1757676864,1757694192,2025-09-12T11:34:24+00:00,2025-09-12T16:23:12+00:00,2025-09-12,2025-09-12,17328
c06171,POE373,CYUL,YUL,Montreal,CYVR,YVR,Vancouver,1757675717,1757694406,2025-09-12T11:15:17+00:00,2025-09-12T16:26:46+00:00,2025-09-12,2025-09-12,18689
c0540c,WJA215,CYUL,YUL,Montreal,CYYC,YYC,Calgary,1757675621,1757690745,2025-09-12T11:13:41+00:00,2025-09-12T15:25:45+00:00,2025-09-12,2025-09-12,15124
c013c3,ACA401,CYUL,YUL,Montreal,CYYZ,YYZ,Toronto,1757675267,1757678697,2025-09-12T11:07:47+00:00,2025-09-12T12:04:57+00:00,2025-09-12,2025-09-12,3430
c08853,POE102,CYUL,YUL,Montreal,CYYZ,YYZ,Toronto,1757675042,1757678489,2025-09-12T11:04:02+00:00,2025-09-12T12:01:29+00:00,2025-09-12,2025-09-12,3447
c07193,WJA579,CYUL,YUL,Montreal,CYYZ,YYZ,Toronto,1757674846,1757678576,2025-09-12T11:00:46+00:00,2025-09-12T12:02:56+00:00,2025-09-12,2025-09-12,3730
c05ec7,ACA481,CYUL,YUL,Montreal,CYYZ,YYZ,Toronto,1757671922,1757675488,2025-09-12T10:12:02+00:00,2025-09-12T11:11:28+00:00,2025-09-12,2025-09-12,3566
c05060,ACA313,CYUL,YUL,Montreal,CYVR,YVR,Vancouver,1757642950,1757661015,2025-09-12T02:09:10+00:00,2025-09-12T07:10:15+00:00,2025-09-12,2025-09-12,18065
c043b7,ACA429,CYUL,YUL,Montreal,CYYZ,YYZ,Toronto,1757642103,1757645397,2025-09-12T01:55:03+00:00,2025-09-12T02:49:57+00:00,2025-09-12,2025-09-12,3294
c0583f,ACA327,CYUL,YUL,Montreal,CYYC,YYC,Calgary,1757638473,1757652893,2025-09-12T00:54:33+00:00,2025-09-12T04:54:53+00:00,2025-09-12,2025-09-12,14420
c06e87,ACA427,CYUL,YUL,Montreal,CYYZ,YYZ,Toronto,1757637167,1757640440,2025-09-12T00:32:47+00:00,2025-09-12T01:27:20+00:00,2025-09-12,2025-09-12,3273
c071d9,CGRCY,CYUL,YUL,Montreal,CYYZ,YYZ,Toronto,1757636894,1757640025,2025-09-12T00:28:14+00:00,2025-09-12T01:20:25+00:00,2025-09-12,2025-09-12,3131
c07721,TSC640,CYUL,YUL,Montreal,CYYZ,YYZ,Toronto,1757636416,1757639806,2025-09-12T00:20:16+00:00,2025-09-12T01:16:46+00:00,2025-09-12,2025-09-12,3390
c060bc,POE130,CYUL,YUL,Montreal,CYYZ,YYZ,Toronto,1757636194,1757639426,2025-09-12T00:16:34+00:00,2025-09-12T01:10:26+00:00,2025-09-12,2025-09-12,3232
c08861,POE389,CYUL,YUL,Montreal,CYYC,YYC,Calgary,1757635850,1757650979,2025-09-12T00:10:50+00:00,2025-09-12T04:22:59+00:00,2025-09-12,2025-09-12,15129
c0616c,POE383,CYUL,YUL,Montreal,CYEG,YEG,Edmonton,1757635203,1757650127,2025-09-12T00:00:03+00:00,2025-09-12T04:08:47+00:00,2025-09-12,2025-09-12,14924
c03af2,WJA116,CYVR,YVR,Vancouver,CYYC,YYC,Calgary,1757799991,1757803583,2025-09-13T21:46:31+00:00,2025-09-13T22:46:23+00:00,2025-09-13,2025-09-13,3592
c03c05,WJA114,CYVR,YVR,Vancouver,CYYC,YYC,Calgary,1757796981,1757800663,2025-09-13T20:56:21+00:00,2025-09-13T21:57:43+00:00,2025-09-13,2025-09-13,3682
c03210,ASP844,CYVR,YVR,Vancouver,CYEG,YEG,Edmonton,1757795596,1757799669,2025-09-13T20:33:16+00:00,2025-09-13T21:41:09+00:00,2025-09-13,2025-09-13,4073
c03068,ACA216,CYVR,YVR,Vancouver,CYYC,YYC,Calgary,1757793810,1757797413,2025-09-13T20:03:30+00:00,2025-09-13T21:03:33+00:00,2025-09-13,2025-09-13,3603
c080ac,WJA112,CYVR,YVR,Vancouver,CYYC,YYC,Calgary,1757793230,1757796893,2025-09-13T19:53:50+00:00,2025-09-13T20:54:53+00:00,2025-09-13,2025-09-13,3663
c00e55,FLE820,CYVR,YVR,Vancouver,CYEG,YEG,Edmonton,1757792850,1757796943,2025-09-13T19:47:30+00:00,2025-09-13T20:55:43+00:00,2025-09-13,2025-09-13,4093
c0614d,WJA8975,CYVR,YVR,Vancouver,CYYC,YYC,Calgary,1757791545,1757795243,2025-09-13T19:25:45+00:00,2025-09-13T20:27:23+00:00,2025-09-13,2025-09-13,3698
c01e11,FLE816,CYVR,YVR,Vancouver,CYYC,YYC,Calgary,1757790184,1757794048,2025-09-13T19:03:04+00:00,2025-09-13T20:07:28+00:00,2025-09-13,2025-09-13,3864
c03c44,WJA166,CYVR,YVR,Vancouver,CYEG,YEG,Edmonton,1757790126,1757794186,2025-09-13T19:02:06+00:00,2025-09-13T20:09:46+00:00,2025-09-13,2025-09-13,4060
c01c28,WJA110,CYVR,YVR,Vancouver,CYYC,YYC,Calgary,1757789374,1757793147,2025-09-13T18:49:34+00:00,2025-09-13T19:52:27+00:00,2025-09-13,2025-09-13,3773
c010ec,ACA110,CYVR,YVR,Vancouver,CYYZ,YYZ,Toronto,1757789293,1757804355,2025-09-13T18:48:13+00:00,2025-09-13T22:59:15+00:00,2025-09-13,2025-09-13,15062
c006ec,ACA238,CYVR,YVR,Vancouver,CYEG,YEG,Edmonton,1757789210,1757793198,2025-09-13T18:46:50+00:00,2025-09-13T19:53:18+00:00,2025-09-13,2025-09-13,3988
c056c6,WJA710,CYVR,YVR,Vancouver,CYYZ,YYZ,Toronto,1757788664,1757803853,2025-09-13T18:37:44+00:00,2025-09-13T22:50:53+00:00,2025-09-13,2025-09-13,15189
c00926,WJA108,CYVR,YVR,Vancouver,CYYC,YYC,Calgary,1757785258,1757788953,2025-09-13T17:40:58+00:00,2025-09-13T18:42:33+00:00,2025-09-13,2025-09-13,3695
c06177,POE304,CYVR,YVR,Vancouver,CYYZ,YYZ,Toronto,1757785118,1757800643,2025-09-13T17:38:38+00:00,2025-09-13T21:57:23+00:00,2025-09-13,2025-09-13,15525
c01ee6,WJA162,CYVR,YVR,Vancouver,CYEG,YEG,Edmonton,1757784403,1757788468,2025-09-13T17:26:43+00:00,2025-09-13T18:34:28+00:00,2025-09-13,2025-09-13,4065
c05ea6,ACA108,CYVR,YVR,Vancouver,CYYZ,YYZ,Toronto,1757784233,1757800005,2025-09-13T17:23:53+00:00,2025-09-13T21:46:45+00:00,2025-09-13,2025-09-13,15772
c00899,ACA210,CYVR,YVR,Vancouver,CYYC,YYC,Calgary,1757783851,1757787553,2025-09-13T17:17:31+00:00,2025-09-13T18:19:13+00:00,2025-09-13,2025-09-13,3702
c023ae,ACA34,CYVR,YVR,Vancouver,CYYZ,YYZ,Toronto,1757782201,1757796564,2025-09-13T16:50:01+00:00,2025-09-13T20:49:24+00:00,2025-09-13,2025-09-13,14363
c010f6,ACA236,CYVR,YVR,Vancouver,CYEG,YEG,Edmonton,1757781859,1757785844,2025-09-13T16:44:19+00:00,2025-09-13T17:50:44+00:00,2025-09-13,2025-09-13,3985
c04d0a,WEN3174,CYVR,YVR,Vancouver,CYYC,YYC,Calgary,1757781048,1757792806,2025-09-13T16:30:48+00:00,2025-09-13T19:46:46+00:00,2025-09-13,2025-09-13,11758
c03f02,WJA706,CYVR,YVR,Vancouver,CYYZ,YYZ,Toronto,1757780321,1757795519,2025-09-13T16:18:41+00:00,2025-09-13T20:31:59+00:00,2025-09-13,2025-09-13,15198
c01759,ACA304,CYVR,YVR,Vancouver,CYUL,YUL,Montreal,1757779810,1757795535,2025-09-13T16:10:10+00:00,2025-09-13T20:32:15+00:00,2025-09-13,2025-09-13,15725
c05ebb,WJA104,CYVR,YVR,Vancouver,CYYC,YYC,Calgary,1757778728,1757782349,2025-09-13T15:52:08+00:00,2025-09-13T16:52:29+00:00,2025-09-13,2025-09-13,3621
c01624,JZA7778,CYVR,YVR,Vancouver,CYEG,YEG,Edmonton,1757778093,1757782252,2025-09-13T15:41:33+00:00,2025-09-13T16:50:52+00:00,2025-09-13,2025-09-13,4159
c03210,ASP844,CYVR,YVR,Vancouver,CYEG,YEG,Edmonton,1757777721,1757781671,2025-09-13T15:35:21+00:00,2025-09-13T16:41:11+00:00,2025-09-13,2025-09-13,3950
c00700,ACA204,CYVR,YVR,Vancouver,CYYC,YYC,Calgary,1757777590,1757781259,2025-09-13T15:33:10+00:00,2025-09-13T16:34:19+00:00,2025-09-13,2025-09-13,3669
c080a4,WJA164,CYVR,YVR,Vancouver,CYEG,YEG,Edmonton,1757776841,1757780926,2025-09-13T15:20:41+00:00,2025-09-13T16:28:46+00:00,2025-09-13,2025-09-13,4085
c060c7,POE372,CYVR,YVR,Vancouver,CYUL,YUL,Montreal,1757776535,1757792972,2025-09-13T15:15:35+00:00,2025-09-13T19:49:32+00:00,2025-09-13,2025-09-13,16437
c05eb1,ACA104,CYVR,YVR,Vancouver,CYYZ,YYZ,Toronto,1757775313,1757790945,2025-09-13T14:55:13+00:00,2025-09-13T19:15:45+00:00,2025-09-13,2025-09-13,15632
c00e55,FLE800,CYVR,YVR,Vancouver,CYYC,YYC,Calgary,1757775232,1757779009,2025-09-13T14:53:52+00:00,2025-09-13T15:56:49+00:00,2025-09-13,2025-09-13,3777
c06080,ACA302,CYVR,YVR,Vancouver,CYUL,YUL,Montreal,1757775133,1757791859,2025-09-13T14:52:13+00:00,2025-09-13T19:30:59+00:00,2025-09-13,2025-09-13,16726
c060c3,POE302,CYVR,YVR,Vancouver,CYYZ,YYZ,Toronto,1757775034,1757790712,2025-09-13T14:50:34+00:00,2025-09-13T19:11:52+00:00,2025-09-13,2025-09-13,15678
c007d0,ACA232,CYVR,YVR,Vancouver,CYEG,YEG,Edmonton,1757774606,1757778581,2025-09-13T14:43:26+00:00,2025-09-13T15:49:41+00:00,2025-09-13,2025-09-13,3975
c080ac,WJA102,CYVR,YVR,Vancouver,CYYC,YYC,Calgary,1757772616,1757776337,2025-09-13T14:10:16+00:00,2025-09-13T15:12:17+00:00,2025-09-13,2025-09-13,3721
c0797b,ACA202,CYVR,YVR,Vancouver,CYYC,YYC,Calgary,1757772473,1757776147,2025-09-13T14:07:53+00:00,2025-09-13T15:09:07+00:00,2025-09-13,2025-09-13,3674
c0226c,WJA700,CYVR,YVR,Vancouver,CYYZ,YYZ,Toronto,1757771521,1757786697,2025-09-13T13:52:01+00:00,2025-09-13T18:04:57+00:00,2025-09-13,2025-09-13,15176
c03c44,WJA160,CYVR,YVR,Vancouver,CYEG,YEG,Edmonton,1757769991,1757774081,2025-09-13T13:26:31+00:00,2025-09-13T14:34:41+00:00,2025-09-13,2025-09-13,4090
c03b15,WJA100,CYVR,YVR,Vancouver,CYYC,YYC,Calgary,1757769525,1757773228,2025-09-13T13:18:45+00:00,2025-09-13T14:20:28+00:00,2025-09-13,2025-09-13,3703
c02fd8,ACA100,CYVR,YVR,Vancouver,CYYZ,YYZ,Toronto,1757769030,1757784359,2025-09-13T13:10:30+00:00,2025-09-13T17:25:59+00:00,2025-09-13,2025-09-13,15329
c004e9,WJA136,CYVR,YVR,Vancouver,CYYC,YYC,Calgary,1757765269,1757769059,2025-09-13T12:07:49+00:00,2025-09-13T13:10:59+00:00,2025-09-13,2025-09-13,3790
c0473b,CJT2382,CYVR,YVR,Vancouver,CYYC,YYC,Calgary,1757750684,1757754172,2025-09-13T08:04:44+00:00,2025-09-13T09:02:52+00:00,2025-09-13,2025-09-13,3488
c05bcf,ACA182,CYVR,YVR,Vancouver,CYYZ,YYZ,Toronto,1757749291,1757764258,2025-09-13T07:41:31+00:00,2025-09-13T11:50:58+00:00,2025-09-13,2025-09-13,14967
c01ebb,FLE602,CYVR,YVR,Vancouver,CYYZ,YYZ,Toronto,1757749122,1757764223,2025-09-13T07:38:42+00:00,2025-09-13T11:50:23+00:00,2025-09-13,2025-09-13,15101
c05eac,ACA128,CYVR,YVR,Vancouver,CYYZ,YYZ,Toronto,1757746266,1757761976,2025-09-13T06:51:06+00:00,2025-09-13T11:12:56+00:00,2025-09-13,2025-09-13,15710
c05d9d,WJA132,CYVR,YVR,Vancouver,CYYC,YYC,Calgary,1757745362,1757749189,2025-09-13T06:36:02+00:00,2025-09-13T07:39:49+00:00,2025-09-13,2025-09-13,3827
c050c0,ACA314,CYVR,YVR,Vancouver,CYUL,YUL,Montreal,1757744082,1757759659,2025-09-13T06:14:42+00:00,2025-09-13T10:34:19+00:00,2025-09-13,2025-09-13,15577
c01e11,FLE600,CYVR,YVR,Vancouver,CYYZ,YYZ,Toronto,1757743246,1757758696,2025-09-13T06:00:46+00:00,2025-09-13T10:18:16+00:00,2025-09-13,2025-09-13,15450
c04453,WJA724,CYVR,YVR,Vancouver,CYYZ,YYZ,Toronto,1757742843,1757757852,2025-09-13T05:54:03+00:00,2025-09-13T10:04:12+00:00,2025-09-13,2025-09-13,15009
c010ec,ACA126,CYVR,YVR,Vancouver,CYYZ,YYZ,Toronto,1757742612,1757757682,2025-09-13T05:50:12+00:00,2025-09-13T10:01:22+00:00,2025-09-13,2025-09-13,15070
c060be,POE318,CYVR,YVR,Vancouver,CYYZ,YYZ,Toronto,1757741794,1757756905,2025-09-13T05:36:34+00:00,2025-09-13T09:48:25+00:00,2025-09-13,2025-09-13,15111
c0653d,ACA228,CYVR,YVR,Vancouver,CYYC,YYC,Calgary,1757740635,1757744499,2025-09-13T05:17:15+00:00,2025-09-13T06:21:39+00:00,2025-09-13,2025-09-13,3864
c03a5a,WJA178,CYVR,YVR,Vancouver,CYEG,YEG,Edmonton,1757737867,1757742057,2025-09-13T04:31:07+00:00,2025-09-13T05:40:57+00:00,2025-09-13,2025-09-13,4190
c03003,ACA250,CYVR,YVR,Vancouver,CYEG,YEG,Edmonton,1757737190,1757741271,2025-09-13T04:19:50+00:00,2025-09-13T05:27:51+00:00,2025-09-13,2025-09-13,4081
c07eef,WJA128,CYVR,YVR,Vancouver,CYYC,YYC,Calgary,1757734741,1757738543,2025-09-13T03:39:01+00:00,2025-09-13T04:42:23+00:00,2025-09-13,2025-09-13,3802
c011b6,CJT550,CYVR,YVR,Vancouver,CYYC,YYC,Calgary,1757733824,1757737343,2025-09-13T03:23:44+00:00,2025-09-13T04:22:23+00:00,2025-09-13,2025-09-13,3519
c030a6,ACA226,CYVR,YVR,Vancouver,CYYC,YYC,Calgary,1757732833,1757736786,2025-09-13T03:07:13+00:00,2025-09-13T04:13:06+00:00,2025-09-13,2025-09-13,3953
c00586,CJT554,CYVR,YVR,Vancouver,CYEG,YEG,Edmonton,1757732255,1757736165,2025-09-13T02:57:35+00:00,2025-09-13T04:02:45+00:00,2025-09-13,2025-09-13,3910
c03af2,WJA126,CYVR,YVR,Vancouver,CYYC,YYC,Calgary,1757731902,1757735667,2025-09-13T02:51:42+00:00,2025-09-13T03:54:27+00:00,2025-09-13,2025-09-13,3765
c05ebb,WJA124,CYVR,YVR,Vancouver,CYYC,YYC,Calgary,1757731428,1757735214,2025-09-13T02:43:48+00:00,2025-09-13T03:46:54+00:00,2025-09-13,2025-09-13,3786
c06080,ACA246,CYVR,YVR,Vancouver,CYEG,YEG,Edmonton,1757730787,1757734780,2025-09-13T02:33:07+00:00,2025-09-13T03:39:40+00:00,2025-09-13,2025-09-13,3993
c01fb9,MAL7063,CYVR,YVR,Vancouver,CYYC,YYC,Calgary,1757730399,1757734089,2025-09-13T02:26:39+00:00,2025-09-13T03:28:09+00:00,2025-09-13,2025-09-13,3690
c030eb,ACA224,CYVR,YVR,Vancouver,CYYC,YYC,Calgary,1757727806,1757731550,2025-09-13T01:43:26+00:00,2025-09-13T02:45:50+00:00,2025-09-13,2025-09-13,3744
c04eb6,ACA7202,CYVR,YVR,Vancouver,CYYZ,YYZ,Toronto,1757726936,1757741149,2025-09-13T01:28:56+00:00,2025-09-13T05:25:49+00:00,2025-09-13,2025-09-13,14213
c00926,WJA174,CYVR,YVR,Vancouver,CYEG,YEG,Edmonton,1757726873,1757731072,2025-09-13T01:27:53+00:00,2025-09-13T02:37:52+00:00,2025-09-13,2025-09-13,4199
c01ebb,FLE804,CYVR,YVR,Vancouver,CYYC,YYC,Calgary,1757726657,1757730412,2025-09-13T01:24:17+00:00,2025-09-13T02:26:52+00:00,2025-09-13,2025-09-13,3755
c01e1a,FLE832,CYVR,YVR,Vancouver,CYEG,YEG,Edmonton,1757724423,1757728649,2025-09-13T00:47:03+00:00,2025-09-13T01:57:29+00:00,2025-09-13,2025-09-13,4226
c080ac,WJA122,CYVR,YVR,Vancouver,CYYC,YYC,Calgary,1757724141,1757727860,2025-09-13T00:42:21+00:00,2025-09-13T01:44:20+00:00,2025-09-13,2025-09-13,3719
c010f6,ACA124,CYVR,YVR,Vancouver,CYYZ,YYZ,Toronto,1757724064,1757738994,2025-09-13T00:41:04+00:00,2025-09-13T04:49:54+00:00,2025-09-13,2025-09-13,14930
c05403,WJA722,CYVR,YVR,Vancouver,CYYZ,YYZ,Toronto,1757722923,1757738058,2025-09-13T00:22:03+00:00,2025-09-13T04:34:18+00:00,2025-09-13,2025-09-13,15135
c00700,ACA222,CYVR,YVR,Vancouver,CYYC,YYC,Calgary,1757721806,1757725725,2025-09-13T00:03:26+00:00,2025-09-13T01:08:45+00:00,2025-09-13,2025-09-13,3919
c003a8,JZA7780,CYVR,YVR,Vancouver,CYEG,YEG,Edmonton,1757721696,1757725905,2025-09-13T00:01:36+00:00,2025-09-13T01:11:45+00:00,2025-09-13,2025-09-13,4209
c07f02,WJA203,CYYC,YYC,Calgary,CYEG,YEG,Edmonton,1757801641,1757803472,2025-09-13T22:14:01+00:00,2025-09-13T22:44:32+00:00,2025-09-13,2025-09-13,1831
c0828b,SDE562,CYYC,YYC,Calgary,CYEG,YEG,Edmonton,1757800932,1757802751,2025-09-13T22:02:12+00:00,2025-09-13T22:32:31+00:00,2025-09-13,2025-09-13,1819
c055f5,JZA138,CYYC,YYC,Calgary,CYEG,YEG,Edmonton,1757800179,1757802311,2025-09-13T21:49:39+00:00,2025-09-13T22:25:11+00:00,2025-09-13,2025-09-13,2132
c07eef,WJA119,CYYC,YYC,Calgary,CYVR,YVR,Vancouver,1757798293,1757802270,2025-09-13T21:18:13+00:00,2025-09-13T22:24:30+00:00,2025-09-13,2025-09-13,3977
c080ae,WJA253,CYYC,YYC,Calgary,CYEG,YEG,Edmonton,1757794516,1757796373,2025-09-13T20:15:16+00:00,2025-09-13T20:46:13+00:00,2025-09-13,2025-09-13,1857
c00cd6,WJA117,CYYC,YYC,Calgary,CYVR,YVR,Vancouver,1757794321,1757798250,2025-09-13T20:12:01+00:00,2025-09-13T21:17:30+00:00,2025-09-13,2025-09-13,3929
c07c59,CGVCI,CYYC,YYC,Calgary,CYVR,YVR,Vancouver,1757793217,1757799517,2025-09-13T19:53:37+00:00,2025-09-13T21:38:37+00:00,2025-09-13,2025-09-13,6300
a500fa,N421SV,CYYC,YYC,Calgary,CYVR,YVR,Vancouver,1757792901,1757796746,2025-09-13T19:48:21+00:00,2025-09-13T20:52:26+00:00,2025-09-13,2025-09-13,3845
c00899,ACA217,CYYC,YYC,Calgary,CYVR,YVR,Vancouver,1757792112,1757796057,2025-09-13T19:35:12+00:00,2025-09-13T20:40:57+00:00,2025-09-13,2025-09-13,3945
c03517,WJA664,CYYC,YYC,Calgary,CYYZ,YYZ,Toronto,1757790965,1757803736,2025-09-13T19:16:05+00:00,2025-09-13T22:48:56+00:00,2025-09-13,2025-09-13,12771
c07686,CNK11,CYYC,YYC,Calgary,CYEG,YEG,Edmonton,1757790874,1757793051,2025-09-13T19:14:34+00:00,2025-09-13T19:50:51+00:00,2025-09-13,2025-09-13,2177
c03af2,WJA115,CYYC,YYC,Calgary,CYVR,YVR,Vancouver,1757790510,1757794422,2025-09-13T19:08:30+00:00,2025-09-13T20:13:42+00:00,2025-09-13,2025-09-13,3912
c060c4,POE356,CYYC,YYC,Calgary,CYYZ,YYZ,Toronto,1757789945,1757802918,2025-09-13T18:59:05+00:00,2025-09-13T22:35:18+00:00,2025-09-13,2025-09-13,12973
c055d2,JZA134,CYYC,YYC,Calgary,CYEG,YEG,Edmonton,1757788350,1757790408,2025-09-13T18:32:30+00:00,2025-09-13T19:06:48+00:00,2025-09-13,2025-09-13,2058
c05bcf,ACA146,CYYC,YYC,Calgary,CYYZ,YYZ,Toronto,1757788291,1757801017,2025-09-13T18:31:31+00:00,2025-09-13T22:03:37+00:00,2025-09-13,2025-09-13,12726
c05ebb,WJA113,CYYC,YYC,Calgary,CYVR,YVR,Vancouver,1757787968,1757791829,2025-09-13T18:26:08+00:00,2025-09-13T19:30:29+00:00,2025-09-13,2025-09-13,3861
c050c4,ACA324,CYYC,YYC,Calgary,CYUL,YUL,Montreal,1757787265,1757800893,2025-09-13T18:14:25+00:00,2025-09-13T22:01:33+00:00,2025-09-13,2025-09-13,13628
c00700,ACA211,CYYC,YYC,Calgary,CYVR,YVR,Vancouver,1757787193,1757791456,2025-09-13T18:13:13+00:00,2025-09-13T19:24:16+00:00,2025-09-13,2025-09-13,4263
c080ac,WJA111,CYYC,YYC,Calgary,CYVR,YVR,Vancouver,1757784000,1757788106,2025-09-13T17:20:00+00:00,2025-09-13T18:28:26+00:00,2025-09-13,2025-09-13,4106
c00e55,FLE801,CYYC,YYC,Calgary,CYVR,YVR,Vancouver,1757783492,1757787466,2025-09-13T17:11:32+00:00,2025-09-13T18:17:46+00:00,2025-09-13,2025-09-13,3974
c0256e,WEN3317,CYYC,YYC,Calgary,CYEG,YEG,Edmonton,1757782599,1757784629,2025-09-13T16:56:39+00:00,2025-09-13T17:30:29+00:00,2025-09-13,2025-09-13,2030
c0192e,ACA142,CYYC,YYC,Calgary,CYYZ,YYZ,Toronto,1757781739,1757794467,2025-09-13T16:42:19+00:00,2025-09-13T20:14:27+00:00,2025-09-13,2025-09-13,12728
c080aa,WJA212,CYYC,YYC,Calgary,CYUL,YUL,Montreal,1757781342,1757795209,2025-09-13T16:35:42+00:00,2025-09-13T20:26:49+00:00,2025-09-13,2025-09-13,13867
c0797b,ACA209,CYYC,YYC,Calgary,CYVR,YVR,Vancouver,1757780541,1757784667,2025-09-13T16:22:21+00:00,2025-09-13T17:31:07+00:00,2025-09-13,2025-09-13,4126
c2b57b,CFC2523,CYYC,YYC,Calgary,CYEG,YEG,Edmonton,1757779960,1757782078,2025-09-13T16:12:40+00:00,2025-09-13T16:47:58+00:00,2025-09-13,2025-09-13,2118
c01c28,WJA109,CYYC,YYC,Calgary,CYVR,YVR,Vancouver,1757779434,1757783369,2025-09-13T16:03:54+00:00,2025-09-13T17:09:29+00:00,2025-09-13,2025-09-13,3935
c01ca9,WEN3173,CYYC,YYC,Calgary,CYVR,YVR,Vancouver,1757778880,1757791431,2025-09-13T15:54:40+00:00,2025-09-13T19:23:51+00:00,2025-09-13,2025-09-13,12551
c08081,WJA107,CYYC,YYC,Calgary,CYVR,YVR,Vancouver,1757776500,1757780598,2025-09-13T15:15:00+00:00,2025-09-13T16:23:18+00:00,2025-09-13,2025-09-13,4098
c06539,ACA205,CYYC,YYC,Calgary,CYVR,YVR,Vancouver,1757774047,1757777857,2025-09-13T14:34:07+00:00,2025-09-13T15:37:37+00:00,2025-09-13,2025-09-13,3810
c0517e,WJA654,CYYC,YYC,Calgary,CYYZ,YYZ,Toronto,1757772855,1757785918,2025-09-13T14:14:15+00:00,2025-09-13T17:51:58+00:00,2025-09-13,2025-09-13,13063
c05bd6,ACA136,CYYC,YYC,Calgary,CYYZ,YYZ,Toronto,1757772750,1757785318,2025-09-13T14:12:30+00:00,2025-09-13T17:41:58+00:00,2025-09-13,2025-09-13,12568
c05ebb,WJA103,CYYC,YYC,Calgary,CYVR,YVR,Vancouver,1757769667,1757773488,2025-09-13T13:21:07+00:00,2025-09-13T14:24:48+00:00,2025-09-13,2025-09-13,3821
c032a2,WEN3395,CYYC,YYC,Calgary,CYEG,YEG,Edmonton,1757769509,1757771672,2025-09-13T13:18:29+00:00,2025-09-13T13:54:32+00:00,2025-09-13,2025-09-13,2163
c05bcb,ACA134,CYYC,YYC,Calgary,CYYZ,YYZ,Toronto,1757769461,1757782396,2025-09-13T13:17:41+00:00,2025-09-13T16:53:16+00:00,2025-09-13,2025-09-13,12935
c030eb,ACA203,CYYC,YYC,Calgary,CYVR,YVR,Vancouver,1757769315,1757773289,2025-09-13T13:15:15+00:00,2025-09-13T14:21:29+00:00,2025-09-13,2025-09-13,3974
c060c0,POE352,CYYC,YYC,Calgary,CYYZ,YYZ,Toronto,1757769139,1757781818,2025-09-13T13:12:19+00:00,2025-09-13T16:43:38+00:00,2025-09-13,2025-09-13,12679
c040e8,WJA650,CYYC,YYC,Calgary,CYYZ,YYZ,Toronto,1757766970,1757779734,2025-09-13T12:36:10+00:00,2025-09-13T16:08:54+00:00,2025-09-13,2025-09-13,12764
c0653d,ACA201,CYYC,YYC,Calgary,CYVR,YVR,Vancouver,1757766233,1757770155,2025-09-13T12:23:53+00:00,2025-09-13T13:29:15+00:00,2025-09-13,2025-09-13,3922
c02fed,ACA318,CYYC,YYC,Calgary,CYUL,YUL,Montreal,1757765610,1757779287,2025-09-13T12:13:30+00:00,2025-09-13T16:01:27+00:00,2025-09-13,2025-09-13,13677
c008c6,CJT551,CYYC,YYC,Calgary,CYVR,YVR,Vancouver,1757764997,1757768617,2025-09-13T12:03:17+00:00,2025-09-13T13:03:37+00:00,2025-09-13,2025-09-13,3620
c05840,ACA316,CYYC,YYC,Calgary,CYUL,YUL,Montreal,1757753451,1757766170,2025-09-13T08:50:51+00:00,2025-09-13T12:22:50+00:00,2025-09-13,2025-09-13,12719
c06403,WJA646,CYYC,YYC,Calgary,CYYZ,YYZ,Toronto,1757747446,1757761196,2025-09-13T07:10:46+00:00,2025-09-13T10:59:56+00:00,2025-09-13,2025-09-13,13750
c01e1f,FLE628,CYYC,YYC,Calgary,CYYZ,YYZ,Toronto,1757747112,1757760159,2025-09-13T07:05:12+00:00,2025-09-13T10:42:39+00:00,2025-09-13,2025-09-13,13047
c030a6,ACA156,CYYC,YYC,Calgary,CYYZ,YYZ,Toronto,1757745693,1757758342,2025-09-13T06:41:33+00:00,2025-09-13T10:12:22+00:00,2025-09-13,2025-09-13,12649
c04ff4,WJA652,CYYC,YYC,Calgary,CYYZ,YYZ,Toronto,1757744763,1757757608,2025-09-13T06:26:03+00:00,2025-09-13T10:00:08+00:00,2025-09-13,2025-09-13,12845
c05ed0,ACA154,CYYC,YYC,Calgary,CYYZ,YYZ,Toronto,1757743203,1757755589,2025-09-13T06:00:03+00:00,2025-09-13T09:26:29+00:00,2025-09-13,2025-09-13,12386
c03f02,WJA237,CYYC,YYC,Calgary,CYEG,YEG,Edmonton,1757742737,1757744494,2025-09-13T05:52:17+00:00,2025-09-13T06:21:34+00:00,2025-09-13,2025-09-13,1757
c004e9,WJA135,CYYC,YYC,Calgary,CYVR,YVR,Vancouver,1757742197,1757746130,2025-09-13T05:43:17+00:00,2025-09-13T06:48:50+00:00,2025-09-13,2025-09-13,3933
c0473b,CJT2389,CYYC,YYC,Calgary,CYVR,YVR,Vancouver,1757737005,1757740845,2025-09-13T04:16:45+00:00,2025-09-13T05:20:45+00:00,2025-09-13,2025-09-13,3840
c03c44,WJA133,CYYC,YYC,Calgary,CYVR,YVR,Vancouver,1757736613,1757740492,2025-09-13T04:10:13+00:00,2025-09-13T05:14:52+00:00,2025-09-13,2025-09-13,3879
c07ee6,WJA289,CYYC,YYC,Calgary,CYEG,YEG,Edmonton,1757735590,1757737273,2025-09-13T03:53:10+00:00,2025-09-13T04:21:13+00:00,2025-09-13,2025-09-13,1683
c01ebb,FLE805,CYYC,YYC,Calgary,CYVR,YVR,Vancouver,1757735078,1757738988,2025-09-13T03:44:38+00:00,2025-09-13T04:49:48+00:00,2025-09-13,2025-09-13,3910
c080ac,WJA131,CYYC,YYC,Calgary,CYVR,YVR,Vancouver,1757734935,1757738799,2025-09-13T03:42:15+00:00,2025-09-13T04:46:39+00:00,2025-09-13,2025-09-13,3864
c05d9d,WJA129,CYYC,YYC,Calgary,CYVR,YVR,Vancouver,1757732841,1757736774,2025-09-13T03:07:21+00:00,2025-09-13T04:12:54+00:00,2025-09-13,2025-09-13,3933
c00700,ACA227,CYYC,YYC,Calgary,CYVR,YVR,Vancouver,1757732343,1757736171,2025-09-13T02:59:03+00:00,2025-09-13T04:02:51+00:00,2025-09-13,2025-09-13,3828
c063c2,CWA922,CYYC,YYC,Calgary,CYEG,YEG,Edmonton,1757730789,1757732994,2025-09-13T02:33:09+00:00,2025-09-13T03:09:54+00:00,2025-09-13,2025-09-13,2205
c028cd,WJA241,CYYC,YYC,Calgary,CYEG,YEG,Edmonton,1757730235,1757731727,2025-09-13T02:23:55+00:00,2025-09-13T02:48:47+00:00,2025-09-13,2025-09-13,1492
c01e11,FLE809,CYYC,YYC,Calgary,CYVR,YVR,Vancouver,1757727135,1757731219,2025-09-13T01:32:15+00:00,2025-09-13T02:40:19+00:00,2025-09-13,2025-09-13,4084
c08870,SUT8101,CYYC,YYC,Calgary,CYEG,YEG,Edmonton,1757726737,1757728452,2025-09-13T01:25:37+00:00,2025-09-13T01:54:12+00:00,2025-09-13,2025-09-13,1715
c055d2,JZA144,CYYC,YYC,Calgary,CYEG,YEG,Edmonton,1757726550,1757728368,2025-09-13T01:22:30+00:00,2025-09-13T01:52:48+00:00,2025-09-13,2025-09-13,1818
c010e4,ACA158,CYYC,YYC,Calgary,CYYZ,YYZ,Toronto,1757726442,1757738609,2025-09-13T01:20:42+00:00,2025-09-13T04:43:29+00:00,2025-09-13,2025-09-13,12167
c03bf7,WJA127,CYYC,YYC,Calgary,CYVR,YVR,Vancouver,1757726126,1757729905,2025-09-13T01:15:26+00:00,2025-09-13T02:18:25+00:00,2025-09-13,2025-09-13,3779
c05c0e,WJA214,CYYC,YYC,Calgary,CYUL,YUL,Montreal,1757724402,1757737276,2025-09-13T00:46:42+00:00,2025-09-13T04:21:16+00:00,2025-09-13,2025-09-13,12874
c07ee8,WJA676,CYYC,YYC,Calgary,CYYZ,YYZ,Toronto,1757724311,1757736868,2025-09-13T00:45:11+00:00,2025-09-13T04:14:28+00:00,2025-09-13,2025-09-13,12557
c00734,WJA255,CYYC,YYC,Calgary,CYEG,YEG,Edmonton,1757724073,1757725773,2025-09-13T00:41:13+00:00,2025-09-13T01:09:33+00:00,2025-09-13,2025-09-13,1700
c006ec,ACA223,CYYC,YYC,Calgary,CYVR,YVR,Vancouver,1757723758,1757727469,2025-09-13T00:35:58+00:00,2025-09-13T01:37:49+00:00,2025-09-13,2025-09-13,3711
c01ec6,FLE626,CYYC,YYC,Calgary,CYYZ,YYZ,Toronto,1757723348,1757735755,2025-09-13T00:29:08+00:00,2025-09-13T03:55:55+00:00,2025-09-13,2025-09-13,12407
c07eef,WJA125,CYYC,YYC,Calgary,CYVR,YVR,Vancouver,1757723275,1757727194,2025-09-13T00:27:55+00:00,2025-09-13T01:33:14+00:00,2025-09-13,2025-09-13,3919
c05ea6,ACA152,CYYC,YYC,Calgary,CYYZ,YYZ,Toronto,1757721835,1757734379,2025-09-13T00:03:55+00:00,2025-09-13T03:32:59+00:00,2025-09-13,2025-09-13,12544
c053f6,ACA894,CYYZ,YYZ,Toronto,CYUL,YUL,Montreal,1757798162,1757802065,2025-09-13T21:16:02+00:00,2025-09-13T22:21:05+00:00,2025-09-13,2025-09-13,3903
c058bf,ACA488,CYYZ,YYZ,Toronto,CYUL,YUL,Montreal,1757797004,1757801072,2025-09-13T20:56:44+00:00,2025-09-13T22:04:32+00:00,2025-09-13,2025-09-13,4068
c08852,POE125,CYYZ,YYZ,Toronto,CYUL,YUL,Montreal,1757796485,1757799988,2025-09-13T20:48:05+00:00,2025-09-13T21:46:28+00:00,2025-09-13,2025-09-13,3503
c010e4,ACA418,CYYZ,YYZ,Toronto,CYUL,YUL,Montreal,1757795823,1757799080,2025-09-13T20:37:03+00:00,2025-09-13T21:31:20+00:00,2025-09-13,2025-09-13,3257
c06a7f,TSC461,CYYZ,YYZ,Toronto,CYUL,YUL,Montreal,1757793875,1757797422,2025-09-13T20:04:35+00:00,2025-09-13T21:03:42+00:00,2025-09-13,2025-09-13,3547
c05ed8,ACA416,CYYZ,YYZ,Toronto,CYUL,YUL,Montreal,1757791595,1757796164,2025-09-13T19:26:35+00:00,2025-09-13T20:42:44+00:00,2025-09-13,2025-09-13,4569
c004f3,WJA663,CYYZ,YYZ,Toronto,CYYC,YYC,Calgary,1757790993,1757803761,2025-09-13T19:16:33+00:00,2025-09-13T22:49:21+00:00,2025-09-13,2025-09-13,12768
c05bd6,ACA145,CYYZ,YYZ,Toronto,CYYC,YYC,Calgary,1757789768,1757802710,2025-09-13T18:56:08+00:00,2025-09-13T22:31:50+00:00,2025-09-13,2025-09-13,12942
c05bd2,ACA171,CYYZ,YYZ,Toronto,CYEG,YEG,Edmonton,1757788651,1757801698,2025-09-13T18:37:31+00:00,2025-09-13T22:14:58+00:00,2025-09-13,2025-09-13,13047
c07ee6,WJA715,CYYZ,YYZ,Toronto,CYVR,YVR,Vancouver,1757786911,1757803360,2025-09-13T18:08:31+00:00,2025-09-13T22:42:40+00:00,2025-09-13,2025-09-13,16449
c07e33,ACA414,CYYZ,YYZ,Toronto,CYUL,YUL,Montreal,1757786719,1757790709,2025-09-13T18:05:19+00:00,2025-09-13T19:11:49+00:00,2025-09-13,2025-09-13,3990
c05bcb,ACA115,CYYZ,YYZ,Toronto,CYVR,YVR,Vancouver,1757786671,1757802949,2025-09-13T18:04:31+00:00,2025-09-13T22:35:49+00:00,2025-09-13,2025-09-13,16278
c01f1e,FLE613,CYYZ,YYZ,Toronto,CYVR,YVR,Vancouver,1757786312,1757802682,2025-09-13T17:58:32+00:00,2025-09-13T22:31:22+00:00,2025-09-13,2025-09-13,16370
c05e09,CGJPW,CYYZ,YYZ,Toronto,CYVR,YVR,Vancouver,1757785321,1757801264,2025-09-13T17:42:01+00:00,2025-09-13T22:07:44+00:00,2025-09-13,2025-09-13,15943
c0616e,POE405,CYYZ,YYZ,Toronto,CYEG,YEG,Edmonton,1757784725,1757798077,2025-09-13T17:32:05+00:00,2025-09-13T21:14:37+00:00,2025-09-13,2025-09-13,13352
c040e8,WJA661,CYYZ,YYZ,Toronto,CYYC,YYC,Calgary,1757784630,1757797528,2025-09-13T17:30:30+00:00,2025-09-13T21:05:28+00:00,2025-09-13,2025-09-13,12898
c06175,POE307,CYYZ,YYZ,Toronto,CYVR,YVR,Vancouver,1757784300,1757801015,2025-09-13T17:25:00+00:00,2025-09-13T22:03:35+00:00,2025-09-13,2025-09-13,16715
c08862,POE357,CYYZ,YYZ,Toronto,CYYC,YYC,Calgary,1757784181,1757797153,2025-09-13T17:23:01+00:00,2025-09-13T20:59:13+00:00,2025-09-13,2025-09-13,12972
c0440e,ACA143,CYYZ,YYZ,Toronto,CYYC,YYC,Calgary,1757783612,1757796613,2025-09-13T17:13:32+00:00,2025-09-13T20:50:13+00:00,2025-09-13,2025-09-13,13001
c08857,POE111,CYYZ,YYZ,Toronto,CYUL,YUL,Montreal,1757782861,1757786171,2025-09-13T17:01:01+00:00,2025-09-13T17:56:11+00:00,2025-09-13,2025-09-13,3310
c01725,ACA7062,CYYZ,YYZ,Toronto,CYUL,YUL,Montreal,1757781848,1757785331,2025-09-13T16:44:08+00:00,2025-09-13T17:42:11+00:00,2025-09-13,2025-09-13,3483
c050ae,ACA141,CYYZ,YYZ,Toronto,CYYC,YYC,Calgary,1757780160,1757793284,2025-09-13T16:16:00+00:00,2025-09-13T19:54:44+00:00,2025-09-13,2025-09-13,13124
c030a6,ACA111,CYYZ,YYZ,Toronto,CYVR,YVR,Vancouver,1757779775,1757796424,2025-09-13T16:09:35+00:00,2025-09-13T20:47:04+00:00,2025-09-13,2025-09-13,16649
c06b6a,WJA425,CYYZ,YYZ,Toronto,CYEG,YEG,Edmonton,1757779740,1757792788,2025-09-13T16:09:00+00:00,2025-09-13T19:46:28+00:00,2025-09-13,2025-09-13,13048
c060bd,POE305,CYYZ,YYZ,Toronto,CYVR,YVR,Vancouver,1757779504,1757795722,2025-09-13T16:05:04+00:00,2025-09-13T20:35:22+00:00,2025-09-13,2025-09-13,16218
c04688,ASP816,CYYZ,YYZ,Toronto,CYUL,YUL,Montreal,1757776909,1757780089,2025-09-13T15:21:49+00:00,2025-09-13T16:14:49+00:00,2025-09-13,2025-09-13,3180
c04453,WJA657,CYYZ,YYZ,Toronto,CYYC,YYC,Calgary,1757776680,1757789879,2025-09-13T15:18:00+00:00,2025-09-13T18:57:59+00:00,2025-09-13,2025-09-13,13199
c05eac,ACA117,CYYZ,YYZ,Toronto,CYVR,YVR,Vancouver,1757776563,1757792870,2025-09-13T15:16:03+00:00,2025-09-13T19:47:50+00:00,2025-09-13,2025-09-13,16307
c010e4,ACA408,CYYZ,YYZ,Toronto,CYUL,YUL,Montreal,1757775813,1757779169,2025-09-13T15:03:33+00:00,2025-09-13T15:59:29+00:00,2025-09-13,2025-09-13,3356
c00e6c,FLE625,CYYZ,YYZ,Toronto,CYYC,YYC,Calgary,1757774430,1757788048,2025-09-13T14:40:30+00:00,2025-09-13T18:27:28+00:00,2025-09-13,2025-09-13,13618
c01d7e,FLE637,CYYZ,YYZ,Toronto,CYEG,YEG,Edmonton,1757774168,1757787572,2025-09-13T14:36:08+00:00,2025-09-13T18:19:32+00:00,2025-09-13,2025-09-13,13404
c05ed9,ACA167,CYYZ,YYZ,Toronto,CYEG,YEG,Edmonton,1757774168,1757787117,2025-09-13T14:36:08+00:00,2025-09-13T18:11:57+00:00,2025-09-13,2025-09-13,12949
c080db,ACA137,CYYZ,YYZ,Toronto,CYYC,YYC,Calgary,1757774130,1757787068,2025-09-13T14:35:30+00:00,2025-09-13T18:11:08+00:00,2025-09-13,2025-09-13,12938
c03001,ACA406,CYYZ,YYZ,Toronto,CYUL,YUL,Montreal,1757773718,1757777116,2025-09-13T14:28:38+00:00,2025-09-13T15:25:16+00:00,2025-09-13,2025-09-13,3398
c052d5,WJA707,CYYZ,YYZ,Toronto,CYVR,YVR,Vancouver,1757772625,1757789181,2025-09-13T14:10:25+00:00,2025-09-13T18:46:21+00:00,2025-09-13,2025-09-13,16556
c05eb7,ACA109,CYYZ,YYZ,Toronto,CYVR,YVR,Vancouver,1757772392,1757789026,2025-09-13T14:06:32+00:00,2025-09-13T18:43:46+00:00,2025-09-13,2025-09-13,16634
c060c4,POE353,CYYZ,YYZ,Toronto,CYYC,YYC,Calgary,1757771130,1757785093,2025-09-13T13:45:30+00:00,2025-09-13T17:38:13+00:00,2025-09-13,2025-09-13,13963
c05bcf,ACA135,CYYZ,YYZ,Toronto,CYYC,YYC,Calgary,1757769330,1757782872,2025-09-13T13:15:30+00:00,2025-09-13T17:01:12+00:00,2025-09-13,2025-09-13,13542
c060c6,POE403,CYYZ,YYZ,Toronto,CYEG,YEG,Edmonton,1757769276,1757783093,2025-09-13T13:14:36+00:00,2025-09-13T17:04:53+00:00,2025-09-13,2025-09-13,13817
c07e33,ACA404,CYYZ,YYZ,Toronto,CYUL,YUL,Montreal,1757768942,1757772778,2025-09-13T13:09:02+00:00,2025-09-13T14:12:58+00:00,2025-09-13,2025-09-13,3836
c00ec2,WJA421,CYYZ,YYZ,Toronto,CYEG,YEG,Edmonton,1757768853,1757782465,2025-09-13T13:07:33+00:00,2025-09-13T16:54:25+00:00,2025-09-13,2025-09-13,13612
c0293e,ACA107,CYYZ,YYZ,Toronto,CYVR,YVR,Vancouver,1757768514,1757784425,2025-09-13T13:01:54+00:00,2025-09-13T17:27:05+00:00,2025-09-13,2025-09-13,15911
c080ae,WJA651,CYYZ,YYZ,Toronto,CYYC,YYC,Calgary,1757768192,1757781682,2025-09-13T12:56:32+00:00,2025-09-13T16:41:22+00:00,2025-09-13,2025-09-13,13490
c010ec,ACA105,CYYZ,YYZ,Toronto,CYVR,YVR,Vancouver,1757767770,1757784129,2025-09-13T12:49:30+00:00,2025-09-13T17:22:09+00:00,2025-09-13,2025-09-13,16359
c056c6,WJA703,CYYZ,YYZ,Toronto,CYVR,YVR,Vancouver,1757765702,1757782642,2025-09-13T12:15:02+00:00,2025-09-13T16:57:22+00:00,2025-09-13,2025-09-13,16940
c060bb,POE303,CYYZ,YYZ,Toronto,CYVR,YVR,Vancouver,1757765672,1757783188,2025-09-13T12:14:32+00:00,2025-09-13T17:06:28+00:00,2025-09-13,2025-09-13,17516
c07fb1,WJA649,CYYZ,YYZ,Toronto,CYYC,YYC,Calgary,1757765298,1757778816,2025-09-13T12:08:18+00:00,2025-09-13T15:53:36+00:00,2025-09-13,2025-09-13,13518
c01e28,ACA165,CYYZ,YYZ,Toronto,CYEG,YEG,Edmonton,1757765134,1757778709,2025-09-13T12:05:34+00:00,2025-09-13T15:51:49+00:00,2025-09-13,2025-09-13,13575
c0173e,ACA189,CYYZ,YYZ,Toronto,CYVR,YVR,Vancouver,1757764753,1757780759,2025-09-13T11:59:13+00:00,2025-09-13T16:25:59+00:00,2025-09-13,2025-09-13,16006
c0440e,ACA402,CYYZ,YYZ,Toronto,CYUL,YUL,Montreal,1757764747,1757768114,2025-09-13T11:59:07+00:00,2025-09-13T12:55:14+00:00,2025-09-13,2025-09-13,3367
c01e11,FLE601,CYYZ,YYZ,Toronto,CYVR,YVR,Vancouver,1757763961,1757780486,2025-09-13T11:46:01+00:00,2025-09-13T16:21:26+00:00,2025-09-13,2025-09-13,16525
c0192e,ACA133,CYYZ,YYZ,Toronto,CYYC,YYC,Calgary,1757762432,1757775471,2025-09-13T11:20:32+00:00,2025-09-13T14:57:51+00:00,2025-09-13,2025-09-13,13039
c030a6,ACA400,CYYZ,YYZ,Toronto,CYUL,YUL,Montreal,1757762191,1757765608,2025-09-13T11:16:31+00:00,2025-09-13T12:13:28+00:00,2025-09-13,2025-09-13,3417
c05ea6,ACA101,CYYZ,YYZ,Toronto,CYVR,YVR,Vancouver,1757760933,1757778115,2025-09-13T10:55:33+00:00,2025-09-13T15:41:55+00:00,2025-09-13,2025-09-13,17182
c07ee0,WJA419,CYYZ,YYZ,Toronto,CYEG,YEG,Edmonton,1757760437,1757774369,2025-09-13T10:47:17+00:00,2025-09-13T14:39:29+00:00,2025-09-13,2025-09-13,13932
c08497,ACA161,CYYZ,YYZ,Toronto,CYEG,YEG,Edmonton,1757759413,1757772478,2025-09-13T10:30:13+00:00,2025-09-13T14:07:58+00:00,2025-09-13,2025-09-13,13065
c03069,ACA480,CYYZ,YYZ,Toronto,CYUL,YUL,Montreal,1757759134,1757763359,2025-09-13T10:25:34+00:00,2025-09-13T11:35:59+00:00,2025-09-13,2025-09-13,4225
c010f6,ACA183,CYYZ,YYZ,Toronto,CYVR,YVR,Vancouver,1757758656,1757776138,2025-09-13T10:17:36+00:00,2025-09-13T15:08:58+00:00,2025-09-13,2025-09-13,17482
c05d3c,JZA7774,CYYZ,YYZ,Toronto,CYUL,YUL,Montreal,1757738042,1757741366,2025-09-13T04:34:02+00:00,2025-09-13T05:29:26+00:00,2025-09-13,2025-09-13,3324
c00a0b,ACA432,CYYZ,YYZ,Toronto,CYUL,YUL,Montreal,1757734087,1757737548,2025-09-13T03:28:07+00:00,2025-09-13T04:25:48+00:00,2025-09-13,2025-09-13,3461
c060ba,POE135,CYYZ,YYZ,Toronto,CYUL,YUL,Montreal,1757733634,1757737163,2025-09-13T03:20:34+00:00,2025-09-13T04:19:23+00:00,2025-09-13,2025-09-13,3529
c02ae3,WJA598,CYYZ,YYZ,Toronto,CYUL,YUL,Montreal,1757733047,1757736554,2025-09-13T03:10:47+00:00,2025-09-13T04:09:14+00:00,2025-09-13,2025-09-13,3507
c02fed,ACA159,CYYZ,YYZ,Toronto,CYYC,YYC,Calgary,1757732685,1757746357,2025-09-13T03:04:45+00:00,2025-09-13T06:52:37+00:00,2025-09-13,2025-09-13,13672
c05aac,CGIIT,CYYZ,YYZ,Toronto,CYUL,YUL,Montreal,1757731405,1757734723,2025-09-13T02:43:25+00:00,2025-09-13T03:38:43+00:00,2025-09-13,2025-09-13,3318
c0226c,WJA731,CYYZ,YYZ,Toronto,CYVR,YVR,Vancouver,1757730663,1757747428,2025-09-13T02:31:03+00:00,2025-09-13T07:10:28+00:00,2025-09-13,2025-09-13,16765
c08081,WJA679,CYYZ,YYZ,Toronto,CYYC,YYC,Calgary,1757730445,1757744353,2025-09-13T02:27:25+00:00,2025-09-13T06:19:13+00:00,2025-09-13,2025-09-13,13908
c088fb,WJA445,CYYZ,YYZ,Toronto,CYEG,YEG,Edmonton,1757730269,1757744408,2025-09-13T02:24:29+00:00,2025-09-13T06:20:08+00:00,2025-09-13,2025-09-13,14139
c01f1e,FLE631,CYYZ,YYZ,Toronto,CYEG,YEG,Edmonton,1757728796,1757742426,2025-09-13T01:59:56+00:00,2025-09-13T05:47:06+00:00,2025-09-13,2025-09-13,13630
c0884f,POE313,CYYZ,YYZ,Toronto,CYVR,YVR,Vancouver,1757728426,1757745719,2025-09-13T01:53:46+00:00,2025-09-13T06:41:59+00:00,2025-09-13,2025-09-13,17293
c01e1f,FLE629,CYYZ,YYZ,Toronto,CYYC,YYC,Calgary,1757727241,1757741788,2025-09-13T01:34:01+00:00,2025-09-13T05:36:28+00:00,2025-09-13,2025-09-13,14547
c05bcf,ACA129,CYYZ,YYZ,Toronto,CYVR,YVR,Vancouver,1757726758,1757743780,2025-09-13T01:25:58+00:00,2025-09-13T06:09:40+00:00,2025-09-13,2025-09-13,17022
c010cb,ACA157,CYYZ,YYZ,Toronto,CYYC,YYC,Calgary,1757726378,1757739738,2025-09-13T01:19:38+00:00,2025-09-13T05:02:18+00:00,2025-09-13,2025-09-13,13360
c00e55,FLE603,CYYZ,YYZ,Toronto,CYVR,YVR,Vancouver,1757726243,1757743584,2025-09-13T01:17:23+00:00,2025-09-13T06:06:24+00:00,2025-09-13,2025-09-13,17341
c084b9,ACA177,CYYZ,YYZ,Toronto,CYEG,YEG,Edmonton,1757724922,1757738329,2025-09-13T00:55:22+00:00,2025-09-13T04:38:49+00:00,2025-09-13,2025-09-13,13407
c013c3,ACA426,CYYZ,YYZ,Toronto,CYUL,YUL,Montreal,1757723325,1757726999,2025-09-13T00:28:45+00:00,2025-09-13T01:29:59+00:00,2025-09-13,2025-09-13,3674
c07996,TSC651,CYYZ,YYZ,Toronto,CYUL,YUL,Montreal,1757722886,1757726741,2025-09-13T00:21:26+00:00,2025-09-13T01:25:41+00:00,2025-09-13,2025-09-13,3855
c06177,POE129,CYYZ,YYZ,Toronto,CYUL,YUL,Montreal,1757722467,1757726212,2025-09-13T00:14:27+00:00,2025-09-13T01:16:52+00:00,2025-09-13,2025-09-13,3745
c03f85,WJA675,CYYZ,YYZ,Toronto,CYYC,YYC,Calgary,1757722005,1757735898,2025-09-13T00:06:45+00:00,2025-09-13T03:58:18+00:00,2025-09-13,2025-09-13,13893
c05eac,ACA127,CYYZ,YYZ,Toronto,CYVR,YVR,Vancouver,1757721792,1757738098,2025-09-13T00:03:12+00:00,2025-09-13T04:34:58+00:00,2025-09-13,2025-09-13,16306
c04fbb,ACA895,CYUL,YUL,Montreal,CYYZ,YYZ,Toronto,1757796347,1757799618,2025-09-13T20:45:47+00:00,2025-09-13T21:40:18+00:00,2025-09-13,2025-09-13,3271
c079a6,TSC460,CYUL,YUL,Montreal,CYYZ,YYZ,Toronto,1757795614,1757798819,2025-09-13T20:33:34+00:00,2025-09-13T21:26:59+00:00,2025-09-13,2025-09-13,3205
c058be,ACA489,CYUL,YUL,Montreal,CYYZ,YYZ,Toronto,1757793930,1757797172,2025-09-13T20:05:30+00:00,2025-09-13T20:59:32+00:00,2025-09-13,2025-09-13,3242
c00a0b,ACA487,CYUL,YUL,Montreal,CYYZ,YYZ,Toronto,1757792557,1757795952,2025-09-13T19:42:37+00:00,2025-09-13T20:39:12+00:00,2025-09-13,2025-09-13,3395
c08857,POE120,CYUL,YUL,Montreal,CYYZ,YYZ,Toronto,1757791450,1757794788,2025-09-13T19:24:10+00:00,2025-09-13T20:19:48+00:00,2025-09-13,2025-09-13,3338
c00b35,ACA323,CYUL,YUL,Montreal,CYYC,YYC,Calgary,1757785982,1757799438,2025-09-13T17:53:02+00:00,2025-09-13T21:37:18+00:00,2025-09-13,2025-09-13,13456
c02fed,ACA335,CYUL,YUL,Montreal,CYEG,YEG,Edmonton,1757785500,1757800299,2025-09-13T17:45:00+00:00,2025-09-13T21:51:39+00:00,2025-09-13,2025-09-13,14799
c06709,ACA305,CYUL,YUL,Montreal,CYVR,YVR,Vancouver,1757784754,1757802436,2025-09-13T17:32:34+00:00,2025-09-13T22:27:16+00:00,2025-09-13,2025-09-13,17682
c010e4,ACA413,CYUL,YUL,Montreal,CYYZ,YYZ,Toronto,1757784486,1757787826,2025-09-13T17:28:06+00:00,2025-09-13T18:23:46+00:00,2025-09-13,2025-09-13,3340
c04688,ASP816,CYUL,YUL,Montreal,CYYZ,YYZ,Toronto,1757782500,1757786503,2025-09-13T16:55:00+00:00,2025-09-13T18:01:43+00:00,2025-09-13,2025-09-13,4003
c07e33,ACA409,CYUL,YUL,Montreal,CYYZ,YYZ,Toronto,1757776530,1757779859,2025-09-13T15:15:30+00:00,2025-09-13T16:10:59+00:00,2025-09-13,2025-09-13,3329
c0440e,ACA407,CYUL,YUL,Montreal,CYYZ,YYZ,Toronto,1757773423,1757776944,2025-09-13T14:23:43+00:00,2025-09-13T15:22:24+00:00,2025-09-13,2025-09-13,3521
c060ba,POE112,CYUL,YUL,Montreal,CYYZ,YYZ,Toronto,1757772904,1757776241,2025-09-13T14:15:04+00:00,2025-09-13T15:10:41+00:00,2025-09-13,2025-09-13,3337
c030a6,ACA405,CYUL,YUL,Montreal,CYYZ,YYZ,Toronto,1757769842,1757773288,2025-09-13T13:24:02+00:00,2025-09-13T14:21:28+00:00,2025-09-13,2025-09-13,3446
c038c8,ACA303,CYUL,YUL,Montreal,CYVR,YVR,Vancouver,1757767203,1757783798,2025-09-13T12:40:03+00:00,2025-09-13T17:16:38+00:00,2025-09-13,2025-09-13,16595
c04fdd,ACA301,CYUL,YUL,Montreal,CYVR,YVR,Vancouver,1757765984,1757782942,2025-09-13T12:19:44+00:00,2025-09-13T17:02:22+00:00,2025-09-13,2025-09-13,16958
c050c4,ACA321,CYUL,YUL,Montreal,CYYC,YYC,Calgary,1757765893,1757780083,2025-09-13T12:18:13+00:00,2025-09-13T16:14:43+00:00,2025-09-13,2025-09-13,14190
c0332c,ACA331,CYUL,YUL,Montreal,CYEG,YEG,Edmonton,1757765591,1757779603,2025-09-13T12:13:11+00:00,2025-09-13T16:06:43+00:00,2025-09-13,2025-09-13,14012
c050c0,ACA403,CYUL,YUL,Montreal,CYYZ,YYZ,Toronto,1757765205,1757768512,2025-09-13T12:06:45+00:00,2025-09-13T13:01:52+00:00,2025-09-13,2025-09-13,3307
c02ae3,WJA215,CYUL,YUL,Montreal,CYYC,YYC,Calgary,1757762822,1757777053,2025-09-13T11:27:02+00:00,2025-09-13T15:24:13+00:00,2025-09-13,2025-09-13,14231
c06177,POE373,CYUL,YUL,Montreal,CYVR,YVR,Vancouver,1757762253,1757780362,2025-09-13T11:17:33+00:00,2025-09-13T16:19:22+00:00,2025-09-13,2025-09-13,18109
c05c0e,WJA579,CYUL,YUL,Montreal,CYYZ,YYZ,Toronto,1757762166,1757765687,2025-09-13T11:16:06+00:00,2025-09-13T12:14:47+00:00,2025-09-13,2025-09-13,3521
c0885e,POE102,CYUL,YUL,Montreal,CYYZ,YYZ,Toronto,1757761960,1757765290,2025-09-13T11:12:40+00:00,2025-09-13T12:08:10+00:00,2025-09-13,2025-09-13,3330
c0671b,ACA401,CYUL,YUL,Montreal,CYYZ,YYZ,Toronto,1757761814,1757765146,2025-09-13T11:10:14+00:00,2025-09-13T12:05:46+00:00,2025-09-13,2025-09-13,3332
c07b0a,ACA481,CYUL,YUL,Montreal,CYYZ,YYZ,Toronto,1757758897,1757762609,2025-09-13T10:21:37+00:00,2025-09-13T11:23:29+00:00,2025-09-13,2025-09-13,3712
c05d3c,JZA7773,CYUL,YUL,Montreal,CYYZ,YYZ,Toronto,1757754369,1757757837,2025-09-13T09:06:09+00:00,2025-09-13T10:03:57+00:00,2025-09-13,2025-09-13,3468
c05840,ACA327,CYUL,YUL,Montreal,CYYC,YYC,Calgary,1757733727,1757747656,2025-09-13T03:22:07+00:00,2025-09-13T07:14:16+00:00,2025-09-13,2025-09-13,13929
c001ed,ASP489,CYUL,YUL,Montreal,CYYZ,YYZ,Toronto,1757729273,1757732629,2025-09-13T02:07:53+00:00,2025-09-13T03:03:49+00:00,2025-09-13,2025-09-13,3356
c0440e,ACA429,CYUL,YUL,Montreal,CYYZ,YYZ,Toronto,1757728827,1757732033,2025-09-13T02:00:27+00:00,2025-09-13T02:53:53+00:00,2025-09-13,2025-09-13,3206
c02fd8,ACA313,CYUL,YUL,Montreal,CYVR,YVR,Vancouver,1757728236,1757746451,2025-09-13T01:50:36+00:00,2025-09-13T06:54:11+00:00,2025-09-13,2025-09-13,18215
c060bc,POE130,CYUL,YUL,Montreal,CYYZ,YYZ,Toronto,1757724576,1757727927,2025-09-13T00:49:36+00:00,2025-09-13T01:45:27+00:00,2025-09-13,2025-09-13,3351
c00821,ACA427,CYUL,YUL,Montreal,CYYZ,YYZ,Toronto,1757724298,1757727508,2025-09-13T00:44:58+00:00,2025-09-13T01:38:28+00:00,2025-09-13,2025-09-13,3210
c06aaa,TSC650,CYUL,YUL,Montreal,CYYZ,YYZ,Toronto,1757723092,1757726718,2025-09-13T00:24:52+00:00,2025-09-13T01:25:18+00:00,2025-09-13,2025-09-13,3626
c08335,WJA112,CYVR,YVR,Vancouver,CYYC,YYC,Calgary,1757885933,1757889871,2025-09-14T21:38:53+00:00,2025-09-14T22:44:31+00:00,2025-09-14,2025-09-14,3938
c0654c,GLR1935,CYVR,YVR,Vancouver,CYYC,YYC,Calgary,1757884391,1757890447,2025-09-14T21:13:11+00:00,2025-09-14T22:54:07+00:00,2025-09-14,2025-09-14,6056
c01d72,FLE820,CYVR,YVR,Vancouver,CYEG,YEG,Edmonton,1757884321,1757888347,2025-09-14T21:12:01+00:00,2025-09-14T22:19:07+00:00,2025-09-14,2025-09-14,4026
c04cf4,WJA114,CYVR,YVR,Vancouver,CYYC,YYC,Calgary,1757882713,1757886476,2025-09-14T20:45:13+00:00,2025-09-14T21:47:56+00:00,2025-09-14,2025-09-14,3763
c0506b,ACA216,CYVR,YVR,Vancouver,CYYC,YYC,Calgary,1757881809,1757885878,2025-09-14T20:30:09+00:00,2025-09-14T21:37:58+00:00,2025-09-14,2025-09-14,4069
c01530,SDE560,CYVR,YVR,Vancouver,CYYC,YYC,Calgary,1757879532,1757883493,2025-09-14T19:52:12+00:00,2025-09-14T20:58:13+00:00,2025-09-14,2025-09-14,3961
c01dcb,FLE816,CYVR,YVR,Vancouver,CYYC,YYC,Calgary,1757877703,1757881676,2025-09-14T19:21:43+00:00,2025-09-14T20:27:56+00:00,2025-09-14,2025-09-14,3973
c0360e,WJA166,CYVR,YVR,Vancouver,CYEG,YEG,Edmonton,1757876822,1757880798,2025-09-14T19:07:02+00:00,2025-09-14T20:13:18+00:00,2025-09-14,2025-09-14,3976
c00700,ACA238,CYVR,YVR,Vancouver,CYEG,YEG,Edmonton,1757875966,1757879816,2025-09-14T18:52:46+00:00,2025-09-14T19:56:56+00:00,2025-09-14,2025-09-14,3850
c04453,WJA710,CYVR,YVR,Vancouver,CYYZ,YYZ,Toronto,1757875891,1757890792,2025-09-14T18:51:31+00:00,2025-09-14T22:59:52+00:00,2025-09-14,2025-09-14,14901
c080ac,WJA110,CYVR,YVR,Vancouver,CYYC,YYC,Calgary,1757875507,1757879300,2025-09-14T18:45:07+00:00,2025-09-14T19:48:20+00:00,2025-09-14,2025-09-14,3793
c00e55,FLE806,CYVR,YVR,Vancouver,CYYC,YYC,Calgary,1757873588,1757877324,2025-09-14T18:13:08+00:00,2025-09-14T19:15:24+00:00,2025-09-14,2025-09-14,3736
c060bb,POE304,CYVR,YVR,Vancouver,CYYZ,YYZ,Toronto,1757871613,1757887154,2025-09-14T17:40:13+00:00,2025-09-14T21:59:14+00:00,2025-09-14,2025-09-14,15541
c07fb9,WJA108,CYVR,YVR,Vancouver,CYYC,YYC,Calgary,1757871523,1757875310,2025-09-14T17:38:43+00:00,2025-09-14T18:41:50+00:00,2025-09-14,2025-09-14,3787
c010f6,ACA108,CYVR,YVR,Vancouver,CYYZ,YYZ,Toronto,1757870861,1757885819,2025-09-14T17:27:41+00:00,2025-09-14T21:36:59+00:00,2025-09-14,2025-09-14,14958
c035f8,WJA162,CYVR,YVR,Vancouver,CYEG,YEG,Edmonton,1757870622,1757874597,2025-09-14T17:23:42+00:00,2025-09-14T18:29:57+00:00,2025-09-14,2025-09-14,3975
c04fff,ACA210,CYVR,YVR,Vancouver,CYYC,YYC,Calgary,1757870372,1757874318,2025-09-14T17:19:32+00:00,2025-09-14T18:25:18+00:00,2025-09-14,2025-09-14,3946
c0371f,WJA708,CYVR,YVR,Vancouver,CYYZ,YYZ,Toronto,1757869710,1757884966,2025-09-14T17:08:30+00:00,2025-09-14T21:22:46+00:00,2025-09-14,2025-09-14,15256
c00fe2,CJT1925,CYVR,YVR,Vancouver,CYYC,YYC,Calgary,1757868633,1757872167,2025-09-14T16:50:33+00:00,2025-09-14T17:49:27+00:00,2025-09-14,2025-09-14,3534
c006ec,ACA236,CYVR,YVR,Vancouver,CYEG,YEG,Edmonton,1757868061,1757872016,2025-09-14T16:41:01+00:00,2025-09-14T17:46:56+00:00,2025-09-14,2025-09-14,3955
c07fe9,WJA706,CYVR,YVR,Vancouver,CYYZ,YYZ,Toronto,1757867555,1757882931,2025-09-14T16:32:35+00:00,2025-09-14T20:48:51+00:00,2025-09-14,2025-09-14,15376
c01d72,FLE800,CYVR,YVR,Vancouver,CYYC,YYC,Calgary,1757867474,1757871230,2025-09-14T16:31:14+00:00,2025-09-14T17:33:50+00:00,2025-09-14,2025-09-14,3756
c01ca9,WEN3174,CYVR,YVR,Vancouver,CYYC,YYC,Calgary,1757866981,1757877802,2025-09-14T16:23:01+00:00,2025-09-14T19:23:22+00:00,2025-09-14,2025-09-14,10821
c023aa,ACA34,CYVR,YVR,Vancouver,CYYZ,YYZ,Toronto,1757866241,1757880473,2025-09-14T16:10:41+00:00,2025-09-14T20:07:53+00:00,2025-09-14,2025-09-14,14232
c0175a,ACA304,CYVR,YVR,Vancouver,CYUL,YUL,Montreal,1757865701,1757881367,2025-09-14T16:01:41+00:00,2025-09-14T20:22:47+00:00,2025-09-14,2025-09-14,15666
c0817c,WJA104,CYVR,YVR,Vancouver,CYYC,YYC,Calgary,1757864885,1757868582,2025-09-14T15:48:05+00:00,2025-09-14T16:49:42+00:00,2025-09-14,2025-09-14,3697
c007d8,ACA204,CYVR,YVR,Vancouver,CYYC,YYC,Calgary,1757864500,1757868118,2025-09-14T15:41:40+00:00,2025-09-14T16:41:58+00:00,2025-09-14,2025-09-14,3618
c060c5,POE372,CYVR,YVR,Vancouver,CYUL,YUL,Montreal,1757864313,1757881274,2025-09-14T15:38:33+00:00,2025-09-14T20:21:14+00:00,2025-09-14,2025-09-14,16961
c052ca,WJA164,CYVR,YVR,Vancouver,CYEG,YEG,Edmonton,1757863906,1757868099,2025-09-14T15:31:46+00:00,2025-09-14T16:41:39+00:00,2025-09-14,2025-09-14,4193
c00757,ACA234,CYVR,YVR,Vancouver,CYEG,YEG,Edmonton,1757863642,1757867653,2025-09-14T15:27:22+00:00,2025-09-14T16:34:13+00:00,2025-09-14,2025-09-14,4011
c03cf4,ACA302,CYVR,YVR,Vancouver,CYUL,YUL,Montreal,1757861450,1757877772,2025-09-14T14:50:50+00:00,2025-09-14T19:22:52+00:00,2025-09-14,2025-09-14,16322
c01e28,ACA104,CYVR,YVR,Vancouver,CYYZ,YYZ,Toronto,1757861297,1757876577,2025-09-14T14:48:17+00:00,2025-09-14T19:02:57+00:00,2025-09-14,2025-09-14,15280
c0618c,POE302,CYVR,YVR,Vancouver,CYYZ,YYZ,Toronto,1757861135,1757876993,2025-09-14T14:45:35+00:00,2025-09-14T19:09:53+00:00,2025-09-14,2025-09-14,15858
c00899,ACA232,CYVR,YVR,Vancouver,CYEG,YEG,Edmonton,1757861046,1757865041,2025-09-14T14:44:06+00:00,2025-09-14T15:50:41+00:00,2025-09-14,2025-09-14,3995
c02cfc,WJA102,CYVR,YVR,Vancouver,CYYC,YYC,Calgary,1757859322,1757863085,2025-09-14T14:15:22+00:00,2025-09-14T15:18:05+00:00,2025-09-14,2025-09-14,3763
c04af4,JZA7682,CYVR,YVR,Vancouver,CYYC,YYC,Calgary,1757859003,1757862594,2025-09-14T14:10:03+00:00,2025-09-14T15:09:54+00:00,2025-09-14,2025-09-14,3591
c01dcb,FLE822,CYVR,YVR,Vancouver,CYEG,YEG,Edmonton,1757857948,1757862128,2025-09-14T13:52:28+00:00,2025-09-14T15:02:08+00:00,2025-09-14,2025-09-14,4180
c0360e,WJA160,CYVR,YVR,Vancouver,CYEG,YEG,Edmonton,1757857070,1757861489,2025-09-14T13:37:50+00:00,2025-09-14T14:51:29+00:00,2025-09-14,2025-09-14,4419
c006b1,WJA700,CYVR,YVR,Vancouver,CYYZ,YYZ,Toronto,1757856251,1757871597,2025-09-14T13:24:11+00:00,2025-09-14T17:39:57+00:00,2025-09-14,2025-09-14,15346
c069d8,WJA100,CYVR,YVR,Vancouver,CYYC,YYC,Calgary,1757855914,1757859463,2025-09-14T13:18:34+00:00,2025-09-14T14:17:43+00:00,2025-09-14,2025-09-14,3549
c012bd,WJA136,CYVR,YVR,Vancouver,CYYC,YYC,Calgary,1757852076,1757855770,2025-09-14T12:14:36+00:00,2025-09-14T13:16:10+00:00,2025-09-14,2025-09-14,3694
c023e4,CJT2382,CYVR,YVR,Vancouver,CYYC,YYC,Calgary,1757838913,1757842360,2025-09-14T08:35:13+00:00,2025-09-14T09:32:40+00:00,2025-09-14,2025-09-14,3447
c010ec,ACA182,CYVR,YVR,Vancouver,CYYZ,YYZ,Toronto,1757835332,1757850562,2025-09-14T07:35:32+00:00,2025-09-14T11:49:22+00:00,2025-09-14,2025-09-14,15230
c0534e,FLE602,CYVR,YVR,Vancouver,CYYZ,YYZ,Toronto,1757834106,1757849667,2025-09-14T07:15:06+00:00,2025-09-14T11:34:27+00:00,2025-09-14,2025-09-14,15561
c05bcf,ACA128,CYVR,YVR,Vancouver,CYYZ,YYZ,Toronto,1757832374,1757848858,2025-09-14T06:46:14+00:00,2025-09-14T11:20:58+00:00,2025-09-14,2025-09-14,16484
c05086,ACA314,CYVR,YVR,Vancouver,CYUL,YUL,Montreal,1757830808,1757847206,2025-09-14T06:20:08+00:00,2025-09-14T10:53:26+00:00,2025-09-14,2025-09-14,16398
c07ee6,WJA724,CYVR,YVR,Vancouver,CYYZ,YYZ,Toronto,1757829954,1757845764,2025-09-14T06:05:54+00:00,2025-09-14T10:29:24+00:00,2025-09-14,2025-09-14,15810
c00e55,FLE600,CYVR,YVR,Vancouver,CYYZ,YYZ,Toronto,1757829112,1757844350,2025-09-14T05:51:52+00:00,2025-09-14T10:05:50+00:00,2025-09-14,2025-09-14,15238
c05056,ACA126,CYVR,YVR,Vancouver,CYYZ,YYZ,Toronto,1757828013,1757843124,2025-09-14T05:33:33+00:00,2025-09-14T09:45:24+00:00,2025-09-14,2025-09-14,15111
c07eef,WJA132,CYVR,YVR,Vancouver,CYYC,YYC,Calgary,1757827564,1757831158,2025-09-14T05:26:04+00:00,2025-09-14T06:25:58+00:00,2025-09-14,2025-09-14,3594
c007d8,ACA228,CYVR,YVR,Vancouver,CYYC,YYC,Calgary,1757827013,1757830567,2025-09-14T05:16:53+00:00,2025-09-14T06:16:07+00:00,2025-09-14,2025-09-14,3554
c01f52,WJA178,CYVR,YVR,Vancouver,CYEG,YEG,Edmonton,1757823891,1757827917,2025-09-14T04:24:51+00:00,2025-09-14T05:31:57+00:00,2025-09-14,2025-09-14,4026
c03cf4,ACA250,CYVR,YVR,Vancouver,CYEG,YEG,Edmonton,1757823752,1757827679,2025-09-14T04:22:32+00:00,2025-09-14T05:27:59+00:00,2025-09-14,2025-09-14,3927
c03f37,WJA128,CYVR,YVR,Vancouver,CYYC,YYC,Calgary,1757821395,1757824888,2025-09-14T03:43:15+00:00,2025-09-14T04:41:28+00:00,2025-09-14,2025-09-14,3493
c080ac,WJA126,CYVR,YVR,Vancouver,CYYC,YYC,Calgary,1757817813,1757821449,2025-09-14T02:43:33+00:00,2025-09-14T03:44:09+00:00,2025-09-14,2025-09-14,3636
c04ff7,ACA226,CYVR,YVR,Vancouver,CYYC,YYC,Calgary,1757817390,1757820967,2025-09-14T02:36:30+00:00,2025-09-14T03:36:07+00:00,2025-09-14,2025-09-14,3577
c006ec,ACA246,CYVR,YVR,Vancouver,CYEG,YEG,Edmonton,1757816533,1757820591,2025-09-14T02:22:13+00:00,2025-09-14T03:29:51+00:00,2025-09-14,2025-09-14,4058
c03bf5,WJA124,CYVR,YVR,Vancouver,CYYC,YYC,Calgary,1757813359,1757816960,2025-09-14T01:29:19+00:00,2025-09-14T02:29:20+00:00,2025-09-14,2025-09-14,3601
c03c44,WJA174,CYVR,YVR,Vancouver,CYEG,YEG,Edmonton,1757812837,1757816933,2025-09-14T01:20:37+00:00,2025-09-14T02:28:53+00:00,2025-09-14,2025-09-14,4096
c01e11,FLE804,CYVR,YVR,Vancouver,CYYC,YYC,Calgary,1757812665,1757816366,2025-09-14T01:17:45+00:00,2025-09-14T02:19:26+00:00,2025-09-14,2025-09-14,3701
c03068,ACA224,CYVR,YVR,Vancouver,CYYC,YYC,Calgary,1757812269,1757815859,2025-09-14T01:11:09+00:00,2025-09-14T02:10:59+00:00,2025-09-14,2025-09-14,3590
c01e1a,FLE832,CYVR,YVR,Vancouver,CYEG,YEG,Edmonton,1757811668,1757815782,2025-09-14T01:01:08+00:00,2025-09-14T02:09:42+00:00,2025-09-14,2025-09-14,4114
c0360e,WJA122,CYVR,YVR,Vancouver,CYYC,YYC,Calgary,1757811576,1757815414,2025-09-14T00:59:36+00:00,2025-09-14T02:03:34+00:00,2025-09-14,2025-09-14,3838
c05bcb,ACA124,CYVR,YVR,Vancouver,CYYZ,YYZ,Toronto,1757810945,1757826416,2025-09-14T00:49:05+00:00,2025-09-14T05:06:56+00:00,2025-09-14,2025-09-14,15471
c00cd6,WJA722,CYVR,YVR,Vancouver,CYYZ,YYZ,Toronto,1757808843,1757823866,2025-09-14T00:14:03+00:00,2025-09-14T04:24:26+00:00,2025-09-14,2025-09-14,15023
c01f1e,FLE612,CYVR,YVR,Vancouver,CYYZ,YYZ,Toronto,1757808555,1757823958,2025-09-14T00:09:15+00:00,2025-09-14T04:25:58+00:00,2025-09-14,2025-09-14,15403
c0064c,JZA7780,CYVR,YVR,Vancouver,CYEG,YEG,Edmonton,1757808095,1757812061,2025-09-14T00:01:35+00:00,2025-09-14T01:07:41+00:00,2025-09-14,2025-09-14,3966
c05efd,JZA138,CYYC,YYC,Calgary,CYEG,YEG,Edmonton,1757887966,1757890127,2025-09-14T22:12:46+00:00,2025-09-14T22:48:47+00:00,2025-09-14,2025-09-14,2161
c07f02,WJA203,CYYC,YYC,Calgary,CYEG,YEG,Edmonton,1757887802,1757889401,2025-09-14T22:10:02+00:00,2025-09-14T22:36:41+00:00,2025-09-14,2025-09-14,1599
c080ac,WJA119,CYYC,YYC,Calgary,CYVR,YVR,Vancouver,1757884426,1757888384,2025-09-14T21:13:46+00:00,2025-09-14T22:19:44+00:00,2025-09-14,2025-09-14,3958
c00e55,FLE807,CYYC,YYC,Calgary,CYVR,YVR,Vancouver,1757882921,1757887089,2025-09-14T20:48:41+00:00,2025-09-14T21:58:09+00:00,2025-09-14,2025-09-14,4168
c08095,WJA253,CYYC,YYC,Calgary,CYEG,YEG,Edmonton,1757881374,1757882962,2025-09-14T20:22:54+00:00,2025-09-14T20:49:22+00:00,2025-09-14,2025-09-14,1588
c07fb9,WJA117,CYYC,YYC,Calgary,CYVR,YVR,Vancouver,1757881122,1757885068,2025-09-14T20:18:42+00:00,2025-09-14T21:24:28+00:00,2025-09-14,2025-09-14,3946
c04fff,ACA217,CYYC,YYC,Calgary,CYVR,YVR,Vancouver,1757879378,1757883317,2025-09-14T19:49:38+00:00,2025-09-14T20:55:17+00:00,2025-09-14,2025-09-14,3939
c080a3,WJA239,CYYC,YYC,Calgary,CYEG,YEG,Edmonton,1757879207,1757880920,2025-09-14T19:46:47+00:00,2025-09-14T20:15:20+00:00,2025-09-14,2025-09-14,1713
c03487,WJA664,CYYC,YYC,Calgary,CYYZ,YYZ,Toronto,1757877240,1757889587,2025-09-14T19:14:00+00:00,2025-09-14T22:39:47+00:00,2025-09-14,2025-09-14,12347
c035cc,WJA115,CYYC,YYC,Calgary,CYVR,YVR,Vancouver,1757876945,1757881013,2025-09-14T19:09:05+00:00,2025-09-14T20:16:53+00:00,2025-09-14,2025-09-14,4068
c06174,POE356,CYYC,YYC,Calgary,CYYZ,YYZ,Toronto,1757876289,1757889118,2025-09-14T18:58:09+00:00,2025-09-14T22:31:58+00:00,2025-09-14,2025-09-14,12829
c01d72,FLE801,CYYC,YYC,Calgary,CYVR,YVR,Vancouver,1757875633,1757879718,2025-09-14T18:47:13+00:00,2025-09-14T19:55:18+00:00,2025-09-14,2025-09-14,4085
c055f5,JZA134,CYYC,YYC,Calgary,CYEG,YEG,Edmonton,1757875121,1757876907,2025-09-14T18:38:41+00:00,2025-09-14T19:08:27+00:00,2025-09-14,2025-09-14,1786
c05bcf,ACA146,CYYC,YYC,Calgary,CYYZ,YYZ,Toronto,1757874695,1757886894,2025-09-14T18:31:35+00:00,2025-09-14T21:54:54+00:00,2025-09-14,2025-09-14,12199
c08335,WJA111,CYYC,YYC,Calgary,CYVR,YVR,Vancouver,1757874548,1757878489,2025-09-14T18:29:08+00:00,2025-09-14T19:34:49+00:00,2025-09-14,2025-09-14,3941
c007d8,ACA211,CYYC,YYC,Calgary,CYVR,YVR,Vancouver,1757874390,1757878379,2025-09-14T18:26:30+00:00,2025-09-14T19:32:59+00:00,2025-09-14,2025-09-14,3989
c0817c,WJA113,CYYC,YYC,Calgary,CYVR,YVR,Vancouver,1757874125,1757878090,2025-09-14T18:22:05+00:00,2025-09-14T19:28:10+00:00,2025-09-14,2025-09-14,3965
c050c4,ACA324,CYYC,YYC,Calgary,CYUL,YUL,Montreal,1757873655,1757887154,2025-09-14T18:14:15+00:00,2025-09-14T21:59:14+00:00,2025-09-14,2025-09-14,13499
c03af2,WJA660,CYYC,YYC,Calgary,CYYZ,YYZ,Toronto,1757871660,1757884468,2025-09-14T17:41:00+00:00,2025-09-14T21:14:28+00:00,2025-09-14,2025-09-14,12808
c08497,ACA161,CYYC,YYC,Calgary,CYEG,YEG,Edmonton,1757868665,1757870339,2025-09-14T16:51:05+00:00,2025-09-14T17:18:59+00:00,2025-09-14,2025-09-14,1674
c032a2,WEN3317,CYYC,YYC,Calgary,CYEG,YEG,Edmonton,1757868487,1757870637,2025-09-14T16:48:07+00:00,2025-09-14T17:23:57+00:00,2025-09-14,2025-09-14,2150
c05eac,ACA142,CYYC,YYC,Calgary,CYYZ,YYZ,Toronto,1757868301,1757880748,2025-09-14T16:45:01+00:00,2025-09-14T20:12:28+00:00,2025-09-14,2025-09-14,12447
c04af4,JZA7689,CYYC,YYC,Calgary,CYVR,YVR,Vancouver,1757867794,1757871861,2025-09-14T16:36:34+00:00,2025-09-14T17:44:21+00:00,2025-09-14,2025-09-14,4067
c046f7,WJA212,CYYC,YYC,Calgary,CYUL,YUL,Montreal,1757867303,1757880680,2025-09-14T16:28:23+00:00,2025-09-14T20:11:20+00:00,2025-09-14,2025-09-14,13377
c00cd6,WJA658,CYYC,YYC,Calgary,CYYZ,YYZ,Toronto,1757866636,1757879220,2025-09-14T16:17:16+00:00,2025-09-14T19:47:00+00:00,2025-09-14,2025-09-14,12584
c00dce,FLE791,CYYC,YYC,Calgary,CYEG,YEG,Edmonton,1757866453,1757868278,2025-09-14T16:14:13+00:00,2025-09-14T16:44:38+00:00,2025-09-14,2025-09-14,1825
c080ac,WJA109,CYYC,YYC,Calgary,CYVR,YVR,Vancouver,1757866113,1757870109,2025-09-14T16:08:33+00:00,2025-09-14T17:15:09+00:00,2025-09-14,2025-09-14,3996
c04d0a,WEN3173,CYYC,YYC,Calgary,CYVR,YVR,Vancouver,1757865160,1757877493,2025-09-14T15:52:40+00:00,2025-09-14T19:18:13+00:00,2025-09-14,2025-09-14,12333
c05416,WJA656,CYYC,YYC,Calgary,CYYZ,YYZ,Toronto,1757863575,1757876268,2025-09-14T15:26:15+00:00,2025-09-14T18:57:48+00:00,2025-09-14,2025-09-14,12693
c07fb9,WJA107,CYYC,YYC,Calgary,CYVR,YVR,Vancouver,1757863156,1757867199,2025-09-14T15:19:16+00:00,2025-09-14T16:26:39+00:00,2025-09-14,2025-09-14,4043
c04fff,ACA205,CYYC,YYC,Calgary,CYVR,YVR,Vancouver,1757860631,1757864654,2025-09-14T14:37:11+00:00,2025-09-14T15:44:14+00:00,2025-09-14,2025-09-14,4023
c060c9,POE384,CYYC,YYC,Calgary,CYUL,YUL,Montreal,1757859632,1757873116,2025-09-14T14:20:32+00:00,2025-09-14T18:05:16+00:00,2025-09-14,2025-09-14,13484
c028cd,WJA654,CYYC,YYC,Calgary,CYYZ,YYZ,Toronto,1757859333,1757871832,2025-09-14T14:15:33+00:00,2025-09-14T17:43:52+00:00,2025-09-14,2025-09-14,12499
c0192e,ACA136,CYYC,YYC,Calgary,CYYZ,YYZ,Toronto,1757858587,1757871059,2025-09-14T14:03:07+00:00,2025-09-14T17:30:59+00:00,2025-09-14,2025-09-14,12472
c07f3d,WEN3395,CYYC,YYC,Calgary,CYEG,YEG,Edmonton,1757855864,1757857828,2025-09-14T13:17:44+00:00,2025-09-14T13:50:28+00:00,2025-09-14,2025-09-14,1964
c060c8,POE352,CYYC,YYC,Calgary,CYYZ,YYZ,Toronto,1757855595,1757868587,2025-09-14T13:13:15+00:00,2025-09-14T16:49:47+00:00,2025-09-14,2025-09-14,12992
c05eb1,ACA134,CYYC,YYC,Calgary,CYYZ,YYZ,Toronto,1757855342,1757867606,2025-09-14T13:09:02+00:00,2025-09-14T16:33:26+00:00,2025-09-14,2025-09-14,12264
c0371f,WJA103,CYYC,YYC,Calgary,CYVR,YVR,Vancouver,1757855294,1757859239,2025-09-14T13:08:14+00:00,2025-09-14T14:13:59+00:00,2025-09-14,2025-09-14,3945
c03068,ACA203,CYYC,YYC,Calgary,CYVR,YVR,Vancouver,1757855072,1757859078,2025-09-14T13:04:32+00:00,2025-09-14T14:11:18+00:00,2025-09-14,2025-09-14,4006
c05ebb,WJA650,CYYC,YYC,Calgary,CYYZ,YYZ,Toronto,1757852453,1757864783,2025-09-14T12:20:53+00:00,2025-09-14T15:46:23+00:00,2025-09-14,2025-09-14,12330
c007d8,ACA201,CYYC,YYC,Calgary,CYVR,YVR,Vancouver,1757852232,1757856119,2025-09-14T12:17:12+00:00,2025-09-14T13:21:59+00:00,2025-09-14,2025-09-14,3887
c0332c,ACA318,CYYC,YYC,Calgary,CYUL,YUL,Montreal,1757851711,1757865322,2025-09-14T12:08:31+00:00,2025-09-14T15:55:22+00:00,2025-09-14,2025-09-14,13611
c0816e,CJT2389,CYYC,YYC,Calgary,CYVR,YVR,Vancouver,1757836091,1757839761,2025-09-14T07:48:11+00:00,2025-09-14T08:49:21+00:00,2025-09-14,2025-09-14,3670
c053f6,ACA316,CYYC,YYC,Calgary,CYUL,YUL,Montreal,1757834453,1757847631,2025-09-14T07:20:53+00:00,2025-09-14T11:00:31+00:00,2025-09-14,2025-09-14,13178
c03f37,WJA646,CYYC,YYC,Calgary,CYYZ,YYZ,Toronto,1757833697,1757847119,2025-09-14T07:08:17+00:00,2025-09-14T10:51:59+00:00,2025-09-14,2025-09-14,13422
c01ebb,FLE628,CYYC,YYC,Calgary,CYYZ,YYZ,Toronto,1757833290,1757846542,2025-09-14T07:01:30+00:00,2025-09-14T10:42:22+00:00,2025-09-14,2025-09-14,13252
c03c05,WJA652,CYYC,YYC,Calgary,CYYZ,YYZ,Toronto,1757831906,1757844768,2025-09-14T06:38:26+00:00,2025-09-14T10:12:48+00:00,2025-09-14,2025-09-14,12862
c04ff7,ACA156,CYYC,YYC,Calgary,CYYZ,YYZ,Toronto,1757831462,1757843818,2025-09-14T06:31:02+00:00,2025-09-14T09:56:58+00:00,2025-09-14,2025-09-14,12356
c080db,ACA154,CYYC,YYC,Calgary,CYYZ,YYZ,Toronto,1757830236,1757842911,2025-09-14T06:10:36+00:00,2025-09-14T09:41:51+00:00,2025-09-14,2025-09-14,12675
c080aa,WJA135,CYYC,YYC,Calgary,CYVR,YVR,Vancouver,1757828490,1757832379,2025-09-14T05:41:30+00:00,2025-09-14T06:46:19+00:00,2025-09-14,2025-09-14,3889
c080ac,WJA237,CYYC,YYC,Calgary,CYEG,YEG,Edmonton,1757828280,1757829833,2025-09-14T05:38:00+00:00,2025-09-14T06:03:53+00:00,2025-09-14,2025-09-14,1553
c0360e,WJA133,CYYC,YYC,Calgary,CYVR,YVR,Vancouver,1757822682,1757826744,2025-09-14T04:04:42+00:00,2025-09-14T05:12:24+00:00,2025-09-14,2025-09-14,4062
c035f8,WJA289,CYYC,YYC,Calgary,CYEG,YEG,Edmonton,1757821535,1757823447,2025-09-14T03:45:35+00:00,2025-09-14T04:17:27+00:00,2025-09-14,2025-09-14,1912
c01e11,FLE805,CYYC,YYC,Calgary,CYVR,YVR,Vancouver,1757821037,1757825067,2025-09-14T03:37:17+00:00,2025-09-14T04:44:27+00:00,2025-09-14,2025-09-14,4030
c0817c,WJA131,CYYC,YYC,Calgary,CYVR,YVR,Vancouver,1757820480,1757824242,2025-09-14T03:28:00+00:00,2025-09-14T04:30:42+00:00,2025-09-14,2025-09-14,3762
c00d51,FLE9945,CYYC,YYC,Calgary,CYEG,YEG,Edmonton,1757818980,1757820763,2025-09-14T03:03:00+00:00,2025-09-14T03:32:43+00:00,2025-09-14,2025-09-14,1783
c007d8,ACA227,CYYC,YYC,Calgary,CYVR,YVR,Vancouver,1757818151,1757822128,2025-09-14T02:49:11+00:00,2025-09-14T03:55:28+00:00,2025-09-14,2025-09-14,3977
c0614d,WJA241,CYYC,YYC,Calgary,CYEG,YEG,Edmonton,1757816892,1757818798,2025-09-14T02:28:12+00:00,2025-09-14T02:59:58+00:00,2025-09-14,2025-09-14,1906
c07686,CNK11,CYYC,YYC,Calgary,CYEG,YEG,Edmonton,1757816751,1757818919,2025-09-14T02:25:51+00:00,2025-09-14T03:01:59+00:00,2025-09-14,2025-09-14,2168
c07f34,CGWEL,CYYC,YYC,Calgary,CYEG,YEG,Edmonton,1757815774,1757818273,2025-09-14T02:09:34+00:00,2025-09-14T02:51:13+00:00,2025-09-14,2025-09-14,2499
c07eef,WJA129,CYYC,YYC,Calgary,CYVR,YVR,Vancouver,1757815614,1757819455,2025-09-14T02:06:54+00:00,2025-09-14T03:10:55+00:00,2025-09-14,2025-09-14,3841
c004f3,WJA127,CYYC,YYC,Calgary,CYVR,YVR,Vancouver,1757812496,1757816484,2025-09-14T01:14:56+00:00,2025-09-14T02:21:24+00:00,2025-09-14,2025-09-14,3988
c055f5,JZA143,CYYC,YYC,Calgary,CYEG,YEG,Edmonton,1757812062,1757813930,2025-09-14T01:07:42+00:00,2025-09-14T01:38:50+00:00,2025-09-14,2025-09-14,1868
c010cb,ACA158,CYYC,YYC,Calgary,CYYZ,YYZ,Toronto,1757811623,1757824499,2025-09-14T01:00:23+00:00,2025-09-14T04:34:59+00:00,2025-09-14,2025-09-14,12876
c055c6,JZA391,CYYC,YYC,Calgary,CYVR,YVR,Vancouver,1757811431,1757819878,2025-09-14T00:57:11+00:00,2025-09-14T03:17:58+00:00,2025-09-14,2025-09-14,8447
c03af2,WJA676,CYYC,YYC,Calgary,CYYZ,YYZ,Toronto,1757811355,1757823749,2025-09-14T00:55:55+00:00,2025-09-14T04:22:29+00:00,2025-09-14,2025-09-14,12394
c07eee,WJA255,CYYC,YYC,Calgary,CYEG,YEG,Edmonton,1757810661,1757812433,2025-09-14T00:44:21+00:00,2025-09-14T01:13:53+00:00,2025-09-14,2025-09-14,1772
c02ae3,WJA214,CYYC,YYC,Calgary,CYUL,YUL,Montreal,1757810369,1757823956,2025-09-14T00:39:29+00:00,2025-09-14T04:25:56+00:00,2025-09-14,2025-09-14,13587
c080ac,WJA125,CYYC,YYC,Calgary,CYVR,YVR,Vancouver,1757809636,1757813686,2025-09-14T00:27:16+00:00,2025-09-14T01:34:46+00:00,2025-09-14,2025-09-14,4050
c00700,ACA223,CYYC,YYC,Calgary,CYVR,YVR,Vancouver,1757809355,1757813180,2025-09-14T00:22:35+00:00,2025-09-14T01:26:20+00:00,2025-09-14,2025-09-14,3825
c05bd6,ACA152,CYYC,YYC,Calgary,CYYZ,YYZ,Toronto,1757808039,1757820717,2025-09-14T00:00:39+00:00,2025-09-14T03:31:57+00:00,2025-09-14,2025-09-14,12678
c07686,CNK11,CYEG,YEG,Edmonton,CYYC,YYC,Calgary,1757820253,1757822183,2025-09-14T03:24:13+00:00,2025-09-14T03:56:23+00:00,2025-09-14,2025-09-14,1930
c0611f,ACA8XC,CYYZ,YYZ,Toronto,CYUL,YUL,Montreal,1757884295,1757888160,2025-09-14T21:11:35+00:00,2025-09-14T22:16:00+00:00,2025-09-14,2025-09-14,3865
c060c6,POE125,CYYZ,YYZ,Toronto,CYUL,YUL,Montreal,1757882845,1757886492,2025-09-14T20:47:25+00:00,2025-09-14T21:48:12+00:00,2025-09-14,2025-09-14,3647
c058c2,ACA488,CYYZ,YYZ,Toronto,CYUL,YUL,Montreal,1757881818,1757885104,2025-09-14T20:30:18+00:00,2025-09-14T21:25:04+00:00,2025-09-14,2025-09-14,3286
c043b7,ACA418,CYYZ,YYZ,Toronto,CYUL,YUL,Montreal,1757880467,1757884375,2025-09-14T20:07:47+00:00,2025-09-14T21:12:55+00:00,2025-09-14,2025-09-14,3908
c06aa9,TSC471,CYYZ,YYZ,Toronto,CYUL,YUL,Montreal,1757879832,1757883581,2025-09-14T19:57:12+00:00,2025-09-14T20:59:41+00:00,2025-09-14,2025-09-14,3749
c03001,ACA416,CYYZ,YYZ,Toronto,CYUL,YUL,Montreal,1757877270,1757881638,2025-09-14T19:14:30+00:00,2025-09-14T20:27:18+00:00,2025-09-14,2025-09-14,4368
c07966,ACA414,CYYZ,YYZ,Toronto,CYUL,YUL,Montreal,1757876760,1757879782,2025-09-14T19:06:00+00:00,2025-09-14T19:56:22+00:00,2025-09-14,2025-09-14,3022
c010cb,ACA171,CYYZ,YYZ,Toronto,CYEG,YEG,Edmonton,1757876677,1757889823,2025-09-14T19:04:37+00:00,2025-09-14T22:43:43+00:00,2025-09-14,2025-09-14,13146
c01ec6,FLE627,CYYZ,YYZ,Toronto,CYYC,YYC,Calgary,1757875951,1757890185,2025-09-14T18:52:31+00:00,2025-09-14T22:49:45+00:00,2025-09-14,2025-09-14,14234
c0192e,ACA145,CYYZ,YYZ,Toronto,CYYC,YYC,Calgary,1757875896,1757890303,2025-09-14T18:51:36+00:00,2025-09-14T22:51:43+00:00,2025-09-14,2025-09-14,14407
c05eb1,ACA115,CYYZ,YYZ,Toronto,CYVR,YVR,Vancouver,1757873461,1757889490,2025-09-14T18:11:01+00:00,2025-09-14T22:38:10+00:00,2025-09-14,2025-09-14,16029
c01ebb,FLE613,CYYZ,YYZ,Toronto,CYVR,YVR,Vancouver,1757873173,1757888967,2025-09-14T18:06:13+00:00,2025-09-14T22:29:27+00:00,2025-09-14,2025-09-14,15794
c07ee4,WJA715,CYYZ,YYZ,Toronto,CYVR,YVR,Vancouver,1757872741,1757888891,2025-09-14T17:59:01+00:00,2025-09-14T22:28:11+00:00,2025-09-14,2025-09-14,16150
c0648b,CGMBY,CYYZ,YYZ,Toronto,CYUL,YUL,Montreal,1757871791,1757875304,2025-09-14T17:43:11+00:00,2025-09-14T18:41:44+00:00,2025-09-14,2025-09-14,3513
c08859,POE405,CYYZ,YYZ,Toronto,CYEG,YEG,Edmonton,1757871381,1757884618,2025-09-14T17:36:21+00:00,2025-09-14T21:16:58+00:00,2025-09-14,2025-09-14,13237
c05ebb,WJA661,CYYZ,YYZ,Toronto,CYYC,YYC,Calgary,1757871240,1757885549,2025-09-14T17:34:00+00:00,2025-09-14T21:32:29+00:00,2025-09-14,2025-09-14,14309
c04eb6,ACA7201,CYYZ,YYZ,Toronto,CYVR,YVR,Vancouver,1757871001,1757887643,2025-09-14T17:30:01+00:00,2025-09-14T22:07:23+00:00,2025-09-14,2025-09-14,16642
c06171,POE357,CYYZ,YYZ,Toronto,CYYC,YYC,Calgary,1757870434,1757884669,2025-09-14T17:20:34+00:00,2025-09-14T21:17:49+00:00,2025-09-14,2025-09-14,14235
c05ea6,ACA113,CYYZ,YYZ,Toronto,CYVR,YVR,Vancouver,1757870180,1757887005,2025-09-14T17:16:20+00:00,2025-09-14T21:56:45+00:00,2025-09-14,2025-09-14,16825
c05fba,CGKGN,CYYZ,YYZ,Toronto,CYYC,YYC,Calgary,1757870067,1757883161,2025-09-14T17:14:27+00:00,2025-09-14T20:52:41+00:00,2025-09-14,2025-09-14,13094
c0884e,POE307,CYYZ,YYZ,Toronto,CYVR,YVR,Vancouver,1757870026,1757886725,2025-09-14T17:13:46+00:00,2025-09-14T21:52:05+00:00,2025-09-14,2025-09-14,16699
c04ff7,ACA143,CYYZ,YYZ,Toronto,CYYC,YYC,Calgary,1757869771,1757883880,2025-09-14T17:09:31+00:00,2025-09-14T21:04:40+00:00,2025-09-14,2025-09-14,14109
c08857,POE111,CYYZ,YYZ,Toronto,CYUL,YUL,Montreal,1757868512,1757872133,2025-09-14T16:48:32+00:00,2025-09-14T17:48:53+00:00,2025-09-14,2025-09-14,3621
c07ee6,WJA711,CYYZ,YYZ,Toronto,CYVR,YVR,Vancouver,1757867050,1757883143,2025-09-14T16:24:10+00:00,2025-09-14T20:52:23+00:00,2025-09-14,2025-09-14,16093
c05044,ACA141,CYYZ,YYZ,Toronto,CYYC,YYC,Calgary,1757866748,1757880119,2025-09-14T16:19:08+00:00,2025-09-14T20:01:59+00:00,2025-09-14,2025-09-14,13371
c05ec7,ACA410,CYYZ,YYZ,Toronto,CYUL,YUL,Montreal,1757866103,1757869780,2025-09-14T16:08:23+00:00,2025-09-14T17:09:40+00:00,2025-09-14,2025-09-14,3677
c05086,ACA111,CYYZ,YYZ,Toronto,CYVR,YVR,Vancouver,1757865918,1757882034,2025-09-14T16:05:18+00:00,2025-09-14T20:33:54+00:00,2025-09-14,2025-09-14,16116
c043b7,ACA408,CYYZ,YYZ,Toronto,CYUL,YUL,Montreal,1757865133,1757868851,2025-09-14T15:52:13+00:00,2025-09-14T16:54:11+00:00,2025-09-14,2025-09-14,3718
7c39b5,VHLON,CYYZ,YYZ,Toronto,CYVR,YVR,Vancouver,1757864785,1757880749,2025-09-14T15:46:25+00:00,2025-09-14T20:12:29+00:00,2025-09-14,2025-09-14,15964
c0173a,ACA189,CYYZ,YYZ,Toronto,CYVR,YVR,Vancouver,1757864679,1757880027,2025-09-14T15:44:39+00:00,2025-09-14T20:00:27+00:00,2025-09-14,2025-09-14,15348
c05da4,WJA657,CYYZ,YYZ,Toronto,CYYC,YYC,Calgary,1757862963,1757876539,2025-09-14T15:16:03+00:00,2025-09-14T19:02:19+00:00,2025-09-14,2025-09-14,13576
c05eb7,ACA117,CYYZ,YYZ,Toronto,CYVR,YVR,Vancouver,1757862813,1757879421,2025-09-14T15:13:33+00:00,2025-09-14T19:50:21+00:00,2025-09-14,2025-09-14,16608
c06183,POE305,CYYZ,YYZ,Toronto,CYVR,YVR,Vancouver,1757861035,1757877598,2025-09-14T14:43:55+00:00,2025-09-14T19:19:58+00:00,2025-09-14,2025-09-14,16563
c05ed0,ACA167,CYYZ,YYZ,Toronto,CYEG,YEG,Edmonton,1757860772,1757874058,2025-09-14T14:39:32+00:00,2025-09-14T18:20:58+00:00,2025-09-14,2025-09-14,13286
c0534e,FLE637,CYYZ,YYZ,Toronto,CYEG,YEG,Edmonton,1757860480,1757873513,2025-09-14T14:34:40+00:00,2025-09-14T18:11:53+00:00,2025-09-14,2025-09-14,13033
c06724,ACA137,CYYZ,YYZ,Toronto,CYYC,YYC,Calgary,1757860381,1757873457,2025-09-14T14:33:01+00:00,2025-09-14T18:10:57+00:00,2025-09-14,2025-09-14,13076
c03517,WJA655,CYYZ,YYZ,Toronto,CYYC,YYC,Calgary,1757859860,1757873573,2025-09-14T14:24:20+00:00,2025-09-14T18:12:53+00:00,2025-09-14,2025-09-14,13713
c0307c,ACA109,CYYZ,YYZ,Toronto,CYVR,YVR,Vancouver,1757859641,1757875569,2025-09-14T14:20:41+00:00,2025-09-14T18:46:09+00:00,2025-09-14,2025-09-14,15928
c01f1e,FLE625,CYYZ,YYZ,Toronto,CYYC,YYC,Calgary,1757859548,1757873729,2025-09-14T14:19:08+00:00,2025-09-14T18:15:29+00:00,2025-09-14,2025-09-14,14181
c04688,ASP816,CYYZ,YYZ,Toronto,CYUL,YUL,Montreal,1757859423,1757862478,2025-09-14T14:17:03+00:00,2025-09-14T15:07:58+00:00,2025-09-14,2025-09-14,3055
c06b6a,WJA707,CYYZ,YYZ,Toronto,CYVR,YVR,Vancouver,1757859422,1757875131,2025-09-14T14:17:02+00:00,2025-09-14T18:38:51+00:00,2025-09-14,2025-09-14,15709
c00da8,FLE609,CYYZ,YYZ,Toronto,CYVR,YVR,Vancouver,1757858202,1757875227,2025-09-14T13:56:42+00:00,2025-09-14T18:40:27+00:00,2025-09-14,2025-09-14,17025
c05ed9,ACA404,CYYZ,YYZ,Toronto,CYUL,YUL,Montreal,1757856964,1757860040,2025-09-14T13:36:04+00:00,2025-09-14T14:27:20+00:00,2025-09-14,2025-09-14,3076
c060c0,POE403,CYYZ,YYZ,Toronto,CYEG,YEG,Edmonton,1757856494,1757870489,2025-09-14T13:28:14+00:00,2025-09-14T17:21:29+00:00,2025-09-14,2025-09-14,13995
c06174,POE353,CYYZ,YYZ,Toronto,CYYC,YYC,Calgary,1757856335,1757870592,2025-09-14T13:25:35+00:00,2025-09-14T17:23:12+00:00,2025-09-14,2025-09-14,14257
c01c52,ACA107,CYYZ,YYZ,Toronto,CYVR,YVR,Vancouver,1757856112,1757871574,2025-09-14T13:21:52+00:00,2025-09-14T17:39:34+00:00,2025-09-14,2025-09-14,15462
c05bcf,ACA135,CYYZ,YYZ,Toronto,CYYC,YYC,Calgary,1757855250,1757868928,2025-09-14T13:07:30+00:00,2025-09-14T16:55:28+00:00,2025-09-14,2025-09-14,13678
c07fb1,WJA421,CYYZ,YYZ,Toronto,CYEG,YEG,Edmonton,1757855223,1757868869,2025-09-14T13:07:03+00:00,2025-09-14T16:54:29+00:00,2025-09-14,2025-09-14,13646
c03487,WJA651,CYYZ,YYZ,Toronto,CYYC,YYC,Calgary,1757855135,1757868359,2025-09-14T13:05:35+00:00,2025-09-14T16:45:59+00:00,2025-09-14,2025-09-14,13224
c05bd2,ACA105,CYYZ,YYZ,Toronto,CYVR,YVR,Vancouver,1757853785,1757870219,2025-09-14T12:43:05+00:00,2025-09-14T17:16:59+00:00,2025-09-14,2025-09-14,16434
c04453,WJA703,CYYZ,YYZ,Toronto,CYVR,YVR,Vancouver,1757852771,1757869431,2025-09-14T12:26:11+00:00,2025-09-14T17:03:51+00:00,2025-09-14,2025-09-14,16660
c03af2,WJA649,CYYZ,YYZ,Toronto,CYYC,YYC,Calgary,1757852680,1757865970,2025-09-14T12:24:40+00:00,2025-09-14T16:06:10+00:00,2025-09-14,2025-09-14,13290
c0618e,POE303,CYYZ,YYZ,Toronto,CYVR,YVR,Vancouver,1757852404,1757869217,2025-09-14T12:20:04+00:00,2025-09-14T17:00:17+00:00,2025-09-14,2025-09-14,16813
c05bcb,ACA165,CYYZ,YYZ,Toronto,CYEG,YEG,Edmonton,1757852044,1757865468,2025-09-14T12:14:04+00:00,2025-09-14T15:57:48+00:00,2025-09-14,2025-09-14,13424
c04ff7,ACA402,CYYZ,YYZ,Toronto,CYUL,YUL,Montreal,1757851569,1757855411,2025-09-14T12:06:09+00:00,2025-09-14T13:10:11+00:00,2025-09-14,2025-09-14,3842
c00e55,FLE601,CYYZ,YYZ,Toronto,CYVR,YVR,Vancouver,1757851086,1757866913,2025-09-14T11:58:06+00:00,2025-09-14T16:21:53+00:00,2025-09-14,2025-09-14,15827
c05eac,ACA133,CYYZ,YYZ,Toronto,CYYC,YYC,Calgary,1757850161,1757863240,2025-09-14T11:42:41+00:00,2025-09-14T15:20:40+00:00,2025-09-14,2025-09-14,13079
c07ef2,WJA701,CYYZ,YYZ,Toronto,CYVR,YVR,Vancouver,1757848772,1757865590,2025-09-14T11:19:32+00:00,2025-09-14T15:59:50+00:00,2025-09-14,2025-09-14,16818
c01ee6,WJA419,CYYZ,YYZ,Toronto,CYEG,YEG,Edmonton,1757848770,1757861964,2025-09-14T11:19:30+00:00,2025-09-14T14:59:24+00:00,2025-09-14,2025-09-14,13194
c05044,ACA400,CYYZ,YYZ,Toronto,CYUL,YUL,Montreal,1757848680,1757852489,2025-09-14T11:18:00+00:00,2025-09-14T12:21:29+00:00,2025-09-14,2025-09-14,3809
c010f6,ACA101,CYYZ,YYZ,Toronto,CYVR,YVR,Vancouver,1757847784,1757863875,2025-09-14T11:03:04+00:00,2025-09-14T15:31:15+00:00,2025-09-14,2025-09-14,16091
c00cd6,WJA653,CYYZ,YYZ,Toronto,CYYC,YYC,Calgary,1757846136,1757860006,2025-09-14T10:35:36+00:00,2025-09-14T14:26:46+00:00,2025-09-14,2025-09-14,13870
c08497,ACA161,CYYZ,YYZ,Toronto,CYYC,YYC,Calgary,1757845860,1757861875,2025-09-14T10:31:00+00:00,2025-09-14T14:57:55+00:00,2025-09-14,2025-09-14,16015
c08537,ACA480,CYYZ,YYZ,Toronto,CYUL,YUL,Montreal,1757845177,1757849396,2025-09-14T10:19:37+00:00,2025-09-14T11:29:56+00:00,2025-09-14,2025-09-14,4219
c05bd6,ACA183,CYYZ,YYZ,Toronto,CYVR,YVR,Vancouver,1757845172,1757861655,2025-09-14T10:19:32+00:00,2025-09-14T14:54:15+00:00,2025-09-14,2025-09-14,16483
c04d98,JZA7774,CYYZ,YYZ,Toronto,CYUL,YUL,Montreal,1757824472,1757828079,2025-09-14T04:34:32+00:00,2025-09-14T05:34:39+00:00,2025-09-14,2025-09-14,3607
c066f0,ACA432,CYYZ,YYZ,Toronto,CYUL,YUL,Montreal,1757823465,1757827074,2025-09-14T04:17:45+00:00,2025-09-14T05:17:54+00:00,2025-09-14,2025-09-14,3609
c0301d,ASP654,CYYZ,YYZ,Toronto,CYUL,YUL,Montreal,1757820726,1757824549,2025-09-14T03:32:06+00:00,2025-09-14T04:35:49+00:00,2025-09-14,2025-09-14,3823
c0440e,ACA159,CYYZ,YYZ,Toronto,CYYC,YYC,Calgary,1757819853,1757833589,2025-09-14T03:17:33+00:00,2025-09-14T07:06:29+00:00,2025-09-14,2025-09-14,13736
c060bb,POE135,CYYZ,YYZ,Toronto,CYUL,YUL,Montreal,1757819761,1757823568,2025-09-14T03:16:01+00:00,2025-09-14T04:19:28+00:00,2025-09-14,2025-09-14,3807
c06b6a,WJA598,CYYZ,YYZ,Toronto,CYUL,YUL,Montreal,1757819130,1757823231,2025-09-14T03:05:30+00:00,2025-09-14T04:13:51+00:00,2025-09-14,2025-09-14,4101
c08095,WJA679,CYYZ,YYZ,Toronto,CYYC,YYC,Calgary,1757818601,1757832106,2025-09-14T02:56:41+00:00,2025-09-14T06:41:46+00:00,2025-09-14,2025-09-14,13505
c069d8,WJA731,CYYZ,YYZ,Toronto,CYVR,YVR,Vancouver,1757817412,1757833932,2025-09-14T02:36:52+00:00,2025-09-14T07:12:12+00:00,2025-09-14,2025-09-14,16520
c0517e,WJA445,CYYZ,YYZ,Toronto,CYEG,YEG,Edmonton,1757815803,1757829418,2025-09-14T02:10:03+00:00,2025-09-14T05:56:58+00:00,2025-09-14,2025-09-14,13615
c00da8,FLE631,CYYZ,YYZ,Toronto,CYEG,YEG,Edmonton,1757815611,1757828861,2025-09-14T02:06:51+00:00,2025-09-14T05:47:41+00:00,2025-09-14,2025-09-14,13250
c01ebb,FLE629,CYYZ,YYZ,Toronto,CYYC,YYC,Calgary,1757815170,1757827999,2025-09-14T01:59:30+00:00,2025-09-14T05:33:19+00:00,2025-09-14,2025-09-14,12829
c04fff,ACA157,CYYZ,YYZ,Toronto,CYYC,YYC,Calgary,1757813850,1757827010,2025-09-14T01:37:30+00:00,2025-09-14T05:16:50+00:00,2025-09-14,2025-09-14,13160
c010ec,ACA129,CYYZ,YYZ,Toronto,CYVR,YVR,Vancouver,1757813808,1757829564,2025-09-14T01:36:48+00:00,2025-09-14T05:59:24+00:00,2025-09-14,2025-09-14,15756
c0534e,FLE603,CYYZ,YYZ,Toronto,CYVR,YVR,Vancouver,1757813235,1757829079,2025-09-14T01:27:15+00:00,2025-09-14T05:51:19+00:00,2025-09-14,2025-09-14,15844
c012be,AKT6071,CYYZ,YYZ,Toronto,CYEG,YEG,Edmonton,1757812656,1757825835,2025-09-14T01:17:36+00:00,2025-09-14T04:57:15+00:00,2025-09-14,2025-09-14,13179
c010ea,ACA177,CYYZ,YYZ,Toronto,CYEG,YEG,Edmonton,1757811168,1757824488,2025-09-14T00:52:48+00:00,2025-09-14T04:34:48+00:00,2025-09-14,2025-09-14,13320
c05ed8,ACA426,CYYZ,YYZ,Toronto,CYUL,YUL,Montreal,1757810155,1757813818,2025-09-14T00:35:55+00:00,2025-09-14T01:36:58+00:00,2025-09-14,2025-09-14,3663
c07998,TSC661,CYYZ,YYZ,Toronto,CYUL,YUL,Montreal,1757809139,1757813422,2025-09-14T00:18:59+00:00,2025-09-14T01:30:22+00:00,2025-09-14,2025-09-14,4283
c06174,POE129,CYYZ,YYZ,Toronto,CYUL,YUL,Montreal,1757808175,1757811805,2025-09-14T00:02:55+00:00,2025-09-14T01:03:25+00:00,2025-09-14,2025-09-14,3630
c056c6,WJA675,CYYZ,YYZ,Toronto,CYYC,YYC,Calgary,1757808135,1757821123,2025-09-14T00:02:15+00:00,2025-09-14T03:38:43+00:00,2025-09-14,2025-09-14,12988
c05bcf,ACA127,CYYZ,YYZ,Toronto,CYVR,YVR,Vancouver,1757808009,1757823756,2025-09-14T00:00:09+00:00,2025-09-14T04:22:36+00:00,2025-09-14,2025-09-14,15747
c023b7,ACA7091,CYUL,YUL,Montreal,CYYZ,YYZ,Toronto,1757886425,1757889423,2025-09-14T21:47:05+00:00,2025-09-14T22:37:03+00:00,2025-09-14,2025-09-14,2998
c066f0,ACA421,CYUL,YUL,Montreal,CYYZ,YYZ,Toronto,1757885057,1757888287,2025-09-14T21:24:17+00:00,2025-09-14T22:18:07+00:00,2025-09-14,2025-09-14,3230
c051d1,TSC470,CYUL,YUL,Montreal,CYYZ,YYZ,Toronto,1757882725,1757886650,2025-09-14T20:45:25+00:00,2025-09-14T21:50:50+00:00,2025-09-14,2025-09-14,3925
c051e4,ACA9XC,CYUL,YUL,Montreal,CYYZ,YYZ,Toronto,1757882572,1757885662,2025-09-14T20:42:52+00:00,2025-09-14T21:34:22+00:00,2025-09-14,2025-09-14,3090
c058be,ACA489,CYUL,YUL,Montreal,CYYZ,YYZ,Toronto,1757881176,1757884356,2025-09-14T20:19:36+00:00,2025-09-14T21:12:36+00:00,2025-09-14,2025-09-14,3180
c08857,POE120,CYUL,YUL,Montreal,CYYZ,YYZ,Toronto,1757880460,1757883735,2025-09-14T20:07:40+00:00,2025-09-14T21:02:15+00:00,2025-09-14,2025-09-14,3275
c05ee5,ACA487,CYUL,YUL,Montreal,CYYZ,YYZ,Toronto,1757879443,1757882661,2025-09-14T19:50:43+00:00,2025-09-14T20:44:21+00:00,2025-09-14,2025-09-14,3218
c04681,ASP846,CYUL,YUL,Montreal,CYYZ,YYZ,Toronto,1757878170,1757881127,2025-09-14T19:29:30+00:00,2025-09-14T20:18:47+00:00,2025-09-14,2025-09-14,2957
c05ec7,ACA415,CYUL,YUL,Montreal,CYYZ,YYZ,Toronto,1757873794,1757877198,2025-09-14T18:16:34+00:00,2025-09-14T19:13:18+00:00,2025-09-14,2025-09-14,3404
c043b7,ACA413,CYUL,YUL,Montreal,CYYZ,YYZ,Toronto,1757873677,1757877089,2025-09-14T18:14:37+00:00,2025-09-14T19:11:29+00:00,2025-09-14,2025-09-14,3412
c023c5,ACA323,CYUL,YUL,Montreal,CYYC,YYC,Calgary,1757871541,1757885420,2025-09-14T17:39:01+00:00,2025-09-14T21:30:20+00:00,2025-09-14,2025-09-14,13879
c013c3,ACA305,CYUL,YUL,Montreal,CYVR,YVR,Vancouver,1757870390,1757888282,2025-09-14T17:19:50+00:00,2025-09-14T22:18:02+00:00,2025-09-14,2025-09-14,17892
c03001,ACA411,CYUL,YUL,Montreal,CYYZ,YYZ,Toronto,1757866082,1757869280,2025-09-14T16:08:02+00:00,2025-09-14T17:01:20+00:00,2025-09-14,2025-09-14,3198
c05ed9,ACA409,CYUL,YUL,Montreal,CYYZ,YYZ,Toronto,1757865212,1757868653,2025-09-14T15:53:32+00:00,2025-09-14T16:50:53+00:00,2025-09-14,2025-09-14,3441
c04ff7,ACA407,CYUL,YUL,Montreal,CYYZ,YYZ,Toronto,1757859592,1757862719,2025-09-14T14:19:52+00:00,2025-09-14T15:11:59+00:00,2025-09-14,2025-09-14,3127
c060c7,POE112,CYUL,YUL,Montreal,CYYZ,YYZ,Toronto,1757858742,1757861968,2025-09-14T14:05:42+00:00,2025-09-14T14:59:28+00:00,2025-09-14,2025-09-14,3226
c05044,ACA405,CYUL,YUL,Montreal,CYYZ,YYZ,Toronto,1757857060,1757860013,2025-09-14T13:37:40+00:00,2025-09-14T14:26:53+00:00,2025-09-14,2025-09-14,2953
c05007,ACA331,CYUL,YUL,Montreal,CYEG,YEG,Edmonton,1757854273,1757868412,2025-09-14T12:51:13+00:00,2025-09-14T16:46:52+00:00,2025-09-14,2025-09-14,14139
c01074,ACA303,CYUL,YUL,Montreal,CYVR,YVR,Vancouver,1757853283,1757869619,2025-09-14T12:34:43+00:00,2025-09-14T17:06:59+00:00,2025-09-14,2025-09-14,16336
c050c4,ACA321,CYUL,YUL,Montreal,CYYC,YYC,Calgary,1757852805,1757866973,2025-09-14T12:26:45+00:00,2025-09-14T16:22:53+00:00,2025-09-14,2025-09-14,14168
c05086,ACA403,CYUL,YUL,Montreal,CYYZ,YYZ,Toronto,1757851892,1757854974,2025-09-14T12:11:32+00:00,2025-09-14T13:02:54+00:00,2025-09-14,2025-09-14,3082
c0583a,ACA301,CYUL,YUL,Montreal,CYVR,YVR,Vancouver,1757849998,1757866602,2025-09-14T11:39:58+00:00,2025-09-14T16:16:42+00:00,2025-09-14,2025-09-14,16604
c02ae3,WJA215,CYUL,YUL,Montreal,CYYC,YYC,Calgary,1757848803,1757862825,2025-09-14T11:20:03+00:00,2025-09-14T15:13:45+00:00,2025-09-14,2025-09-14,14022
c05ed8,ACA401,CYUL,YUL,Montreal,CYYZ,YYZ,Toronto,1757848699,1757851679,2025-09-14T11:18:19+00:00,2025-09-14T12:07:59+00:00,2025-09-14,2025-09-14,2980
c060bb,POE373,CYUL,YUL,Montreal,CYVR,YVR,Vancouver,1757848244,1757866210,2025-09-14T11:10:44+00:00,2025-09-14T16:10:10+00:00,2025-09-14,2025-09-14,17966
c06174,POE102,CYUL,YUL,Montreal,CYYZ,YYZ,Toronto,1757847933,1757851016,2025-09-14T11:05:33+00:00,2025-09-14T11:56:56+00:00,2025-09-14,2025-09-14,3083
c06b6a,WJA579,CYUL,YUL,Montreal,CYYZ,YYZ,Toronto,1757847693,1757850897,2025-09-14T11:01:33+00:00,2025-09-14T11:54:57+00:00,2025-09-14,2025-09-14,3204
c05edb,ACA481,CYUL,YUL,Montreal,CYYZ,YYZ,Toronto,1757845719,1757849417,2025-09-14T10:28:39+00:00,2025-09-14T11:30:17+00:00,2025-09-14,2025-09-14,3698
c008f0,JZA7773,CYUL,YUL,Montreal,CYYZ,YYZ,Toronto,1757841915,1757845283,2025-09-14T09:25:15+00:00,2025-09-14T10:21:23+00:00,2025-09-14,2025-09-14,3368
c08859,POE9924,CYUL,YUL,Montreal,CYYZ,YYZ,Toronto,1757816786,1757819938,2025-09-14T02:26:26+00:00,2025-09-14T03:18:58+00:00,2025-09-14,2025-09-14,3152
c0307a,ACA313,CYUL,YUL,Montreal,CYVR,YVR,Vancouver,1757815505,1757832508,2025-09-14T02:05:05+00:00,2025-09-14T06:48:28+00:00,2025-09-14,2025-09-14,17003
c043b7,ACA429,CYUL,YUL,Montreal,CYYZ,YYZ,Toronto,1757815002,1757818435,2025-09-14T01:56:42+00:00,2025-09-14T02:53:55+00:00,2025-09-14,2025-09-14,3433
c053f6,ACA327,CYUL,YUL,Montreal,CYYC,YYC,Calgary,1757811281,1757825154,2025-09-14T00:54:41+00:00,2025-09-14T04:45:54+00:00,2025-09-14,2025-09-14,13873
c051c6,TSC660,CYUL,YUL,Montreal,CYYZ,YYZ,Toronto,1757810422,1757813739,2025-09-14T00:40:22+00:00,2025-09-14T01:35:39+00:00,2025-09-14,2025-09-14,3317
c060bb,POE130,CYUL,YUL,Montreal,CYYZ,YYZ,Toronto,1757809827,1757813270,2025-09-14T00:30:27+00:00,2025-09-14T01:27:50+00:00,2025-09-14,2025-09-14,3443
c06081,ACA427,CYUL,YUL,Montreal,CYYZ,YYZ,Toronto,1757808650,1757811979,2025-09-14T00:10:50+00:00,2025-09-14T01:06:19+00:00,2025-09-14,2025-09-14,3329
c0853f,ACA423,CYUL,YUL,Montreal,CYYZ,YYZ,Toronto,1757808225,1757811509,2025-09-14T00:03:45+00:00,2025-09-14T00:58:29+00:00,2025-09-14,2025-09-14,3284
c04c36,WJA116,CYVR,YVR,Vancouver,CYYC,YYC,Calgary,1757972981,1757976894,2025-09-15T21:49:41+00:00,2025-09-15T22:54:54+00:00,2025-09-15,2025-09-15,3913
c0220d,WJA114,CYVR,YVR,Vancouver,CYYC,YYC,Calgary,1757969054,1757973493,2025-09-15T20:44:14+00:00,2025-09-15T21:58:13+00:00,2025-09-15,2025-09-15,4439
c03069,ACA216,CYVR,YVR,Vancouver,CYYC,YYC,Calgary,1757967915,1757972038,2025-09-15T20:25:15+00:00,2025-09-15T21:33:58+00:00,2025-09-15,2025-09-15,4123
c080ae,WJA112,CYVR,YVR,Vancouver,CYYC,YYC,Calgary,1757966373,1757970360,2025-09-15T19:59:33+00:00,2025-09-15T21:06:00+00:00,2025-09-15,2025-09-15,3987
c01e1a,FLE816,CYVR,YVR,Vancouver,CYYC,YYC,Calgary,1757963040,1757967029,2025-09-15T19:04:00+00:00,2025-09-15T20:10:29+00:00,2025-09-15,2025-09-15,3989
c080aa,WJA110,CYVR,YVR,Vancouver,CYYC,YYC,Calgary,1757961785,1757966038,2025-09-15T18:43:05+00:00,2025-09-15T19:53:58+00:00,2025-09-15,2025-09-15,4253
c00d51,FLE806,CYVR,YVR,Vancouver,CYYC,YYC,Calgary,1757959279,1757963448,2025-09-15T18:01:19+00:00,2025-09-15T19:10:48+00:00,2025-09-15,2025-09-15,4169
c06183,POE304,CYVR,YVR,Vancouver,CYYZ,YYZ,Toronto,1757958074,1757974113,2025-09-15T17:41:14+00:00,2025-09-15T22:08:33+00:00,2025-09-15,2025-09-15,16039
c03517,WJA108,CYVR,YVR,Vancouver,CYYC,YYC,Calgary,1757958030,1757961808,2025-09-15T17:40:30+00:00,2025-09-15T18:43:28+00:00,2025-09-15,2025-09-15,3778
c010ea,ACA108,CYVR,YVR,Vancouver,CYYZ,YYZ,Toronto,1757957881,1757973994,2025-09-15T17:38:01+00:00,2025-09-15T22:06:34+00:00,2025-09-15,2025-09-15,16113
c00899,ACA210,CYVR,YVR,Vancouver,CYYC,YYC,Calgary,1757956836,1757960609,2025-09-15T17:20:36+00:00,2025-09-15T18:23:29+00:00,2025-09-15,2025-09-15,3773
c043cb,WJA708,CYVR,YVR,Vancouver,CYYZ,YYZ,Toronto,1757956517,1757972916,2025-09-15T17:15:17+00:00,2025-09-15T21:48:36+00:00,2025-09-15,2025-09-15,16399
c04ff4,WJA706,CYVR,YVR,Vancouver,CYYZ,YYZ,Toronto,1757953522,1757969123,2025-09-15T16:25:22+00:00,2025-09-15T20:45:23+00:00,2025-09-15,2025-09-15,15601
c050a0,WEN3174,CYVR,YVR,Vancouver,CYYC,YYC,Calgary,1757953266,1757965735,2025-09-15T16:21:06+00:00,2025-09-15T19:48:55+00:00,2025-09-15,2025-09-15,12469
c0172e,ACA34,CYVR,YVR,Vancouver,CYYZ,YYZ,Toronto,1757952843,1757967587,2025-09-15T16:14:03+00:00,2025-09-15T20:19:47+00:00,2025-09-15,2025-09-15,14744
c0653d,ACA328,CYVR,YVR,Vancouver,CYUL,YUL,Montreal,1757952721,1757969728,2025-09-15T16:12:01+00:00,2025-09-15T20:55:28+00:00,2025-09-15,2025-09-15,17007
c00757,ACA204,CYVR,YVR,Vancouver,CYYC,YYC,Calgary,1757951538,1757955561,2025-09-15T15:52:18+00:00,2025-09-15T16:59:21+00:00,2025-09-15,2025-09-15,4023
c0614d,WJA104,CYVR,YVR,Vancouver,CYYC,YYC,Calgary,1757950658,1757954362,2025-09-15T15:37:38+00:00,2025-09-15T16:39:22+00:00,2025-09-15,2025-09-15,3704
c0617c,POE372,CYVR,YVR,Vancouver,CYUL,YUL,Montreal,1757949634,1757967007,2025-09-15T15:20:34+00:00,2025-09-15T20:10:07+00:00,2025-09-15,2025-09-15,17373
c0850c,JZA7121,CYVR,YVR,Vancouver,CYYC,YYC,Calgary,1757949075,1757953554,2025-09-15T15:11:15+00:00,2025-09-15T16:25:54+00:00,2025-09-15,2025-09-15,4479
c03cf4,ACA302,CYVR,YVR,Vancouver,CYUL,YUL,Montreal,1757948438,1757965108,2025-09-15T15:00:38+00:00,2025-09-15T19:38:28+00:00,2025-09-15,2025-09-15,16670
c00e55,FLE800,CYVR,YVR,Vancouver,CYYC,YYC,Calgary,1757948086,1757952108,2025-09-15T14:54:46+00:00,2025-09-15T16:01:48+00:00,2025-09-15,2025-09-15,4022
c060c6,POE302,CYVR,YVR,Vancouver,CYYZ,YYZ,Toronto,1757947595,1757963908,2025-09-15T14:46:35+00:00,2025-09-15T19:18:28+00:00,2025-09-15,2025-09-15,16313
c05eac,ACA104,CYVR,YVR,Vancouver,CYYZ,YYZ,Toronto,1757947275,1757963448,2025-09-15T14:41:15+00:00,2025-09-15T19:10:48+00:00,2025-09-15,2025-09-15,16173
c02ae3,WJA102,CYVR,YVR,Vancouver,CYYC,YYC,Calgary,1757945626,1757949626,2025-09-15T14:13:46+00:00,2025-09-15T15:20:26+00:00,2025-09-15,2025-09-15,4000
c05ee1,ACA202,CYVR,YVR,Vancouver,CYYC,YYC,Calgary,1757945198,1757949147,2025-09-15T14:06:38+00:00,2025-09-15T15:12:27+00:00,2025-09-15,2025-09-15,3949
c050ae,ACA100,CYVR,YVR,Vancouver,CYYZ,YYZ,Toronto,1757942521,1757958477,2025-09-15T13:22:01+00:00,2025-09-15T17:47:57+00:00,2025-09-15,2025-09-15,15956
c00741,WJA100,CYVR,YVR,Vancouver,CYYC,YYC,Calgary,1757941925,1757945892,2025-09-15T13:12:05+00:00,2025-09-15T14:18:12+00:00,2025-09-15,2025-09-15,3967
c08335,WJA700,CYVR,YVR,Vancouver,CYYZ,YYZ,Toronto,1757941831,1757957986,2025-09-15T13:10:31+00:00,2025-09-15T17:39:46+00:00,2025-09-15,2025-09-15,16155
c07fb9,WJA136,CYVR,YVR,Vancouver,CYYC,YYC,Calgary,1757937810,1757941614,2025-09-15T12:03:30+00:00,2025-09-15T13:06:54+00:00,2025-09-15,2025-09-15,3804
c03f02,WJA564,CYVR,YVR,Vancouver,CYUL,YUL,Montreal,1757925514,1757942339,2025-09-15T08:38:34+00:00,2025-09-15T13:18:59+00:00,2025-09-15,2025-09-15,16825
c0473b,CJT2382,CYVR,YVR,Vancouver,CYYC,YYC,Calgary,1757923384,1757926889,2025-09-15T08:03:04+00:00,2025-09-15T09:01:29+00:00,2025-09-15,2025-09-15,3505
c05bd2,ACA182,CYVR,YVR,Vancouver,CYYZ,YYZ,Toronto,1757921859,1757937683,2025-09-15T07:37:39+00:00,2025-09-15T12:01:23+00:00,2025-09-15,2025-09-15,15824
c00e6c,FLE602,CYVR,YVR,Vancouver,CYYZ,YYZ,Toronto,1757921206,1757936962,2025-09-15T07:26:46+00:00,2025-09-15T11:49:22+00:00,2025-09-15,2025-09-15,15756
c04fdd,ACA322,CYVR,YVR,Vancouver,CYUL,YUL,Montreal,1757919645,1757935720,2025-09-15T07:00:45+00:00,2025-09-15T11:28:40+00:00,2025-09-15,2025-09-15,16075
c05bcf,ACA128,CYVR,YVR,Vancouver,CYYZ,YYZ,Toronto,1757918930,1757934802,2025-09-15T06:48:50+00:00,2025-09-15T11:13:22+00:00,2025-09-15,2025-09-15,15872
c00d51,FLE600,CYVR,YVR,Vancouver,CYYZ,YYZ,Toronto,1757918165,1757934715,2025-09-15T06:36:05+00:00,2025-09-15T11:11:55+00:00,2025-09-15,2025-09-15,16550
c02fd5,ACA314,CYVR,YVR,Vancouver,CYUL,YUL,Montreal,1757916969,1757933339,2025-09-15T06:16:09+00:00,2025-09-15T10:48:59+00:00,2025-09-15,2025-09-15,16370
c0653d,ACA228,CYVR,YVR,Vancouver,CYYC,YYC,Calgary,1757916890,1757920615,2025-09-15T06:14:50+00:00,2025-09-15T07:16:55+00:00,2025-09-15,2025-09-15,3725
c080aa,WJA724,CYVR,YVR,Vancouver,CYYZ,YYZ,Toronto,1757915737,1757931617,2025-09-15T05:55:37+00:00,2025-09-15T10:20:17+00:00,2025-09-15,2025-09-15,15880
c05bd6,ACA126,CYVR,YVR,Vancouver,CYYZ,YYZ,Toronto,1757915571,1757931439,2025-09-15T05:52:51+00:00,2025-09-15T10:17:19+00:00,2025-09-15,2025-09-15,15868
c035cc,WJA132,CYVR,YVR,Vancouver,CYYC,YYC,Calgary,1757914206,1757917764,2025-09-15T05:30:06+00:00,2025-09-15T06:29:24+00:00,2025-09-15,2025-09-15,3558
c060c0,POE318,CYVR,YVR,Vancouver,CYYZ,YYZ,Toronto,1757913960,1757929878,2025-09-15T05:26:00+00:00,2025-09-15T09:51:18+00:00,2025-09-15,2025-09-15,15918
c007d8,ACA250,CYVR,YVR,Vancouver,CYEG,YEG,Edmonton,1757911183,1757915219,2025-09-15T04:39:43+00:00,2025-09-15T05:46:59+00:00,2025-09-15,2025-09-15,4036
c00734,WJA178,CYVR,YVR,Vancouver,CYEG,YEG,Edmonton,1757910141,1757914199,2025-09-15T04:22:21+00:00,2025-09-15T05:29:59+00:00,2025-09-15,2025-09-15,4058
c006b1,WJA128,CYVR,YVR,Vancouver,CYYC,YYC,Calgary,1757907540,1757911462,2025-09-15T03:39:00+00:00,2025-09-15T04:44:22+00:00,2025-09-15,2025-09-15,3922
c03068,ACA226,CYVR,YVR,Vancouver,CYYC,YYC,Calgary,1757907432,1757911319,2025-09-15T03:37:12+00:00,2025-09-15T04:41:59+00:00,2025-09-15,2025-09-15,3887
c03bf7,WJA126,CYVR,YVR,Vancouver,CYYC,YYC,Calgary,1757904528,1757908599,2025-09-15T02:48:48+00:00,2025-09-15T03:56:39+00:00,2025-09-15,2025-09-15,4071
c08335,WJA122,CYVR,YVR,Vancouver,CYYC,YYC,Calgary,1757904095,1757908049,2025-09-15T02:41:35+00:00,2025-09-15T03:47:29+00:00,2025-09-15,2025-09-15,3954
c02ae3,WJA124,CYVR,YVR,Vancouver,CYYC,YYC,Calgary,1757903057,1757907238,2025-09-15T02:24:17+00:00,2025-09-15T03:33:58+00:00,2025-09-15,2025-09-15,4181
c078c0,CGTSX,CYVR,YVR,Vancouver,CYYC,YYC,Calgary,1757902772,1757907170,2025-09-15T02:19:32+00:00,2025-09-15T03:32:50+00:00,2025-09-15,2025-09-15,4398
c06e87,ACA246,CYVR,YVR,Vancouver,CYEG,YEG,Edmonton,1757902454,1757906480,2025-09-15T02:14:14+00:00,2025-09-15T03:21:20+00:00,2025-09-15,2025-09-15,4026
c01d72,FLE832,CYVR,YVR,Vancouver,CYEG,YEG,Edmonton,1757900941,1757904947,2025-09-15T01:49:01+00:00,2025-09-15T02:55:47+00:00,2025-09-15,2025-09-15,4006
c03c04,WJA174,CYVR,YVR,Vancouver,CYEG,YEG,Edmonton,1757899611,1757903655,2025-09-15T01:26:51+00:00,2025-09-15T02:34:15+00:00,2025-09-15,2025-09-15,4044
c0506b,ACA224,CYVR,YVR,Vancouver,CYYC,YYC,Calgary,1757899020,1757902949,2025-09-15T01:17:00+00:00,2025-09-15T02:22:29+00:00,2025-09-15,2025-09-15,3929
c01dcb,FLE804,CYVR,YVR,Vancouver,CYYC,YYC,Calgary,1757898697,1757902817,2025-09-15T01:11:37+00:00,2025-09-15T02:20:17+00:00,2025-09-15,2025-09-15,4120
c04eb6,ACA7202,CYVR,YVR,Vancouver,CYYZ,YYZ,Toronto,1757898233,1757913265,2025-09-15T01:03:53+00:00,2025-09-15T05:14:25+00:00,2025-09-15,2025-09-15,15032
c05eb1,ACA124,CYVR,YVR,Vancouver,CYYZ,YYZ,Toronto,1757897152,1757912757,2025-09-15T00:45:52+00:00,2025-09-15T05:05:57+00:00,2025-09-15,2025-09-15,15605
c0360e,WJA722,CYVR,YVR,Vancouver,CYYZ,YYZ,Toronto,1757897073,1757913151,2025-09-15T00:44:33+00:00,2025-09-15T05:12:31+00:00,2025-09-15,2025-09-15,16078
c07ee4,WJA120,CYVR,YVR,Vancouver,CYYC,YYC,Calgary,1757896763,1757900608,2025-09-15T00:39:23+00:00,2025-09-15T01:43:28+00:00,2025-09-15,2025-09-15,3845
c0187a,JZA7780,CYVR,YVR,Vancouver,CYEG,YEG,Edmonton,1757895166,1757899134,2025-09-15T00:12:46+00:00,2025-09-15T01:18:54+00:00,2025-09-15,2025-09-15,3968
c01ebb,FLE612,CYVR,YVR,Vancouver,CYYZ,YYZ,Toronto,1757895053,1757910089,2025-09-15T00:10:53+00:00,2025-09-15T04:21:29+00:00,2025-09-15,2025-09-15,15036
c013c3,ACA312,CYVR,YVR,Vancouver,CYUL,YUL,Montreal,1757894530,1757911181,2025-09-15T00:02:10+00:00,2025-09-15T04:39:41+00:00,2025-09-15,2025-09-15,16651
c0850c,JZA7123,CYYC,YYC,Calgary,CYVR,YVR,Vancouver,1757971489,1757976063,2025-09-15T21:24:49+00:00,2025-09-15T22:41:03+00:00,2025-09-15,2025-09-15,4574
c080aa,WJA119,CYYC,YYC,Calgary,CYVR,YVR,Vancouver,1757970603,1757974371,2025-09-15T21:10:03+00:00,2025-09-15T22:12:51+00:00,2025-09-15,2025-09-15,3768
c00d51,FLE807,CYYC,YYC,Calgary,CYVR,YVR,Vancouver,1757968785,1757972592,2025-09-15T20:39:45+00:00,2025-09-15T21:43:12+00:00,2025-09-15,2025-09-15,3807
c07fb0,WJA117,CYYC,YYC,Calgary,CYVR,YVR,Vancouver,1757967482,1757971061,2025-09-15T20:18:02+00:00,2025-09-15T21:17:41+00:00,2025-09-15,2025-09-15,3579
c00899,ACA217,CYYC,YYC,Calgary,CYVR,YVR,Vancouver,1757965502,1757969219,2025-09-15T19:45:02+00:00,2025-09-15T20:46:59+00:00,2025-09-15,2025-09-15,3717
c08887,WJA664,CYYC,YYC,Calgary,CYYZ,YYZ,Toronto,1757963922,1757976782,2025-09-15T19:18:42+00:00,2025-09-15T22:53:02+00:00,2025-09-15,2025-09-15,12860
c04c36,WJA115,CYYC,YYC,Calgary,CYVR,YVR,Vancouver,1757963503,1757967208,2025-09-15T19:11:43+00:00,2025-09-15T20:13:28+00:00,2025-09-15,2025-09-15,3705
c0192e,ACA146,CYYC,YYC,Calgary,CYYZ,YYZ,Toronto,1757962892,1757976127,2025-09-15T19:01:32+00:00,2025-09-15T22:42:07+00:00,2025-09-15,2025-09-15,13235
c060c3,POE356,CYYC,YYC,Calgary,CYYZ,YYZ,Toronto,1757962081,1757975743,2025-09-15T18:48:01+00:00,2025-09-15T22:35:43+00:00,2025-09-15,2025-09-15,13662
c00757,ACA211,CYYC,YYC,Calgary,CYVR,YVR,Vancouver,1757961522,1757965375,2025-09-15T18:38:42+00:00,2025-09-15T19:42:55+00:00,2025-09-15,2025-09-15,3853
c0614d,WJA113,CYYC,YYC,Calgary,CYVR,YVR,Vancouver,1757960580,1757964425,2025-09-15T18:23:00+00:00,2025-09-15T19:27:05+00:00,2025-09-15,2025-09-15,3845
c050c4,ACA324,CYYC,YYC,Calgary,CYUL,YUL,Montreal,1757959622,1757973551,2025-09-15T18:07:02+00:00,2025-09-15T21:59:11+00:00,2025-09-15,2025-09-15,13929
c050b7,SYB074,CYYC,YYC,Calgary,CYVR,YVR,Vancouver,1757959407,1757963300,2025-09-15T18:03:27+00:00,2025-09-15T19:08:20+00:00,2025-09-15,2025-09-15,3893
c02ae3,WJA660,CYYC,YYC,Calgary,CYYZ,YYZ,Toronto,1757958060,1757971341,2025-09-15T17:41:00+00:00,2025-09-15T21:22:21+00:00,2025-09-15,2025-09-15,13281
c080ae,WJA111,CYYC,YYC,Calgary,CYVR,YVR,Vancouver,1757957225,1757961282,2025-09-15T17:27:05+00:00,2025-09-15T18:34:42+00:00,2025-09-15,2025-09-15,4057
c05bd6,ACA142,CYYC,YYC,Calgary,CYYZ,YYZ,Toronto,1757957044,1757969664,2025-09-15T17:24:04+00:00,2025-09-15T20:54:24+00:00,2025-09-15,2025-09-15,12620
c00e55,FLE801,CYYC,YYC,Calgary,CYVR,YVR,Vancouver,1757956713,1757960505,2025-09-15T17:18:33+00:00,2025-09-15T18:21:45+00:00,2025-09-15,2025-09-15,3792
c07f01,WJA212,CYYC,YYC,Calgary,CYUL,YUL,Montreal,1757955021,1757969201,2025-09-15T16:50:21+00:00,2025-09-15T20:46:41+00:00,2025-09-15,2025-09-15,14180
c05ee1,ACA209,CYYC,YYC,Calgary,CYVR,YVR,Vancouver,1757953772,1757957718,2025-09-15T16:29:32+00:00,2025-09-15T17:35:18+00:00,2025-09-15,2025-09-15,3946
c03bf1,WJA658,CYYC,YYC,Calgary,CYYZ,YYZ,Toronto,1757953322,1757966394,2025-09-15T16:22:02+00:00,2025-09-15T19:59:54+00:00,2025-09-15,2025-09-15,13072
c00741,WJA109,CYYC,YYC,Calgary,CYVR,YVR,Vancouver,1757952375,1757956343,2025-09-15T16:06:15+00:00,2025-09-15T17:12:23+00:00,2025-09-15,2025-09-15,3968
c02fe9,CFSDS00,CYYC,YYC,Calgary,CYYZ,YYZ,Toronto,1757951912,1757963847,2025-09-15T15:58:32+00:00,2025-09-15T19:17:27+00:00,2025-09-15,2025-09-15,11935
c00bf7,WEN3173,CYYC,YYC,Calgary,CYVR,YVR,Vancouver,1757951767,1757964359,2025-09-15T15:56:07+00:00,2025-09-15T19:25:59+00:00,2025-09-15,2025-09-15,12592
c03517,WJA107,CYYC,YYC,Calgary,CYVR,YVR,Vancouver,1757949603,1757953594,2025-09-15T15:20:03+00:00,2025-09-15T16:26:34+00:00,2025-09-15,2025-09-15,3991
c02966,WJA656,CYYC,YYC,Calgary,CYYZ,YYZ,Toronto,1757949542,1757963061,2025-09-15T15:19:02+00:00,2025-09-15T19:04:21+00:00,2025-09-15,2025-09-15,13519
c04ff7,ACA205,CYYC,YYC,Calgary,CYVR,YVR,Vancouver,1757947096,1757950913,2025-09-15T14:38:16+00:00,2025-09-15T15:41:53+00:00,2025-09-15,2025-09-15,3817
c060be,POE384,CYYC,YYC,Calgary,CYUL,YUL,Montreal,1757945792,1757959859,2025-09-15T14:16:32+00:00,2025-09-15T18:10:59+00:00,2025-09-15,2025-09-15,14067
c05bcb,ACA136,CYYC,YYC,Calgary,CYYZ,YYZ,Toronto,1757945536,1757958322,2025-09-15T14:12:16+00:00,2025-09-15T17:45:22+00:00,2025-09-15,2025-09-15,12786
c021f6,WJA654,CYYC,YYC,Calgary,CYYZ,YYZ,Toronto,1757945477,1757958844,2025-09-15T14:11:17+00:00,2025-09-15T17:54:04+00:00,2025-09-15,2025-09-15,13367
c060c5,POE352,CYYC,YYC,Calgary,CYYZ,YYZ,Toronto,1757943094,1757956288,2025-09-15T13:31:34+00:00,2025-09-15T17:11:28+00:00,2025-09-15,2025-09-15,13194
c04cf4,WJA103,CYYC,YYC,Calgary,CYVR,YVR,Vancouver,1757942262,1757946144,2025-09-15T13:17:42+00:00,2025-09-15T14:22:24+00:00,2025-09-15,2025-09-15,3882
c05007,ACA203,CYYC,YYC,Calgary,CYVR,YVR,Vancouver,1757942160,1757945927,2025-09-15T13:16:00+00:00,2025-09-15T14:18:47+00:00,2025-09-15,2025-09-15,3767
c01e28,ACA134,CYYC,YYC,Calgary,CYYZ,YYZ,Toronto,1757941781,1757954428,2025-09-15T13:09:41+00:00,2025-09-15T16:40:28+00:00,2025-09-15,2025-09-15,12647
c018d3,CFJKK713,CYYC,YYC,Calgary,CYVR,YVR,Vancouver,1757941341,1757951373,2025-09-15T13:02:21+00:00,2025-09-15T15:49:33+00:00,2025-09-15,2025-09-15,10032
c07ee0,WJA650,CYYC,YYC,Calgary,CYYZ,YYZ,Toronto,1757939294,1757952892,2025-09-15T12:28:14+00:00,2025-09-15T16:14:52+00:00,2025-09-15,2025-09-15,13598
c0653d,ACA201,CYYC,YYC,Calgary,CYVR,YVR,Vancouver,1757939208,1757943175,2025-09-15T12:26:48+00:00,2025-09-15T13:32:55+00:00,2025-09-15,2025-09-15,3967
c03068,ACA318,CYYC,YYC,Calgary,CYUL,YUL,Montreal,1757937972,1757951922,2025-09-15T12:06:12+00:00,2025-09-15T15:58:42+00:00,2025-09-15,2025-09-15,13950
c01fb9,MAL7055,CYYC,YYC,Calgary,CYVR,YVR,Vancouver,1757933463,1757937165,2025-09-15T10:51:03+00:00,2025-09-15T11:52:45+00:00,2025-09-15,2025-09-15,3702
c03cf4,ACA654,CYYC,YYC,Calgary,CYVR,YVR,Vancouver,1757929072,1757932823,2025-09-15T09:37:52+00:00,2025-09-15T10:40:23+00:00,2025-09-15,2025-09-15,3751
c008a9,ACA316,CYYC,YYC,Calgary,CYUL,YUL,Montreal,1757920720,1757934223,2025-09-15T07:18:40+00:00,2025-09-15T11:03:43+00:00,2025-09-15,2025-09-15,13503
c004e9,WJA646,CYYC,YYC,Calgary,CYYZ,YYZ,Toronto,1757920245,1757934023,2025-09-15T07:10:45+00:00,2025-09-15T11:00:23+00:00,2025-09-15,2025-09-15,13778
c0534e,FLE628,CYYC,YYC,Calgary,CYYZ,YYZ,Toronto,1757919434,1757932859,2025-09-15T06:57:14+00:00,2025-09-15T10:40:59+00:00,2025-09-15,2025-09-15,13425
c0506b,ACA156,CYYC,YYC,Calgary,CYYZ,YYZ,Toronto,1757918012,1757930743,2025-09-15T06:33:32+00:00,2025-09-15T10:05:43+00:00,2025-09-15,2025-09-15,12731
c03a5a,WJA652,CYYC,YYC,Calgary,CYYZ,YYZ,Toronto,1757917871,1757931508,2025-09-15T06:31:11+00:00,2025-09-15T10:18:28+00:00,2025-09-15,2025-09-15,13637
c08335,WJA131,CYYC,YYC,Calgary,CYVR,YVR,Vancouver,1757916496,1757920304,2025-09-15T06:08:16+00:00,2025-09-15T07:11:44+00:00,2025-09-15,2025-09-15,3808
c06724,ACA154,CYYC,YYC,Calgary,CYYZ,YYZ,Toronto,1757916034,1757928717,2025-09-15T06:00:34+00:00,2025-09-15T09:31:57+00:00,2025-09-15,2025-09-15,12683
c02ae3,WJA135,CYYC,YYC,Calgary,CYVR,YVR,Vancouver,1757915074,1757919026,2025-09-15T05:44:34+00:00,2025-09-15T06:50:26+00:00,2025-09-15,2025-09-15,3952
c00cd6,WJA237,CYYC,YYC,Calgary,CYEG,YEG,Edmonton,1757915001,1757916700,2025-09-15T05:43:21+00:00,2025-09-15T06:11:40+00:00,2025-09-15,2025-09-15,1699
c04d70,CGDIL,CYYC,YYC,Calgary,CYVR,YVR,Vancouver,1757911784,1757915374,2025-09-15T04:49:44+00:00,2025-09-15T05:49:34+00:00,2025-09-15,2025-09-15,3590
c05f0e,JZA144,CYYC,YYC,Calgary,CYEG,YEG,Edmonton,1757910390,1757912273,2025-09-15T04:26:30+00:00,2025-09-15T04:57:53+00:00,2025-09-15,2025-09-15,1883
c07eef,WJA133,CYYC,YYC,Calgary,CYVR,YVR,Vancouver,1757909687,1757913551,2025-09-15T04:14:47+00:00,2025-09-15T05:19:11+00:00,2025-09-15,2025-09-15,3864
c0473b,CJT2389,CYYC,YYC,Calgary,CYVR,YVR,Vancouver,1757909140,1757912784,2025-09-15T04:05:40+00:00,2025-09-15T05:06:24+00:00,2025-09-15,2025-09-15,3644
c080a3,WJA289,CYYC,YYC,Calgary,CYEG,YEG,Edmonton,1757908126,1757909754,2025-09-15T03:48:46+00:00,2025-09-15T04:15:54+00:00,2025-09-15,2025-09-15,1628
c00d51,FLE805,CYYC,YYC,Calgary,CYVR,YVR,Vancouver,1757907990,1757912146,2025-09-15T03:46:30+00:00,2025-09-15T04:55:46+00:00,2025-09-15,2025-09-15,4156
c07ee4,WJA129,CYYC,YYC,Calgary,CYVR,YVR,Vancouver,1757905483,1757909151,2025-09-15T03:04:43+00:00,2025-09-15T04:05:51+00:00,2025-09-15,2025-09-15,3668
c00700,ACA227,CYYC,YYC,Calgary,CYVR,YVR,Vancouver,1757904842,1757908765,2025-09-15T02:54:02+00:00,2025-09-15T03:59:25+00:00,2025-09-15,2025-09-15,3923
c05ebb,WJA241,CYYC,YYC,Calgary,CYEG,YEG,Edmonton,1757903869,1757905487,2025-09-15T02:37:49+00:00,2025-09-15T03:04:47+00:00,2025-09-15,2025-09-15,1618
c024d9,ANT771,CYYC,YYC,Calgary,CYEG,YEG,Edmonton,1757903520,1757905288,2025-09-15T02:32:00+00:00,2025-09-15T03:01:28+00:00,2025-09-15,2025-09-15,1768
c07fb9,WJA127,CYYC,YYC,Calgary,CYVR,YVR,Vancouver,1757899449,1757903099,2025-09-15T01:24:09+00:00,2025-09-15T02:24:59+00:00,2025-09-15,2025-09-15,3650
c01e1a,FLE809,CYYC,YYC,Calgary,CYVR,YVR,Vancouver,1757899045,1757902949,2025-09-15T01:17:25+00:00,2025-09-15T02:22:29+00:00,2025-09-15,2025-09-15,3904
c0440e,ACA158,CYYC,YYC,Calgary,CYYZ,YYZ,Toronto,1757898634,1757911642,2025-09-15T01:10:34+00:00,2025-09-15T04:47:22+00:00,2025-09-15,2025-09-15,13008
c04cf4,WJA255,CYYC,YYC,Calgary,CYEG,YEG,Edmonton,1757898415,1757900039,2025-09-15T01:06:55+00:00,2025-09-15T01:33:59+00:00,2025-09-15,2025-09-15,1624
c066b6,WJA676,CYYC,YYC,Calgary,CYYZ,YYZ,Toronto,1757898205,1757910506,2025-09-15T01:03:25+00:00,2025-09-15T04:28:26+00:00,2025-09-15,2025-09-15,12301
c006ec,ACA223,CYYC,YYC,Calgary,CYVR,YVR,Vancouver,1757897797,1757901659,2025-09-15T00:56:37+00:00,2025-09-15T02:00:59+00:00,2025-09-15,2025-09-15,3862
c035cc,WJA125,CYYC,YYC,Calgary,CYVR,YVR,Vancouver,1757897598,1757901264,2025-09-15T00:53:18+00:00,2025-09-15T01:54:24+00:00,2025-09-15,2025-09-15,3666
c03bfb,WJA214,CYYC,YYC,Calgary,CYUL,YUL,Montreal,1757896959,1757910816,2025-09-15T00:42:39+00:00,2025-09-15T04:33:36+00:00,2025-09-15,2025-09-15,13857
c01ec6,FLE626,CYYC,YYC,Calgary,CYYZ,YYZ,Toronto,1757895989,1757909080,2025-09-15T00:26:29+00:00,2025-09-15T04:04:40+00:00,2025-09-15,2025-09-15,13091
c0192e,ACA152,CYYC,YYC,Calgary,CYYZ,YYZ,Toronto,1757895518,1757908139,2025-09-15T00:18:38+00:00,2025-09-15T03:48:59+00:00,2025-09-15,2025-09-15,12621
c08335,WJA121,CYYC,YYC,Calgary,CYVR,YVR,Vancouver,1757895011,1757898887,2025-09-15T00:10:11+00:00,2025-09-15T01:14:47+00:00,2025-09-15,2025-09-15,3876
c07686,CNK11,CYEG,YEG,Edmonton,CYYC,YYC,Calgary,1757974697,1757977192,2025-09-15T22:18:17+00:00,2025-09-15T22:59:52+00:00,2025-09-15,2025-09-15,2495
c033af,CFTOW,CYEG,YEG,Edmonton,CYYC,YYC,Calgary,1757971955,1757974719,2025-09-15T21:32:35+00:00,2025-09-15T22:18:39+00:00,2025-09-15,2025-09-15,2764
c063c2,CWA922,CYEG,YEG,Edmonton,CYYC,YYC,Calgary,1757971201,1757973825,2025-09-15T21:20:01+00:00,2025-09-15T22:03:45+00:00,2025-09-15,2025-09-15,2624
c006ec,ACA243,CYEG,YEG,Edmonton,CYVR,YVR,Vancouver,1757970428,1757974622,2025-09-15T21:07:08+00:00,2025-09-15T22:17:02+00:00,2025-09-15,2025-09-15,4194
c012bd,WJA152,CYEG,YEG,Edmonton,CYYC,YYC,Calgary,1757969881,1757972376,2025-09-15T20:58:01+00:00,2025-09-15T21:39:36+00:00,2025-09-15,2025-09-15,2495
c055f5,JZA7126,CYEG,YEG,Edmonton,CYYC,YYC,Calgary,1757969729,1757972216,2025-09-15T20:55:29+00:00,2025-09-15T21:36:56+00:00,2025-09-15,2025-09-15,2487
c05f0e,JZA137,CYEG,YEG,Edmonton,CYYC,YYC,Calgary,1757968573,1757970866,2025-09-15T20:36:13+00:00,2025-09-15T21:14:26+00:00,2025-09-15,2025-09-15,2293
c08081,WJA169,CYEG,YEG,Edmonton,CYVR,YVR,Vancouver,1757966987,1757971180,2025-09-15T20:09:47+00:00,2025-09-15T21:19:40+00:00,2025-09-15,2025-09-15,4193
c013d7,AKT1500,CYEG,YEG,Edmonton,CYYC,YYC,Calgary,1757964810,1757966903,2025-09-15T19:33:30+00:00,2025-09-15T20:08:23+00:00,2025-09-15,2025-09-15,2093
c007d8,ACA241,CYEG,YEG,Edmonton,CYVR,YVR,Vancouver,1757963110,1757967350,2025-09-15T19:05:10+00:00,2025-09-15T20:15:50+00:00,2025-09-15,2025-09-15,4240
c08857,POE406,CYEG,YEG,Edmonton,CYYZ,YYZ,Toronto,1757962421,1757975504,2025-09-15T18:53:41+00:00,2025-09-15T22:31:44+00:00,2025-09-15,2025-09-15,13083
c02294,NCB2651,CYEG,YEG,Edmonton,CYYC,YYC,Calgary,1757961453,1757964031,2025-09-15T18:37:33+00:00,2025-09-15T19:20:31+00:00,2025-09-15,2025-09-15,2578
c01f52,WJA167,CYEG,YEG,Edmonton,CYVR,YVR,Vancouver,1757960900,1757965447,2025-09-15T18:28:20+00:00,2025-09-15T19:44:07+00:00,2025-09-15,2025-09-15,4547
c03c05,WJA428,CYEG,YEG,Edmonton,CYYZ,YYZ,Toronto,1757960505,1757973710,2025-09-15T18:21:45+00:00,2025-09-15T22:01:50+00:00,2025-09-15,2025-09-15,13205
c02fd5,ACA336,CYEG,YEG,Edmonton,CYUL,YUL,Montreal,1757959973,1757973451,2025-09-15T18:12:53+00:00,2025-09-15T21:57:31+00:00,2025-09-15,2025-09-15,13478
c00700,ACA239,CYEG,YEG,Edmonton,CYVR,YVR,Vancouver,1757959872,1757964209,2025-09-15T18:11:12+00:00,2025-09-15T19:23:29+00:00,2025-09-15,2025-09-15,4337
c01a05,WEN3348,CYEG,YEG,Edmonton,CYYC,YYC,Calgary,1757959476,1757961651,2025-09-15T18:04:36+00:00,2025-09-15T18:40:51+00:00,2025-09-15,2025-09-15,2175
c007d0,ACA237,CYEG,YEG,Edmonton,CYVR,YVR,Vancouver,1757957802,1757962192,2025-09-15T17:36:42+00:00,2025-09-15T18:49:52+00:00,2025-09-15,2025-09-15,4390
c05eb1,ACA164,CYEG,YEG,Edmonton,CYYZ,YYZ,Toronto,1757957355,1757970358,2025-09-15T17:29:15+00:00,2025-09-15T21:05:58+00:00,2025-09-15,2025-09-15,13003
c05f0e,JZA133,CYEG,YEG,Edmonton,CYYC,YYC,Calgary,1757955573,1757957925,2025-09-15T16:59:33+00:00,2025-09-15T17:38:45+00:00,2025-09-15,2025-09-15,2352
c07fb1,WJA426,CYEG,YEG,Edmonton,CYYZ,YYZ,Toronto,1757955230,1757968476,2025-09-15T16:53:50+00:00,2025-09-15T20:34:36+00:00,2025-09-15,2025-09-15,13246
c01e1a,FLE823,CYEG,YEG,Edmonton,CYVR,YVR,Vancouver,1757953743,1757958193,2025-09-15T16:29:03+00:00,2025-09-15T17:43:13+00:00,2025-09-15,2025-09-15,4450
c01ebb,FLE638,CYEG,YEG,Edmonton,CYYZ,YYZ,Toronto,1757953204,1757966722,2025-09-15T16:20:04+00:00,2025-09-15T20:05:22+00:00,2025-09-15,2025-09-15,13518
c07ee6,WJA165,CYEG,YEG,Edmonton,CYVR,YVR,Vancouver,1757952521,1757956908,2025-09-15T16:08:41+00:00,2025-09-15T17:21:48+00:00,2025-09-15,2025-09-15,4387
c01ca9,WEN3376,CYEG,YEG,Edmonton,CYYC,YYC,Calgary,1757951063,1757953676,2025-09-15T15:44:23+00:00,2025-09-15T16:27:56+00:00,2025-09-15,2025-09-15,2613
c05edf,ACA162,CYEG,YEG,Edmonton,CYYZ,YYZ,Toronto,1757950228,1757963246,2025-09-15T15:30:28+00:00,2025-09-15T19:07:26+00:00,2025-09-15,2025-09-15,13018
a5949e,N459M,CYEG,YEG,Edmonton,CYYC,YYC,Calgary,1757949316,1757951339,2025-09-15T15:15:16+00:00,2025-09-15T15:48:59+00:00,2025-09-15,2025-09-15,2023
c0202b,CFMES,CYEG,YEG,Edmonton,CYYC,YYC,Calgary,1757947041,1757949016,2025-09-15T14:37:21+00:00,2025-09-15T15:10:16+00:00,2025-09-15,2025-09-15,1975
c080a3,WJA163,CYEG,YEG,Edmonton,CYVR,YVR,Vancouver,1757946128,1757950795,2025-09-15T14:22:08+00:00,2025-09-15T15:39:55+00:00,2025-09-15,2025-09-15,4667
c08866,POE378,CYEG,YEG,Edmonton,CYUL,YUL,Montreal,1757945790,1757959397,2025-09-15T14:16:30+00:00,2025-09-15T18:03:17+00:00,2025-09-15,2025-09-15,13607
c007d8,ACA233,CYEG,YEG,Edmonton,CYVR,YVR,Vancouver,1757945690,1757949837,2025-09-15T14:14:50+00:00,2025-09-15T15:23:57+00:00,2025-09-15,2025-09-15,4147
c06738,WJA266,CYEG,YEG,Edmonton,CYYC,YYC,Calgary,1757945523,1757947404,2025-09-15T14:12:03+00:00,2025-09-15T14:43:24+00:00,2025-09-15,2025-09-15,1881
c00cd6,WJA422,CYEG,YEG,Edmonton,CYYZ,YYZ,Toronto,1757942100,1757954844,2025-09-15T13:15:00+00:00,2025-09-15T16:47:24+00:00,2025-09-15,2025-09-15,12744
c060c7,POE402,CYEG,YEG,Edmonton,CYYZ,YYZ,Toronto,1757941955,1757955293,2025-09-15T13:12:35+00:00,2025-09-15T16:54:53+00:00,2025-09-15,2025-09-15,13338
c080a5,WJA288,CYEG,YEG,Edmonton,CYYC,YYC,Calgary,1757941763,1757943625,2025-09-15T13:09:23+00:00,2025-09-15T13:40:25+00:00,2025-09-15,2025-09-15,1862
c010f6,ACA160,CYEG,YEG,Edmonton,CYYZ,YYZ,Toronto,1757939300,1757951933,2025-09-15T12:28:20+00:00,2025-09-15T15:58:53+00:00,2025-09-15,2025-09-15,12633
c01f52,WJA161,CYEG,YEG,Edmonton,CYVR,YVR,Vancouver,1757939200,1757943830,2025-09-15T12:26:40+00:00,2025-09-15T13:43:50+00:00,2025-09-15,2025-09-15,4630
c05da4,WJA238,CYEG,YEG,Edmonton,CYYC,YYC,Calgary,1757938290,1757940138,2025-09-15T12:11:30+00:00,2025-09-15T12:42:18+00:00,2025-09-15,2025-09-15,1848
c06e87,ACA231,CYEG,YEG,Edmonton,CYVR,YVR,Vancouver,1757937970,1757942393,2025-09-15T12:06:10+00:00,2025-09-15T13:19:53+00:00,2025-09-15,2025-09-15,4423
c0584f,ACA8XC,CYYZ,YYZ,Toronto,CYUL,YUL,Montreal,1757970167,1757974186,2025-09-15T21:02:47+00:00,2025-09-15T22:09:46+00:00,2025-09-15,2025-09-15,4019
c060bb,POE125,CYYZ,YYZ,Toronto,CYUL,YUL,Montreal,1757968928,1757972421,2025-09-15T20:42:08+00:00,2025-09-15T21:40:21+00:00,2025-09-15,2025-09-15,3493
c058dd,ACA488,CYYZ,YYZ,Toronto,CYUL,YUL,Montreal,1757968272,1757971772,2025-09-15T20:31:12+00:00,2025-09-15T21:29:32+00:00,2025-09-15,2025-09-15,3500
c0440e,ACA418,CYYZ,YYZ,Toronto,CYUL,YUL,Montreal,1757967605,1757971149,2025-09-15T20:20:05+00:00,2025-09-15T21:19:09+00:00,2025-09-15,2025-09-15,3544
c06aac,TSC411,CYYZ,YYZ,Toronto,CYUL,YUL,Montreal,1757967000,1757970930,2025-09-15T20:10:00+00:00,2025-09-15T21:15:30+00:00,2025-09-15,2025-09-15,3930
c078bf,WJA663,CYYZ,YYZ,Toronto,CYYC,YYC,Calgary,1757964186,1757977191,2025-09-15T19:23:06+00:00,2025-09-15T22:59:51+00:00,2025-09-15,2025-09-15,13005
c066f0,ACA416,CYYZ,YYZ,Toronto,CYUL,YUL,Montreal,1757963762,1757967524,2025-09-15T19:16:02+00:00,2025-09-15T20:18:44+00:00,2025-09-15,2025-09-15,3762
c05bcb,ACA145,CYYZ,YYZ,Toronto,CYYC,YYC,Calgary,1757963011,1757976023,2025-09-15T19:03:31+00:00,2025-09-15T22:40:23+00:00,2025-09-15,2025-09-15,13012
c0534e,FLE627,CYYZ,YYZ,Toronto,CYYC,YYC,Calgary,1757962655,1757975655,2025-09-15T18:57:35+00:00,2025-09-15T22:34:15+00:00,2025-09-15,2025-09-15,13000
c060c5,POE357,CYYZ,YYZ,Toronto,CYYC,YYC,Calgary,1757960371,1757973734,2025-09-15T18:19:31+00:00,2025-09-15T22:02:14+00:00,2025-09-15,2025-09-15,13363
c07b0a,ACA414,CYYZ,YYZ,Toronto,CYUL,YUL,Montreal,1757959891,1757963693,2025-09-15T18:11:31+00:00,2025-09-15T19:14:53+00:00,2025-09-15,2025-09-15,3802
c00cd6,WJA715,CYYZ,YYZ,Toronto,CYVR,YVR,Vancouver,1757959811,1757975538,2025-09-15T18:10:11+00:00,2025-09-15T22:32:18+00:00,2025-09-15,2025-09-15,15727
c01e28,ACA115,CYYZ,YYZ,Toronto,CYVR,YVR,Vancouver,1757959777,1757976359,2025-09-15T18:09:37+00:00,2025-09-15T22:45:59+00:00,2025-09-15,2025-09-15,16582
c023b7,ACA7092,CYYZ,YYZ,Toronto,CYUL,YUL,Montreal,1757958532,1757961858,2025-09-15T17:48:52+00:00,2025-09-15T18:44:18+00:00,2025-09-15,2025-09-15,3326
c04eb6,ACA7201,CYYZ,YYZ,Toronto,CYVR,YVR,Vancouver,1757958244,1757974234,2025-09-15T17:44:04+00:00,2025-09-15T22:10:34+00:00,2025-09-15,2025-09-15,15990
c07bc7,WJA661,CYYZ,YYZ,Toronto,CYYC,YYC,Calgary,1757957377,1757970254,2025-09-15T17:29:37+00:00,2025-09-15T21:04:14+00:00,2025-09-15,2025-09-15,12877
c0616e,POE307,CYYZ,YYZ,Toronto,CYVR,YVR,Vancouver,1757956982,1757973521,2025-09-15T17:23:02+00:00,2025-09-15T21:58:41+00:00,2025-09-15,2025-09-15,16539
c010f6,ACA113,CYYZ,YYZ,Toronto,CYVR,YVR,Vancouver,1757956773,1757972480,2025-09-15T17:19:33+00:00,2025-09-15T21:41:20+00:00,2025-09-15,2025-09-15,15707
c049e9,WJA711,CYYZ,YYZ,Toronto,CYVR,YVR,Vancouver,1757954145,1757969609,2025-09-15T16:35:45+00:00,2025-09-15T20:53:29+00:00,2025-09-15,2025-09-15,15464
c0332c,ACA141,CYYZ,YYZ,Toronto,CYYC,YYC,Calgary,1757952936,1757966664,2025-09-15T16:15:36+00:00,2025-09-15T20:04:24+00:00,2025-09-15,2025-09-15,13728
c084a3,ACA410,CYYZ,YYZ,Toronto,CYUL,YUL,Montreal,1757952926,1757956905,2025-09-15T16:15:26+00:00,2025-09-15T17:21:45+00:00,2025-09-15,2025-09-15,3979
c04fff,ACA111,CYYZ,YYZ,Toronto,CYVR,YVR,Vancouver,1757952275,1757968292,2025-09-15T16:04:35+00:00,2025-09-15T20:31:32+00:00,2025-09-15,2025-09-15,16017
c05ea6,ACA117,CYYZ,YYZ,Toronto,CYVR,YVR,Vancouver,1757950242,1757966093,2025-09-15T15:30:42+00:00,2025-09-15T19:54:53+00:00,2025-09-15,2025-09-15,15851
740823,RJA272,CYYZ,YYZ,Toronto,CYUL,YUL,Montreal,1757950209,1757954039,2025-09-15T15:30:09+00:00,2025-09-15T16:33:59+00:00,2025-09-15,2025-09-15,3830
c02655,WJA657,CYYZ,YYZ,Toronto,CYYC,YYC,Calgary,1757949280,1757961977,2025-09-15T15:14:40+00:00,2025-09-15T18:46:17+00:00,2025-09-15,2025-09-15,12697
c0440e,ACA408,CYYZ,YYZ,Toronto,CYUL,YUL,Montreal,1757948647,1757952178,2025-09-15T15:04:07+00:00,2025-09-15T16:02:58+00:00,2025-09-15,2025-09-15,3531
c07966,ACA137,CYYZ,YYZ,Toronto,CYYC,YYC,Calgary,1757947084,1757960276,2025-09-15T14:38:04+00:00,2025-09-15T18:17:56+00:00,2025-09-15,2025-09-15,13192
c08862,POE305,CYYZ,YYZ,Toronto,CYVR,YVR,Vancouver,1757947020,1757963068,2025-09-15T14:37:00+00:00,2025-09-15T19:04:28+00:00,2025-09-15,2025-09-15,16048
c01f1e,FLE625,CYYZ,YYZ,Toronto,CYYC,YYC,Calgary,1757946305,1757959169,2025-09-15T14:25:05+00:00,2025-09-15T17:59:29+00:00,2025-09-15,2025-09-15,12864
c05bd2,ACA109,CYYZ,YYZ,Toronto,CYVR,YVR,Vancouver,1757945643,1757961743,2025-09-15T14:14:03+00:00,2025-09-15T18:42:23+00:00,2025-09-15,2025-09-15,16100
c085e0,WJA655,CYYZ,YYZ,Toronto,CYYC,YYC,Calgary,1757945280,1757958294,2025-09-15T14:08:00+00:00,2025-09-15T17:44:54+00:00,2025-09-15,2025-09-15,13014
c01f28,FLE609,CYYZ,YYZ,Toronto,CYVR,YVR,Vancouver,1757945166,1757961193,2025-09-15T14:06:06+00:00,2025-09-15T18:33:13+00:00,2025-09-15,2025-09-15,16027
c04453,WJA707,CYYZ,YYZ,Toronto,CYVR,YVR,Vancouver,1757945003,1757960812,2025-09-15T14:03:23+00:00,2025-09-15T18:26:52+00:00,2025-09-15,2025-09-15,15809
c0192e,ACA135,CYYZ,YYZ,Toronto,CYYC,YYC,Calgary,1757944413,1757957758,2025-09-15T13:53:33+00:00,2025-09-15T17:35:58+00:00,2025-09-15,2025-09-15,13345
c02fd8,ACA404,CYYZ,YYZ,Toronto,CYUL,YUL,Montreal,1757943726,1757947618,2025-09-15T13:42:06+00:00,2025-09-15T14:46:58+00:00,2025-09-15,2025-09-15,3892
c023ae,ACA107,CYYZ,YYZ,Toronto,CYVR,YVR,Vancouver,1757942926,1757959152,2025-09-15T13:28:46+00:00,2025-09-15T17:59:12+00:00,2025-09-15,2025-09-15,16226
c060c3,POE353,CYYZ,YYZ,Toronto,CYYC,YYC,Calgary,1757942853,1757956328,2025-09-15T13:27:33+00:00,2025-09-15T17:12:08+00:00,2025-09-15,2025-09-15,13475
c004e9,WJA649,CYYZ,YYZ,Toronto,CYYC,YYC,Calgary,1757941932,1757955205,2025-09-15T13:12:12+00:00,2025-09-15T16:53:25+00:00,2025-09-15,2025-09-15,13273
c03a5a,WJA651,CYYZ,YYZ,Toronto,CYYC,YYC,Calgary,1757941778,1757955085,2025-09-15T13:09:38+00:00,2025-09-15T16:51:25+00:00,2025-09-15,2025-09-15,13307
c080aa,WJA703,CYYZ,YYZ,Toronto,CYVR,YVR,Vancouver,1757940660,1757956246,2025-09-15T12:51:00+00:00,2025-09-15T17:10:46+00:00,2025-09-15,2025-09-15,15586
c01f60,CFLWX,CYYZ,YYZ,Toronto,CYUL,YUL,Montreal,1757940261,1757944724,2025-09-15T12:44:21+00:00,2025-09-15T13:58:44+00:00,2025-09-15,2025-09-15,4463
c05bcf,ACA105,CYYZ,YYZ,Toronto,CYVR,YVR,Vancouver,1757940151,1757956539,2025-09-15T12:42:31+00:00,2025-09-15T17:15:39+00:00,2025-09-15,2025-09-15,16388
c02cf1,ACA189,CYYZ,YYZ,Toronto,CYVR,YVR,Vancouver,1757939968,1757955359,2025-09-15T12:39:28+00:00,2025-09-15T16:55:59+00:00,2025-09-15,2025-09-15,15391
c05bd6,ACA133,CYYZ,YYZ,Toronto,CYYC,YYC,Calgary,1757939852,1757952509,2025-09-15T12:37:32+00:00,2025-09-15T16:08:29+00:00,2025-09-15,2025-09-15,12657
c0885e,POE303,CYYZ,YYZ,Toronto,CYVR,YVR,Vancouver,1757939624,1757955588,2025-09-15T12:33:44+00:00,2025-09-15T16:59:48+00:00,2025-09-15,2025-09-15,15964
c05044,ACA402,CYYZ,YYZ,Toronto,CYUL,YUL,Montreal,1757939538,1757943389,2025-09-15T12:32:18+00:00,2025-09-15T13:36:29+00:00,2025-09-15,2025-09-15,3851
c00d51,FLE601,CYYZ,YYZ,Toronto,CYVR,YVR,Vancouver,1757939381,1757954990,2025-09-15T12:29:41+00:00,2025-09-15T16:49:50+00:00,2025-09-15,2025-09-15,15609
c060c0,POE111,CYYZ,YYZ,Toronto,CYUL,YUL,Montreal,1757936712,1757940057,2025-09-15T11:45:12+00:00,2025-09-15T12:40:57+00:00,2025-09-15,2025-09-15,3345
c04fff,ACA400,CYYZ,YYZ,Toronto,CYUL,YUL,Montreal,1757934306,1757937881,2025-09-15T11:05:06+00:00,2025-09-15T12:04:41+00:00,2025-09-15,2025-09-15,3575
c010ea,ACA101,CYYZ,YYZ,Toronto,CYVR,YVR,Vancouver,1757934213,1757949734,2025-09-15T11:03:33+00:00,2025-09-15T15:22:14+00:00,2025-09-15,2025-09-15,15521
c00d53,HRT168,CYYZ,YYZ,Toronto,CYUL,YUL,Montreal,1757933721,1757937174,2025-09-15T10:55:21+00:00,2025-09-15T11:52:54+00:00,2025-09-15,2025-09-15,3453
c03488,WJA653,CYYZ,YYZ,Toronto,CYYC,YYC,Calgary,1757933683,1757946717,2025-09-15T10:54:43+00:00,2025-09-15T14:31:57+00:00,2025-09-15,2025-09-15,13034
c0226c,WJA701,CYYZ,YYZ,Toronto,CYVR,YVR,Vancouver,1757932566,1757948929,2025-09-15T10:36:06+00:00,2025-09-15T15:08:49+00:00,2025-09-15,2025-09-15,16363
c058be,ACA181,CYYZ,YYZ,Toronto,CYVR,YVR,Vancouver,1757931937,1757947825,2025-09-15T10:25:37+00:00,2025-09-15T14:50:25+00:00,2025-09-15,2025-09-15,15888
c02d5d,HRT421,CYYZ,YYZ,Toronto,CYUL,YUL,Montreal,1757931912,1757936517,2025-09-15T10:25:12+00:00,2025-09-15T11:41:57+00:00,2025-09-15,2025-09-15,4605
c05056,ACA480,CYYZ,YYZ,Toronto,CYUL,YUL,Montreal,1757931851,1757935965,2025-09-15T10:24:11+00:00,2025-09-15T11:32:45+00:00,2025-09-15,2025-09-15,4114
c02358,JZA7774,CYYZ,YYZ,Toronto,CYUL,YUL,Montreal,1757910313,1757913748,2025-09-15T04:25:13+00:00,2025-09-15T05:22:28+00:00,2025-09-15,2025-09-15,3435
c06183,POE135,CYYZ,YYZ,Toronto,CYUL,YUL,Montreal,1757908324,1757911969,2025-09-15T03:52:04+00:00,2025-09-15T04:52:49+00:00,2025-09-15,2025-09-15,3645
c04ff7,ACA159,CYYZ,YYZ,Toronto,CYYC,YYC,Calgary,1757907961,1757921366,2025-09-15T03:46:01+00:00,2025-09-15T07:29:26+00:00,2025-09-15,2025-09-15,13405
c080d9,ACA432,CYYZ,YYZ,Toronto,CYUL,YUL,Montreal,1757907909,1757911498,2025-09-15T03:45:09+00:00,2025-09-15T04:44:58+00:00,2025-09-15,2025-09-15,3589
c08536,WJA598,CYYZ,YYZ,Toronto,CYUL,YUL,Montreal,1757905829,1757909335,2025-09-15T03:10:29+00:00,2025-09-15T04:08:55+00:00,2025-09-15,2025-09-15,3506
c05c0e,WJA679,CYYZ,YYZ,Toronto,CYYC,YYC,Calgary,1757903700,1757916910,2025-09-15T02:35:00+00:00,2025-09-15T06:15:10+00:00,2025-09-15,2025-09-15,13210
c043cb,WJA731,CYYZ,YYZ,Toronto,CYVR,YVR,Vancouver,1757903554,1757919502,2025-09-15T02:32:34+00:00,2025-09-15T06:58:22+00:00,2025-09-15,2025-09-15,15948
c05da4,WJA445,CYYZ,YYZ,Toronto,CYEG,YEG,Edmonton,1757903130,1757916439,2025-09-15T02:25:30+00:00,2025-09-15T06:07:19+00:00,2025-09-15,2025-09-15,13309
c00da8,FLE631,CYYZ,YYZ,Toronto,CYEG,YEG,Edmonton,1757901303,1757915414,2025-09-15T01:55:03+00:00,2025-09-15T05:50:14+00:00,2025-09-15,2025-09-15,14111
c0617c,POE313,CYYZ,YYZ,Toronto,CYVR,YVR,Vancouver,1757901152,1757917610,2025-09-15T01:52:32+00:00,2025-09-15T06:26:50+00:00,2025-09-15,2025-09-15,16458
c0534e,FLE629,CYYZ,YYZ,Toronto,CYYC,YYC,Calgary,1757900408,1757913925,2025-09-15T01:40:08+00:00,2025-09-15T05:25:25+00:00,2025-09-15,2025-09-15,13517
c06081,ACA157,CYYZ,YYZ,Toronto,CYYC,YYC,Calgary,1757900323,1757913476,2025-09-15T01:38:43+00:00,2025-09-15T05:17:56+00:00,2025-09-15,2025-09-15,13153
c00e6c,FLE603,CYYZ,YYZ,Toronto,CYVR,YVR,Vancouver,1757900223,1757916656,2025-09-15T01:37:03+00:00,2025-09-15T06:10:56+00:00,2025-09-15,2025-09-15,16433
c05bd2,ACA129,CYYZ,YYZ,Toronto,CYVR,YVR,Vancouver,1757899218,1757915996,2025-09-15T01:20:18+00:00,2025-09-15T05:59:56+00:00,2025-09-15,2025-09-15,16778
c084b9,ACA177,CYYZ,YYZ,Toronto,CYEG,YEG,Edmonton,1757897833,1757910886,2025-09-15T00:57:13+00:00,2025-09-15T04:34:46+00:00,2025-09-15,2025-09-15,13053
c05ed0,ACA426,CYYZ,YYZ,Toronto,CYUL,YUL,Montreal,1757895113,1757899154,2025-09-15T00:11:53+00:00,2025-09-15T01:19:14+00:00,2025-09-15,2025-09-15,4041
c05bcf,ACA127,CYYZ,YYZ,Toronto,CYVR,YVR,Vancouver,1757894906,1757911304,2025-09-15T00:08:26+00:00,2025-09-15T04:41:44+00:00,2025-09-15,2025-09-15,16398
c07721,TSC671,CYYZ,YYZ,Toronto,CYUL,YUL,Montreal,1757894782,1757899046,2025-09-15T00:06:22+00:00,2025-09-15T01:17:26+00:00,2025-09-15,2025-09-15,4264
c060c3,POE129,CYYZ,YYZ,Toronto,CYUL,YUL,Montreal,1757894759,1757898717,2025-09-15T00:05:59+00:00,2025-09-15T01:11:57+00:00,2025-09-15,2025-09-15,3958
c00cd6,WJA675,CYYZ,YYZ,Toronto,CYYC,YYC,Calgary,1757894542,1757908913,2025-09-15T00:02:22+00:00,2025-09-15T04:01:53+00:00,2025-09-15,2025-09-15,14371
c066f0,ACA421,CYUL,YUL,Montreal,CYYZ,YYZ,Toronto,1757972130,1757975391,2025-09-15T21:35:30+00:00,2025-09-15T22:29:51+00:00,2025-09-15,2025-09-15,3261
c05840,ACA9XC,CYUL,YUL,Montreal,CYYZ,YYZ,Toronto,1757969043,1757972456,2025-09-15T20:44:03+00:00,2025-09-15T21:40:56+00:00,2025-09-15,2025-09-15,3413
c058bb,ACA489,CYUL,YUL,Montreal,CYYZ,YYZ,Toronto,1757967485,1757970919,2025-09-15T20:18:05+00:00,2025-09-15T21:15:19+00:00,2025-09-15,2025-09-15,3434
c05190,TSC410,CYUL,YUL,Montreal,CYYZ,YYZ,Toronto,1757967141,1757970624,2025-09-15T20:12:21+00:00,2025-09-15T21:10:24+00:00,2025-09-15,2025-09-15,3483
c06709,ACA487,CYUL,YUL,Montreal,CYYZ,YYZ,Toronto,1757965893,1757969185,2025-09-15T19:51:33+00:00,2025-09-15T20:46:25+00:00,2025-09-15,2025-09-15,3292
c060be,POE120,CYUL,YUL,Montreal,CYYZ,YYZ,Toronto,1757965171,1757968583,2025-09-15T19:39:31+00:00,2025-09-15T20:36:23+00:00,2025-09-15,2025-09-15,3412
c01f60,CFLWX,CYUL,YUL,Montreal,CYYZ,YYZ,Toronto,1757963236,1757967929,2025-09-15T19:07:16+00:00,2025-09-15T20:25:29+00:00,2025-09-15,2025-09-15,4693
c07721,TSC12,CYUL,YUL,Montreal,CYYZ,YYZ,Toronto,1757963100,1757966639,2025-09-15T19:05:00+00:00,2025-09-15T20:03:59+00:00,2025-09-15,2025-09-15,3539
c084a3,ACA415,CYUL,YUL,Montreal,CYYZ,YYZ,Toronto,1757962860,1757966844,2025-09-15T19:01:00+00:00,2025-09-15T20:07:24+00:00,2025-09-15,2025-09-15,3984
c038cc,ACA323,CYUL,YUL,Montreal,CYYC,YYC,Calgary,1757958062,1757971233,2025-09-15T17:41:02+00:00,2025-09-15T21:20:33+00:00,2025-09-15,2025-09-15,13171
c080d9,ACA305,CYUL,YUL,Montreal,CYVR,YVR,Vancouver,1757957550,1757974483,2025-09-15T17:32:30+00:00,2025-09-15T22:14:43+00:00,2025-09-15,2025-09-15,16933
c0440e,ACA413,CYUL,YUL,Montreal,CYYZ,YYZ,Toronto,1757957234,1757960330,2025-09-15T17:27:14+00:00,2025-09-15T18:18:50+00:00,2025-09-15,2025-09-15,3096
c02fd8,ACA409,CYUL,YUL,Montreal,CYYZ,YYZ,Toronto,1757952472,1757956014,2025-09-15T16:07:52+00:00,2025-09-15T17:06:54+00:00,2025-09-15,2025-09-15,3542
c05056,ACA407,CYUL,YUL,Montreal,CYYZ,YYZ,Toronto,1757948581,1757951819,2025-09-15T15:03:01+00:00,2025-09-15T15:56:59+00:00,2025-09-15,2025-09-15,3238
c0550c,JZA7124,CYUL,YUL,Montreal,CYYZ,YYZ,Toronto,1757947920,1757952049,2025-09-15T14:52:00+00:00,2025-09-15T16:00:49+00:00,2025-09-15,2025-09-15,4129
c060c0,POE112,CYUL,YUL,Montreal,CYYZ,YYZ,Toronto,1757944940,1757948547,2025-09-15T14:02:20+00:00,2025-09-15T15:02:27+00:00,2025-09-15,2025-09-15,3607
c04fff,ACA405,CYUL,YUL,Montreal,CYYZ,YYZ,Toronto,1757943255,1757946597,2025-09-15T13:34:15+00:00,2025-09-15T14:29:57+00:00,2025-09-15,2025-09-15,3342
c0220d,WJA589,CYUL,YUL,Montreal,CYVR,YVR,Vancouver,1757940862,1757957638,2025-09-15T12:54:22+00:00,2025-09-15T17:33:58+00:00,2025-09-15,2025-09-15,16776
c02d5d,HRT421,CYUL,YUL,Montreal,CYYZ,YYZ,Toronto,1757940554,1757944298,2025-09-15T12:49:14+00:00,2025-09-15T13:51:38+00:00,2025-09-15,2025-09-15,3744
c050c4,ACA321,CYUL,YUL,Montreal,CYYC,YYC,Calgary,1757940180,1757954175,2025-09-15T12:43:00+00:00,2025-09-15T16:36:15+00:00,2025-09-15,2025-09-15,13995
c02eb9,ACA303,CYUL,YUL,Montreal,CYVR,YVR,Vancouver,1757939970,1757955926,2025-09-15T12:39:30+00:00,2025-09-15T17:05:26+00:00,2025-09-15,2025-09-15,15956
740823,RJA271,CYUL,YUL,Montreal,CYYZ,YYZ,Toronto,1757939593,1757943237,2025-09-15T12:33:13+00:00,2025-09-15T13:33:57+00:00,2025-09-15,2025-09-15,3644
c0332c,ACA403,CYUL,YUL,Montreal,CYYZ,YYZ,Toronto,1757938084,1757941642,2025-09-15T12:08:04+00:00,2025-09-15T13:07:22+00:00,2025-09-15,2025-09-15,3558
c0611f,ACA301,CYUL,YUL,Montreal,CYVR,YVR,Vancouver,1757937291,1757953612,2025-09-15T11:54:51+00:00,2025-09-15T16:26:52+00:00,2025-09-15,2025-09-15,16321
c03bfb,WJA215,CYUL,YUL,Montreal,CYYC,YYC,Calgary,1757934936,1757949329,2025-09-15T11:15:36+00:00,2025-09-15T15:15:29+00:00,2025-09-15,2025-09-15,14393
c013c3,ACA401,CYUL,YUL,Montreal,CYYZ,YYZ,Toronto,1757934631,1757938459,2025-09-15T11:10:31+00:00,2025-09-15T12:14:19+00:00,2025-09-15,2025-09-15,3828
c06183,POE373,CYUL,YUL,Montreal,CYVR,YVR,Vancouver,1757934274,1757951566,2025-09-15T11:04:34+00:00,2025-09-15T15:52:46+00:00,2025-09-15,2025-09-15,17292
c063eb,WJA579,CYUL,YUL,Montreal,CYYZ,YYZ,Toronto,1757934205,1757937723,2025-09-15T11:03:25+00:00,2025-09-15T12:02:03+00:00,2025-09-15,2025-09-15,3518
c060c3,POE102,CYUL,YUL,Montreal,CYYZ,YYZ,Toronto,1757934062,1757937526,2025-09-15T11:01:02+00:00,2025-09-15T11:58:46+00:00,2025-09-15,2025-09-15,3464
c05ec7,ACA481,CYUL,YUL,Montreal,CYYZ,YYZ,Toronto,1757931736,1757935360,2025-09-15T10:22:16+00:00,2025-09-15T11:22:40+00:00,2025-09-15,2025-09-15,3624
c02358,JZA7773,CYUL,YUL,Montreal,CYYZ,YYZ,Toronto,1757927584,1757931017,2025-09-15T09:13:04+00:00,2025-09-15T10:10:17+00:00,2025-09-15,2025-09-15,3433
c050ae,ACA313,CYUL,YUL,Montreal,CYVR,YVR,Vancouver,1757901565,1757919260,2025-09-15T01:59:25+00:00,2025-09-15T06:54:20+00:00,2025-09-15,2025-09-15,17695
c010e4,ACA429,CYUL,YUL,Montreal,CYYZ,YYZ,Toronto,1757901462,1757904683,2025-09-15T01:57:42+00:00,2025-09-15T02:51:23+00:00,2025-09-15,2025-09-15,3221
c008a9,ACA327,CYUL,YUL,Montreal,CYYC,YYC,Calgary,1757898449,1757912244,2025-09-15T01:07:29+00:00,2025-09-15T04:57:24+00:00,2025-09-15,2025-09-15,13795
c0618e,POE130,CYUL,YUL,Montreal,CYYZ,YYZ,Toronto,1757896513,1757900095,2025-09-15T00:35:13+00:00,2025-09-15T01:34:55+00:00,2025-09-15,2025-09-15,3582
c06080,ACA427,CYUL,YUL,Montreal,CYYZ,YYZ,Toronto,1757896148,1757899348,2025-09-15T00:29:08+00:00,2025-09-15T01:22:28+00:00,2025-09-15,2025-09-15,3200
c06aab,TSC670,CYUL,YUL,Montreal,CYYZ,YYZ,Toronto,1757895612,1757898867,2025-09-15T00:20:12+00:00,2025-09-15T01:14:27+00:00,2025-09-15,2025-09-15,3255
c060c5,POE389,CYUL,YUL,Montreal,CYYC,YYC,Calgary,1757894592,1757909380,2025-09-15T00:03:12+00:00,2025-09-15T04:09:40+00:00,2025-09-15,2025-09-15,14788
c06177,POE383,CYUL,YUL,Montreal,CYEG,YEG,Edmonton,1757894413,1757908798,2025-09-15T00:00:13+00:00,2025-09-15T03:59:58+00:00,2025-09-15,2025-09-15,14385
