icao24,ground_icao,ground_iata,ground_city,prev_dep_icao,prev_arr_icao,next_dep_icao,next_arr_icao,prev_arr_time_unix,next_dep_time_unix,prev_arr_time_utc,next_dep_time_utc,turnaround_min
c080e0,CYVR,YVR,Vancouver,CYYZ,CYVR,CYVR,CYYC,1756751819,1756761282,2025-09-01T18:36:59+00:00,2025-09-01T21:14:42+00:00,157
c080e0,CYYC,YYC,Calgary,CYVR,CYYC,CYYC,CYVR,1756991706,1757050889,2025-09-04T13:15:06+00:00,2025-09-05T05:41:29+00:00,986
c080e0,CYVR,YVR,Vancouver,CYYC,CYVR,CYVR,CYEG,1757054632,1757185712,2025-09-05T06:43:52+00:00,2025-09-06T19:08:32+00:00,2184
c080e0,CYYC,YYC,Calgary,CYVR,CYYC,CYYC,CYVR,1757485847,1757565421,2025-09-10T06:30:47+00:00,2025-09-11T04:37:01+00:00,1326
c080e0,CYVR,YVR,Vancouver,CYYC,CYVR,CYVR,CYEG,1757569068,1757690693,2025-09-11T05:37:48+00:00,2025-09-12T15:24:53+00:00,2027
c050ae,CYVR,YVR,Vancouver,CYEG,CYVR,CYVR,CYYC,1756695239,1756758033,2025-09-01T02:53:59+00:00,2025-09-01T20:20:33+00:00,1046
c050ae,CYYC,YYC,Calgary,CYVR,CYYC,CYYC,CYVR,1756781116,1756902614,2025-09-02T02:45:16+00:00,2025-09-03T12:30:14+00:00,2024
c050ae,CYVR,YVR,Vancouver,CYYC,CYVR,CYVR,CYYZ,1756906386,1756991353,2025-09-03T13:33:06+00:00,2025-09-04T13:09:13+00:00,1416
c050ae,CYYZ,YYZ,Toronto,CYVR,CYYZ,CYYZ,CYYC,1757005905,1757780160,2025-09-04T17:11:45+00:00,2025-09-13T16:16:00+00:00,12904
c050ae,CYVR,YVR,Vancouver,CYUL,CYVR,CYVR,CYYZ,1757919260,1757942521,2025-09-15T06:54:20+00:00,2025-09-15T13:22:01+00:00,387
c03bf5,CYVR,YVR,Vancouver,CYYC,CYVR,CYVR,CYYC,1756751994,1756756363,2025-09-01T18:39:54+00:00,2025-09-01T19:52:43+00:00,72
c03bf5,CYYC,YYC,Calgary,CYVR,CYYC,CYYC,CYEG,1756760374,1756860638,2025-09-01T20:59:34+00:00,2025-09-03T00:50:38+00:00,1671
c03bf5,CYEG,YEG,Edmonton,CYYC,CYEG,CYEG,CYYC,1757214255,1757307110,2025-09-07T03:04:15+00:00,2025-09-08T04:51:50+00:00,1547
c03bf5,CYYC,YYC,Calgary,CYEG,CYYC,CYYC,CYEG,1757309028,1757389830,2025-09-08T05:23:48+00:00,2025-09-09T03:50:30+00:00,1346
c01e1f,CYYC,YYC,Calgary,CYVR,CYYC,CYYC,CYVR,1756781001,1756785971,2025-09-02T02:43:21+00:00,2025-09-02T04:06:11+00:00,82
c01e1f,CYVR,YVR,Vancouver,CYYC,CYVR,CYVR,CYYZ,1756789992,1756795924,2025-09-02T05:13:12+00:00,2025-09-02T06:52:04+00:00,98
c01e1f,CYYZ,YYZ,Toronto,CYVR,CYYZ,CYYZ,CYVR,1756811271,1756815541,2025-09-02T11:07:51+00:00,2025-09-02T12:19:01+00:00,71
c01e1f,CYVR,YVR,Vancouver,CYYZ,CYVR,CYVR,CYYC,1756832352,1756836620,2025-09-02T16:59:12+00:00,2025-09-02T18:10:20+00:00,71
c01e1f,CYYC,YYC,Calgary,CYVR,CYYC,CYYC,CYVR,1756840684,1756844689,2025-09-02T19:18:04+00:00,2025-09-02T20:24:49+00:00,66
c01e1f,CYVR,YVR,Vancouver,CYYC,CYVR,CYVR,CYYC,1756848443,1756911690,2025-09-02T21:27:23+00:00,2025-09-03T15:01:30+00:00,1054
c01e1f,CYYC,YYC,Calgary,CYVR,CYYC,CYYC,CYVR,1756915703,1756920727,2025-09-03T16:08:23+00:00,2025-09-03T17:32:07+00:00,83
c01e1f,CYVR,YVR,Vancouver,CYEG,CYVR,CYVR,CYYC,1756960159,1757083591,2025-09-04T04:29:19+00:00,2025-09-05T14:46:31+00:00,2057
c01e1f,CYYC,YYC,Calgary,CYVR,CYYC,CYYC,CYVR,1757087729,1757092417,2025-09-05T15:55:29+00:00,2025-09-05T17:13:37+00:00,78
c01e1f,CYVR,YVR,Vancouver,CYYC,CYVR,CYVR,CYEG,1757096109,1757102241,2025-09-05T18:15:09+00:00,2025-09-05T19:57:21+00:00,102
c01e1f,CYYC,YYC,Calgary,CYVR,CYYC,CYYC,CYVR,1757213213,1757217531,2025-09-07T02:46:53+00:00,2025-09-07T03:58:51+00:00,71
c01e1f,CYVR,YVR,Vancouver,CYYC,CYVR,CYVR,CYYZ,1757221397,1757225949,2025-09-07T05:03:17+00:00,2025-09-07T06:19:09+00:00,75
c01e1f,CYYZ,YYZ,Toronto,CYVR,CYYZ,CYYZ,CYVR,1757240786,1757245444,2025-09-07T10:26:26+00:00,2025-09-07T11:44:04+00:00,77
c01e1f,CYVR,YVR,Vancouver,CYYZ,CYVR,CYVR,CYYC,1757262449,1757267851,2025-09-07T16:27:29+00:00,2025-09-07T17:57:31+00:00,90
c01e1f,CYVR,YVR,Vancouver,CYYZ,CYVR,CYVR,CYYZ,1757457178,1757462427,2025-09-09T22:32:58+00:00,2025-09-10T00:00:27+00:00,87
c01e1f,CYYZ,YYZ,Toronto,CYVR,CYYZ,CYYZ,CYYC,1757477909,1757727241,2025-09-10T04:18:29+00:00,2025-09-13T01:34:01+00:00,4155
c01e1f,CYYC,YYC,Calgary,CYYZ,CYYC,CYYC,CYYZ,1757741788,1757747112,2025-09-13T05:36:28+00:00,2025-09-13T07:05:12+00:00,88
c07ef2,CYEG,YEG,Edmonton,CYVR,CYEG,CYEG,CYVR,1756757592,1756762401,2025-09-01T20:13:12+00:00,2025-09-01T21:33:21+00:00,80
c07ef2,CYVR,YVR,Vancouver,CYEG,CYVR,CYVR,CYYC,1756766530,1757000554,2025-09-01T22:42:10+00:00,2025-09-04T15:42:34+00:00,3900
c07ef2,CYYC,YYC,Calgary,CYVR,CYYC,CYYC,CYVR,1757004495,1757121155,2025-09-04T16:48:15+00:00,2025-09-06T01:12:35+00:00,1944
c07ef2,CYVR,YVR,Vancouver,CYYC,CYVR,CYVR,CYYC,1757124685,1757333446,2025-09-06T02:11:25+00:00,2025-09-08T12:10:46+00:00,3479
c080a6,CYVR,YVR,Vancouver,CYYZ,CYVR,CYVR,CYYC,1756745804,1756752484,2025-09-01T16:56:44+00:00,2025-09-01T18:48:04+00:00,111
c080a6,CYYC,YYC,Calgary,CYVR,CYYC,CYYC,CYEG,1756756273,1756844177,2025-09-01T19:51:13+00:00,2025-09-02T20:16:17+00:00,1465
c080a6,CYVR,YVR,Vancouver,CYYZ,CYVR,CYVR,CYYC,1757111266,1757126417,2025-09-05T22:27:46+00:00,2025-09-06T02:40:17+00:00,252
c080a6,CYYC,YYC,Calgary,CYVR,CYYC,CYYC,CYYZ,1757130447,1757207573,2025-09-06T03:47:27+00:00,2025-09-07T01:12:53+00:00,1285
c007d0,CYEG,YEG,Edmonton,CYVR,CYEG,CYEG,CYVR,1756756305,1756761279,2025-09-01T19:51:45+00:00,2025-09-01T21:14:39+00:00,82
c007d0,CYVR,YVR,Vancouver,CYEG,CYVR,CYVR,CYEG,1757011615,1757091004,2025-09-04T18:46:55+00:00,2025-09-05T16:50:04+00:00,1323
c007d0,CYVR,YVR,Vancouver,CYYC,CYVR,CYVR,CYEG,1757122427,1757184337,2025-09-06T01:33:47+00:00,2025-09-06T18:45:37+00:00,1031
c007d0,CYVR,YVR,Vancouver,CYYC,CYVR,CYVR,CYEG,1757217292,1757255866,2025-09-07T03:54:52+00:00,2025-09-07T14:37:46+00:00,642
c007d0,CYEG,YEG,Edmonton,CYVR,CYEG,CYEG,CYVR,1757259704,1757267207,2025-09-07T15:41:44+00:00,2025-09-07T17:46:47+00:00,125
c007d0,CYVR,YVR,Vancouver,CYEG,CYVR,CYVR,CYEG,1757271774,1757342792,2025-09-07T19:02:54+00:00,2025-09-08T14:46:32+00:00,1183
c007d0,CYYC,YYC,Calgary,CYVR,CYYC,CYYC,CYVR,1757441607,1757446817,2025-09-09T18:13:27+00:00,2025-09-09T19:40:17+00:00,86
c007d0,CYVR,YVR,Vancouver,CYYC,CYVR,CYVR,CYEG,1757450575,1757477177,2025-09-09T20:42:55+00:00,2025-09-10T04:06:17+00:00,443
c007d0,CYEG,YEG,Edmonton,CYVR,CYEG,CYEG,CYVR,1757481113,1757512935,2025-09-10T05:11:53+00:00,2025-09-10T14:02:15+00:00,530
c007d0,CYVR,YVR,Vancouver,CYEG,CYVR,CYVR,CYYC,1757516839,1757524506,2025-09-10T15:07:19+00:00,2025-09-10T17:15:06+00:00,127
c007d0,CYYC,YYC,Calgary,CYVR,CYYC,CYYC,CYVR,1757528337,1757533447,2025-09-10T18:18:57+00:00,2025-09-10T19:44:07+00:00,85
c007d0,CYVR,YVR,Vancouver,CYYC,CYVR,CYVR,CYEG,1757555050,1757688810,2025-09-11T01:44:10+00:00,2025-09-12T14:53:30+00:00,2229
c007d0,CYEG,YEG,Edmonton,CYVR,CYEG,CYEG,CYVR,1757778581,1757957802,2025-09-13T15:49:41+00:00,2025-09-15T17:36:42+00:00,2987
c04688,CYYC,YYC,Calgary,CYVR,CYYC,CYYC,CYYZ,1757305787,1757437642,2025-09-08T04:29:47+00:00,2025-09-09T17:07:22+00:00,2197
c04688,CYYZ,YYZ,Toronto,CYYC,CYYZ,CYYZ,CYUL,1757449883,1757603442,2025-09-09T20:31:23+00:00,2025-09-11T15:10:42+00:00,2559
c04688,CYUL,YUL,Montreal,CYYZ,CYUL,CYUL,CYYZ,1757606259,1757628540,2025-09-11T15:57:39+00:00,2025-09-11T22:09:00+00:00,371
c04688,CYYZ,YYZ,Toronto,CYUL,CYYZ,CYYZ,CYUL,1757631464,1757776909,2025-09-11T22:57:44+00:00,2025-09-13T15:21:49+00:00,2424
c04688,CYUL,YUL,Montreal,CYYZ,CYUL,CYUL,CYYZ,1757780089,1757782500,2025-09-13T16:14:49+00:00,2025-09-13T16:55:00+00:00,40
c04688,CYYZ,YYZ,Toronto,CYUL,CYYZ,CYYZ,CYUL,1757786503,1757859423,2025-09-13T18:01:43+00:00,2025-09-14T14:17:03+00:00,1215
c00e5c,CYVR,YVR,Vancouver,CYEG,CYVR,CYVR,CYYZ,1756701618,1756708088,2025-09-01T04:40:18+00:00,2025-09-01T06:28:08+00:00,107
c00e5c,CYYZ,YYZ,Toronto,CYVR,CYYZ,CYYZ,CYVR,1756723790,1756728300,2025-09-01T10:49:50+00:00,2025-09-01T12:05:00+00:00,75
c00e5c,CYVR,YVR,Vancouver,CYYZ,CYVR,CYVR,CYYC,1756744258,1756749499,2025-09-01T16:30:58+00:00,2025-09-01T17:58:19+00:00,87
c00e5c,CYYC,YYC,Calgary,CYVR,CYYC,CYYC,CYVR,1756753277,1756758225,2025-09-01T19:01:17+00:00,2025-09-01T20:23:45+00:00,82
c08862,CYUL,YUL,Montreal,CYYZ,CYUL,CYUL,CYVR,1756689119,1756725978,2025-09-01T01:11:59+00:00,2025-09-01T11:26:18+00:00,614
c08862,CYVR,YVR,Vancouver,CYUL,CYVR,CYVR,CYYZ,1756743438,1756749161,2025-09-01T16:17:18+00:00,2025-09-01T17:52:41+00:00,95
c08862,CYYC,YYC,Calgary,CYUL,CYYC,CYYC,CYYZ,1756872853,1756904977,2025-09-03T04:14:13+00:00,2025-09-03T13:09:37+00:00,535
c08862,CYVR,YVR,Vancouver,CYYZ,CYVR,CYVR,CYYZ,1757435189,1757440228,2025-09-09T16:26:29+00:00,2025-09-09T17:50:28+00:00,83
c08862,CYYZ,YYZ,Toronto,CYVR,CYYZ,CYYZ,CYUL,1757455861,1757609912,2025-09-09T22:11:01+00:00,2025-09-11T16:58:32+00:00,2567
c08862,CYUL,YUL,Montreal,CYYZ,CYUL,CYUL,CYYZ,1757613596,1757618912,2025-09-11T17:59:56+00:00,2025-09-11T19:28:32+00:00,88
c08862,CYYZ,YYZ,Toronto,CYUL,CYYZ,CYYZ,CYYC,1757622239,1757784181,2025-09-11T20:23:59+00:00,2025-09-13T17:23:01+00:00,2699
c00734,CYVR,YVR,Vancouver,CYYC,CYVR,CYVR,CYYC,1756743771,1756748361,2025-09-01T16:22:51+00:00,2025-09-01T17:39:21+00:00,76
c00734,CYYC,YYC,Calgary,CYVR,CYYC,CYYC,CYVR,1756752020,1756757520,2025-09-01T18:40:20+00:00,2025-09-01T20:12:00+00:00,91
c00734,CYVR,YVR,Vancouver,CYYC,CYVR,CYVR,CYYC,1756829755,1756842750,2025-09-02T16:15:55+00:00,2025-09-02T19:52:30+00:00,216
c00734,CYYC,YYC,Calgary,CYVR,CYYC,CYYC,CYVR,1756846766,1757092970,2025-09-02T20:59:26+00:00,2025-09-05T17:22:50+00:00,4103
c00734,CYVR,YVR,Vancouver,CYYC,CYVR,CYVR,CYYC,1757096698,1757101723,2025-09-05T18:24:58+00:00,2025-09-05T19:48:43+00:00,83
c00734,CYYC,YYC,Calgary,CYVR,CYYC,CYYC,CYUL,1757105716,1757119499,2025-09-05T20:55:16+00:00,2025-09-06T00:44:59+00:00,229
c00734,CYUL,YUL,Montreal,CYYC,CYUL,CYUL,CYYC,1757132218,1757156911,2025-09-06T04:16:58+00:00,2025-09-06T11:08:31+00:00,411
c00734,CYYC,YYC,Calgary,CYUL,CYYC,CYYC,CYVR,1757171589,1757358908,2025-09-06T15:13:09+00:00,2025-09-08T19:15:08+00:00,3121
c00734,CYVR,YVR,Vancouver,CYYC,CYVR,CYVR,CYYC,1757362588,1757367924,2025-09-08T20:16:28+00:00,2025-09-08T21:45:24+00:00,88
c00734,CYYC,YYC,Calgary,CYVR,CYYC,CYYC,CYVR,1757371964,1757482637,2025-09-08T22:52:44+00:00,2025-09-10T05:37:17+00:00,1844
c00734,CYVR,YVR,Vancouver,CYYC,CYVR,CYVR,CYYC,1757486269,1757505941,2025-09-10T06:37:49+00:00,2025-09-10T12:05:41+00:00,327
c00734,CYYC,YYC,Calgary,CYVR,CYYC,CYYC,CYVR,1757509706,1757607152,2025-09-10T13:08:26+00:00,2025-09-11T16:12:32+00:00,1624
c00734,CYVR,YVR,Vancouver,CYYC,CYVR,CYVR,CYYC,1757610775,1757616378,2025-09-11T17:12:55+00:00,2025-09-11T18:46:18+00:00,93
c00734,CYYC,YYC,Calgary,CYVR,CYYC,CYYC,CYEG,1757620356,1757724073,2025-09-11T19:52:36+00:00,2025-09-13T00:41:13+00:00,1728
c028cd,CYEG,YEG,Edmonton,CYVR,CYEG,CYEG,CYYC,1756752347,1756777928,2025-09-01T18:45:47+00:00,2025-09-02T01:52:08+00:00,426
c028cd,CYYC,YYC,Calgary,CYEG,CYYC,CYYC,CYUL,1756780190,1756831291,2025-09-02T02:29:50+00:00,2025-09-02T16:41:31+00:00,851
c028cd,CYYC,YYC,Calgary,CYYZ,CYYC,CYYC,CYEG,1757342325,1757730235,2025-09-08T14:38:45+00:00,2025-09-13T02:23:55+00:00,6465
c05030,CYVR,YVR,Vancouver,CYYC,CYVR,CYVR,CYYC,1756689822,1756695109,2025-09-01T01:23:42+00:00,2025-09-01T02:51:49+00:00,88
c05030,CYYC,YYC,Calgary,CYVR,CYYC,CYYC,CYVR,1756698920,1756737782,2025-09-01T03:55:20+00:00,2025-09-01T14:43:02+00:00,647
c05030,CYVR,YVR,Vancouver,CYYC,CYVR,CYVR,CYYC,1756741669,1756746913,2025-09-01T15:47:49+00:00,2025-09-01T17:15:13+00:00,87
c05030,CYYC,YYC,Calgary,CYVR,CYYC,CYYC,CYVR,1756750879,1756756114,2025-09-01T18:21:19+00:00,2025-09-01T19:48:34+00:00,87
c05030,CYVR,YVR,Vancouver,CYEG,CYVR,CYVR,CYUL,1756780958,1756799176,2025-09-02T02:42:38+00:00,2025-09-02T07:46:16+00:00,303
c05030,CYUL,YUL,Montreal,CYVR,CYUL,CYUL,CYYZ,1756816339,1756820761,2025-09-02T12:32:19+00:00,2025-09-02T13:46:01+00:00,73
c05030,CYYZ,YYZ,Toronto,CYUL,CYYZ,CYYZ,CYUL,1756823999,1756900272,2025-09-02T14:39:59+00:00,2025-09-03T11:51:12+00:00,1271
c05030,CYUL,YUL,Montreal,CYYZ,CYUL,CYUL,CYYZ,1756903885,1756908090,2025-09-03T12:51:25+00:00,2025-09-03T14:01:30+00:00,70
c05030,CYYZ,YYZ,Toronto,CYUL,CYYZ,CYYZ,CYVR,1756911792,1756915252,2025-09-03T15:03:12+00:00,2025-09-03T16:00:52+00:00,57
c05030,CYVR,YVR,Vancouver,CYYC,CYVR,CYVR,CYYZ,1756949239,1757083501,2025-09-04T01:27:19+00:00,2025-09-05T14:45:01+00:00,2237
c05030,CYUL,YUL,Montreal,CYVR,CYUL,CYUL,CYYC,1757327818,1757335531,2025-09-08T10:36:58+00:00,2025-09-08T12:45:31+00:00,128
c05030,CYYC,YYC,Calgary,CYUL,CYYC,CYYC,CYUL,1757351209,1757356324,2025-09-08T17:06:49+00:00,2025-09-08T18:32:04+00:00,85
c05030,CYUL,YUL,Montreal,CYYC,CYUL,CYUL,CYVR,1757369389,1757469796,2025-09-08T22:09:49+00:00,2025-09-10T02:03:16+00:00,1673
c05030,CYVR,YVR,Vancouver,CYUL,CYVR,CYVR,CYYZ,1757487238,1757509718,2025-09-10T06:53:58+00:00,2025-09-10T13:08:38+00:00,374
c03bfb,CYYC,YYC,Calgary,CYVR,CYYC,CYYC,CYVR,1756707428,1756735844,2025-09-01T06:17:08+00:00,2025-09-01T14:10:44+00:00,473
c03bfb,CYVR,YVR,Vancouver,CYYC,CYVR,CYVR,CYYZ,1756739753,1756746536,2025-09-01T15:15:53+00:00,2025-09-01T17:08:56+00:00,113
c03bfb,CYYZ,YYZ,Toronto,CYVR,CYYZ,CYYZ,CYYC,1756761366,1756771505,2025-09-01T21:16:06+00:00,2025-09-02T00:05:05+00:00,168
c03bfb,CYYC,YYC,Calgary,CYYZ,CYYC,CYYC,CYVR,1756784796,1756933779,2025-09-02T03:46:36+00:00,2025-09-03T21:09:39+00:00,2483
c03bfb,CYVR,YVR,Vancouver,CYYC,CYVR,CYVR,CYYC,1756937687,1756946307,2025-09-03T22:14:47+00:00,2025-09-04T00:38:27+00:00,143
c03bfb,CYYC,YYC,Calgary,CYEG,CYYC,CYYC,CYYZ,1757032554,1757139880,2025-09-05T00:35:54+00:00,2025-09-06T06:24:40+00:00,1788
c03bfb,CYYZ,YYZ,Toronto,CYYC,CYYZ,CYYZ,CYYC,1757152147,1757257625,2025-09-06T09:49:07+00:00,2025-09-07T15:07:05+00:00,1757
c03bfb,CYYC,YYC,Calgary,CYYZ,CYYC,CYYC,CYVR,1757271941,1757462981,2025-09-07T19:05:41+00:00,2025-09-10T00:09:41+00:00,3184
c03bfb,CYUL,YUL,Montreal,CYYC,CYUL,CYUL,CYYC,1757910816,1757934936,2025-09-15T04:33:36+00:00,2025-09-15T11:15:36+00:00,402
c00ec2,CYVR,YVR,Vancouver,CYYC,CYVR,CYVR,CYYC,1756706185,1756744830,2025-09-01T05:56:25+00:00,2025-09-01T16:40:30+00:00,644
c00ec2,CYYC,YYC,Calgary,CYYZ,CYYC,CYYC,CYEG,1757355463,1757362485,2025-09-08T18:17:43+00:00,2025-09-08T20:14:45+00:00,117
c00ec2,CYVR,YVR,Vancouver,CYYC,CYVR,CYVR,CYYC,1757441758,1757447310,2025-09-09T18:15:58+00:00,2025-09-09T19:48:30+00:00,92
c006ec,CYVR,YVR,Vancouver,CYYC,CYVR,CYVR,CYEG,1756777465,1756786377,2025-09-02T01:44:25+00:00,2025-09-02T04:12:57+00:00,148
c006ec,CYYC,YYC,Calgary,CYVR,CYYC,CYYC,CYVR,1756917905,1756923042,2025-09-03T16:45:05+00:00,2025-09-03T18:10:42+00:00,85
c006ec,CYVR,YVR,Vancouver,CYYC,CYVR,CYVR,CYYC,1756926899,1757031527,2025-09-03T19:14:59+00:00,2025-09-05T00:18:47+00:00,1743
c006ec,CYYC,YYC,Calgary,CYVR,CYYC,CYYC,CYVR,1757035616,1757041440,2025-09-05T01:26:56+00:00,2025-09-05T03:04:00+00:00,97
c006ec,CYVR,YVR,Vancouver,CYYC,CYVR,CYVR,CYEG,1757045393,1757082737,2025-09-05T04:09:53+00:00,2025-09-05T14:32:17+00:00,622
c006ec,CYYC,YYC,Calgary,CYVR,CYYC,CYYC,CYVR,1757180179,1757184500,2025-09-06T17:36:19+00:00,2025-09-06T18:48:20+00:00,72
c006ec,CYVR,YVR,Vancouver,CYEG,CYVR,CYVR,CYEG,1757273716,1757357141,2025-09-07T19:35:16+00:00,2025-09-08T18:45:41+00:00,1390
c006ec,CYVR,YVR,Vancouver,CYYC,CYVR,CYVR,CYEG,1757391449,1757431996,2025-09-09T04:17:29+00:00,2025-09-09T15:33:16+00:00,675
c006ec,CYYC,YYC,Calgary,CYVR,CYYC,CYYC,CYVR,1757524071,1757528625,2025-09-10T17:07:51+00:00,2025-09-10T18:23:45+00:00,75
c006ec,CYVR,YVR,Vancouver,CYYC,CYVR,CYVR,CYYC,1757532381,1757605260,2025-09-10T19:26:21+00:00,2025-09-11T15:41:00+00:00,1214
c006ec,CYYC,YYC,Calgary,CYVR,CYYC,CYYC,CYVR,1757609092,1757615211,2025-09-11T16:44:52+00:00,2025-09-11T18:26:51+00:00,101
c006ec,CYVR,YVR,Vancouver,CYYC,CYVR,CYVR,CYEG,1757619201,1757695427,2025-09-11T19:33:21+00:00,2025-09-12T16:43:47+00:00,1270
c006ec,CYVR,YVR,Vancouver,CYYC,CYVR,CYVR,CYEG,1757727469,1757789210,2025-09-13T01:37:49+00:00,2025-09-13T18:46:50+00:00,1029
c052d3,CYYC,YYC,Calgary,CYVR,CYYC,CYYC,CYVR,1756694489,1756700820,2025-09-01T02:41:29+00:00,2025-09-01T04:27:00+00:00,105
c052d3,CYVR,YVR,Vancouver,CYYC,CYVR,CYVR,CYYZ,1756704832,1756743654,2025-09-01T05:33:52+00:00,2025-09-01T16:20:54+00:00,647
c052d3,CYVR,YVR,Vancouver,CYYC,CYVR,CYVR,CYYC,1757180037,1757185343,2025-09-06T17:33:57+00:00,2025-09-06T19:02:23+00:00,88
c052d3,CYYC,YYC,Calgary,CYVR,CYYC,CYYC,CYVR,1757189474,1757194547,2025-09-06T20:11:14+00:00,2025-09-06T21:35:47+00:00,84
c052d3,CYVR,YVR,Vancouver,CYYC,CYVR,CYVR,CYYC,1757198511,1757204865,2025-09-06T22:41:51+00:00,2025-09-07T00:27:45+00:00,105
c052d3,CYVR,YVR,Vancouver,CYYC,CYVR,CYVR,CYYC,1757216842,1757223369,2025-09-07T03:47:22+00:00,2025-09-07T05:36:09+00:00,108
c052d3,CYYC,YYC,Calgary,CYVR,CYYC,CYYC,CYEG,1757227156,1757629346,2025-09-07T06:39:16+00:00,2025-09-11T22:22:26+00:00,6703
c052d3,CYVR,YVR,Vancouver,CYYC,CYVR,CYVR,CYYC,1757654285,1757686531,2025-09-12T05:18:05+00:00,2025-09-12T14:15:31+00:00,537
c0618e,CYVR,YVR,Vancouver,CYYZ,CYVR,CYVR,CYUL,1756708438,1756743257,2025-09-01T06:33:58+00:00,2025-09-01T16:14:17+00:00,580
c0618e,CYUL,YUL,Montreal,CYVR,CYUL,CYUL,CYYC,1756760106,1756771646,2025-09-01T20:55:06+00:00,2025-09-02T00:07:26+00:00,192
c0618e,CYYC,YYC,Calgary,CYUL,CYYC,CYYC,CYYZ,1756786536,1756793032,2025-09-02T04:15:36+00:00,2025-09-02T06:03:52+00:00,108
c0618e,CYYZ,YYZ,Toronto,CYYC,CYYZ,CYYZ,CYVR,1756805831,1756815308,2025-09-02T09:37:11+00:00,2025-09-02T12:15:08+00:00,157
c0618e,CYYZ,YYZ,Toronto,CYUL,CYYZ,CYYZ,CYVR,1756863519,1757006646,2025-09-03T01:38:39+00:00,2025-09-04T17:24:06+00:00,2385
c0618e,CYUL,YUL,Montreal,CYYZ,CYUL,CYUL,CYYZ,1757379703,1757424339,2025-09-09T01:01:43+00:00,2025-09-09T13:25:39+00:00,743
c0618e,CYUL,YUL,Montreal,CYYC,CYUL,CYUL,CYYZ,1757701164,1757705495,2025-09-12T18:19:24+00:00,2025-09-12T19:31:35+00:00,72
c0618e,CYYZ,YYZ,Toronto,CYUL,CYYZ,CYYZ,CYVR,1757708759,1757852404,2025-09-12T20:25:59+00:00,2025-09-14T12:20:04+00:00,2394
c007d8,CYYC,YYC,Calgary,CYVR,CYYC,CYYC,CYVR,1756745754,1756750657,2025-09-01T16:55:54+00:00,2025-09-01T18:17:37+00:00,81
c007d8,CYVR,YVR,Vancouver,CYYC,CYVR,CYVR,CYEG,1756754689,1756827693,2025-09-01T19:24:49+00:00,2025-09-02T15:41:33+00:00,1216
c007d8,CYEG,YEG,Edmonton,CYVR,CYEG,CYEG,CYVR,1756877276,1756928288,2025-09-03T05:27:56+00:00,2025-09-03T19:38:08+00:00,850
c007d8,CYVR,YVR,Vancouver,CYEG,CYVR,CYVR,CYYC,1756932337,1757087254,2025-09-03T20:45:37+00:00,2025-09-05T15:47:34+00:00,2581
c007d8,CYYC,YYC,Calgary,CYVR,CYYC,CYYC,CYVR,1757091509,1757096250,2025-09-05T16:58:29+00:00,2025-09-05T18:17:30+00:00,79
c007d8,CYVR,YVR,Vancouver,CYYC,CYVR,CYVR,CYEG,1757099990,1757169469,2025-09-05T19:19:50+00:00,2025-09-06T14:37:49+00:00,1157
c007d8,CYEG,YEG,Edmonton,CYVR,CYEG,CYEG,CYVR,1757222015,1757271081,2025-09-07T05:13:35+00:00,2025-09-07T18:51:21+00:00,817
c007d8,CYVR,YVR,Vancouver,CYYC,CYVR,CYVR,CYEG,1757295027,1757350576,2025-09-08T01:30:27+00:00,2025-09-08T16:56:16+00:00,925
c007d8,CYVR,YVR,Vancouver,CYYC,CYVR,CYVR,CYEG,1757381360,1757443222,2025-09-09T01:29:20+00:00,2025-09-09T18:40:22+00:00,1031
c007d8,CYVR,YVR,Vancouver,CYEG,CYVR,CYVR,CYEG,1757532825,1757608880,2025-09-10T19:33:45+00:00,2025-09-11T16:41:20+00:00,1267
c007d8,CYVR,YVR,Vancouver,CYYC,CYVR,CYVR,CYEG,1757640921,1757645314,2025-09-12T01:35:21+00:00,2025-09-12T02:48:34+00:00,73
c007d8,CYYC,YYC,Calgary,CYVR,CYYC,CYYC,CYVR,1757701855,1757707113,2025-09-12T18:30:55+00:00,2025-09-12T19:58:33+00:00,87
c007d8,CYVR,YVR,Vancouver,CYYC,CYVR,CYVR,CYYC,1757822128,1757827013,2025-09-14T03:55:28+00:00,2025-09-14T05:16:53+00:00,81
c007d8,CYYC,YYC,Calgary,CYVR,CYYC,CYYC,CYVR,1757830567,1757852232,2025-09-14T06:16:07+00:00,2025-09-14T12:17:12+00:00,361
c007d8,CYVR,YVR,Vancouver,CYYC,CYVR,CYVR,CYYC,1757856119,1757864500,2025-09-14T13:21:59+00:00,2025-09-14T15:41:40+00:00,139
c007d8,CYYC,YYC,Calgary,CYVR,CYYC,CYYC,CYVR,1757868118,1757874390,2025-09-14T16:41:58+00:00,2025-09-14T18:26:30+00:00,104
c007d8,CYVR,YVR,Vancouver,CYYC,CYVR,CYVR,CYEG,1757878379,1757911183,2025-09-14T19:32:59+00:00,2025-09-15T04:39:43+00:00,546
c007d8,CYEG,YEG,Edmonton,CYVR,CYEG,CYEG,CYVR,1757915219,1757945690,2025-09-15T05:46:59+00:00,2025-09-15T14:14:50+00:00,507
c0187a,CYEG,YEG,Edmonton,CYVR,CYEG,CYEG,CYVR,1757466648,1757548923,2025-09-10T01:10:48+00:00,2025-09-11T00:02:03+00:00,1371
c0187a,CYVR,YVR,Vancouver,CYEG,CYVR,CYVR,CYEG,1757552818,1757895166,2025-09-11T01:06:58+00:00,2025-09-15T00:12:46+00:00,5705
c03bf7,CYYC,YYC,Calgary,CYVR,CYYC,CYYC,CYVR,1756745216,1756751882,2025-09-01T16:46:56+00:00,2025-09-01T18:38:02+00:00,111
c03bf7,CYVR,YVR,Vancouver,CYYC,CYVR,CYVR,CYYC,1757729905,1757904528,2025-09-13T02:18:25+00:00,2025-09-15T02:48:48+00:00,2910
c080ac,CYYC,YYC,Calgary,CYVR,CYYC,CYYC,CYYZ,1757081332,1757119150,2025-09-05T14:08:52+00:00,2025-09-06T00:39:10+00:00,630
c080ac,CYYZ,YYZ,Toronto,CYYC,CYYZ,CYYZ,CYEG,1757131196,1757163490,2025-09-06T03:59:56+00:00,2025-09-06T12:58:10+00:00,538
c080ac,CYEG,YEG,Edmonton,CYYZ,CYEG,CYEG,CYYZ,1757177003,1757311976,2025-09-06T16:43:23+00:00,2025-09-08T06:12:56+00:00,2249
c080ac,CYYZ,YYZ,Toronto,CYEG,CYYZ,CYYZ,CYVR,1757323672,1757340460,2025-09-08T09:27:52+00:00,2025-09-08T14:07:40+00:00,279
c080ac,CYVR,YVR,Vancouver,CYYZ,CYVR,CYVR,CYYC,1757574674,1757606572,2025-09-11T07:11:14+00:00,2025-09-11T16:02:52+00:00,531
c080ac,CYYC,YYC,Calgary,CYVR,CYYC,CYYC,CYVR,1757610498,1757656210,2025-09-11T17:08:18+00:00,2025-09-12T05:50:10+00:00,761
c080ac,CYVR,YVR,Vancouver,CYYC,CYVR,CYVR,CYYC,1757659919,1757724141,2025-09-12T06:51:59+00:00,2025-09-13T00:42:21+00:00,1070
c080ac,CYYC,YYC,Calgary,CYVR,CYYC,CYYC,CYVR,1757727860,1757734935,2025-09-13T01:44:20+00:00,2025-09-13T03:42:15+00:00,117
c080ac,CYVR,YVR,Vancouver,CYYC,CYVR,CYVR,CYYC,1757738799,1757772616,2025-09-13T04:46:39+00:00,2025-09-13T14:10:16+00:00,563
c080ac,CYYC,YYC,Calgary,CYVR,CYYC,CYYC,CYVR,1757776337,1757784000,2025-09-13T15:12:17+00:00,2025-09-13T17:20:00+00:00,127
c080ac,CYVR,YVR,Vancouver,CYYC,CYVR,CYVR,CYYC,1757788106,1757793230,2025-09-13T18:28:26+00:00,2025-09-13T19:53:50+00:00,85
c080ac,CYYC,YYC,Calgary,CYVR,CYYC,CYYC,CYVR,1757796893,1757809636,2025-09-13T20:54:53+00:00,2025-09-14T00:27:16+00:00,212
c080ac,CYVR,YVR,Vancouver,CYYC,CYVR,CYVR,CYYC,1757813686,1757817813,2025-09-14T01:34:46+00:00,2025-09-14T02:43:33+00:00,68
c080ac,CYYC,YYC,Calgary,CYVR,CYYC,CYYC,CYEG,1757821449,1757828280,2025-09-14T03:44:09+00:00,2025-09-14T05:38:00+00:00,113
c080ac,CYVR,YVR,Vancouver,CYYC,CYVR,CYVR,CYYC,1757870109,1757875507,2025-09-14T17:15:09+00:00,2025-09-14T18:45:07+00:00,89
c080ac,CYYC,YYC,Calgary,CYVR,CYYC,CYYC,CYVR,1757879300,1757884426,2025-09-14T19:48:20+00:00,2025-09-14T21:13:46+00:00,85
c01d7e,CYVR,YVR,Vancouver,CYYC,CYVR,CYVR,CYYC,1756695743,1756738662,2025-09-01T03:02:23+00:00,2025-09-01T14:57:42+00:00,715
c01d7e,CYYC,YYC,Calgary,CYVR,CYYC,CYYC,CYVR,1756742450,1756747200,2025-09-01T16:00:50+00:00,2025-09-01T17:20:00+00:00,79
c01d7e,CYVR,YVR,Vancouver,CYEG,CYVR,CYVR,CYYC,1756787866,1756825009,2025-09-02T04:37:46+00:00,2025-09-02T14:56:49+00:00,619
c01d7e,CYYC,YYC,Calgary,CYVR,CYYC,CYYC,CYVR,1756828961,1756833346,2025-09-02T16:02:41+00:00,2025-09-02T17:15:46+00:00,73
c01d7e,CYVR,YVR,Vancouver,CYYC,CYVR,CYVR,CYEG,1756837222,1756842481,2025-09-02T18:20:22+00:00,2025-09-02T19:48:01+00:00,87
c01d7e,CYEG,YEG,Edmonton,CYVR,CYEG,CYEG,CYVR,1756864575,1756916605,2025-09-03T01:56:15+00:00,2025-09-03T16:23:25+00:00,867
c01d7e,CYVR,YVR,Vancouver,CYEG,CYVR,CYVR,CYYC,1756920807,1756925945,2025-09-03T17:33:27+00:00,2025-09-03T18:59:05+00:00,85
c01d7e,CYYC,YYC,Calgary,CYVR,CYYC,CYYC,CYYZ,1756929916,1757118577,2025-09-03T20:05:16+00:00,2025-09-06T00:29:37+00:00,3144
c01d7e,CYYZ,YYZ,Toronto,CYYC,CYYZ,CYYZ,CYVR,1757131168,1757181754,2025-09-06T03:59:28+00:00,2025-09-06T18:02:34+00:00,843
c01d7e,CYVR,YVR,Vancouver,CYYZ,CYVR,CYVR,CYYZ,1757198434,1757203845,2025-09-06T22:40:34+00:00,2025-09-07T00:10:45+00:00,90
c01d7e,CYYZ,YYZ,Toronto,CYVR,CYYZ,CYYZ,CYVR,1757218709,1757267979,2025-09-07T04:18:29+00:00,2025-09-07T17:59:39+00:00,821
c01d7e,CYVR,YVR,Vancouver,CYYZ,CYVR,CYVR,CYYZ,1757285378,1757289968,2025-09-07T22:49:38+00:00,2025-09-08T00:06:08+00:00,76
c01d7e,CYYZ,YYZ,Toronto,CYVR,CYYZ,CYYZ,CYEG,1757305817,1757329622,2025-09-08T04:30:17+00:00,2025-09-08T11:07:02+00:00,396
c01d7e,CYYC,YYC,Calgary,CYYZ,CYYC,CYYC,CYYZ,1757570338,1757574695,2025-09-11T05:58:58+00:00,2025-09-11T07:11:35+00:00,72
c01d7e,CYYZ,YYZ,Toronto,CYYC,CYYZ,CYYZ,CYYC,1757587288,1757686800,2025-09-11T10:41:28+00:00,2025-09-12T14:20:00+00:00,1658
c02fed,CYVR,YVR,Vancouver,CYUL,CYVR,CYVR,CYYZ,1756712360,1756738575,2025-09-01T07:39:20+00:00,2025-09-01T14:56:15+00:00,436
c02fed,CYYZ,YYZ,Toronto,CYVR,CYYZ,CYYZ,CYUL,1756753313,1757171706,2025-09-01T19:01:53+00:00,2025-09-06T15:15:06+00:00,6973
c02fed,CYUL,YUL,Montreal,CYYZ,CYUL,CYUL,CYYZ,1757175597,1757263444,2025-09-06T16:19:57+00:00,2025-09-07T16:44:04+00:00,1464
c02fed,CYYZ,YYZ,Toronto,CYEG,CYYZ,CYYZ,CYYC,1757302225,1757473178,2025-09-08T03:30:25+00:00,2025-09-10T02:59:38+00:00,2849
c02fed,CYYC,YYC,Calgary,CYYZ,CYYC,CYYC,CYVR,1757486361,1757514690,2025-09-10T06:39:21+00:00,2025-09-10T14:31:30+00:00,472
c02fed,CYYC,YYC,Calgary,CYYZ,CYYC,CYYC,CYUL,1757746357,1757765610,2025-09-13T06:52:37+00:00,2025-09-13T12:13:30+00:00,320
c02fed,CYUL,YUL,Montreal,CYYC,CYUL,CYUL,CYEG,1757779287,1757785500,2025-09-13T16:01:27+00:00,2025-09-13T17:45:00+00:00,103
c08857,CYYZ,YYZ,Toronto,CYVR,CYYZ,CYYZ,CYUL,1756753884,1757215136,2025-09-01T19:11:24+00:00,2025-09-07T03:18:56+00:00,7687
c08857,CYUL,YUL,Montreal,CYYZ,CYUL,CYUL,CYYZ,1757218218,1757243010,2025-09-07T04:10:18+00:00,2025-09-07T11:03:30+00:00,413
c08857,CYYZ,YYZ,Toronto,CYVR,CYYZ,CYYZ,CYUL,1757411098,1757782861,2025-09-09T09:44:58+00:00,2025-09-13T17:01:01+00:00,6196
c08857,CYUL,YUL,Montreal,CYYZ,CYUL,CYUL,CYYZ,1757786171,1757791450,2025-09-13T17:56:11+00:00,2025-09-13T19:24:10+00:00,87
c08857,CYYZ,YYZ,Toronto,CYUL,CYYZ,CYYZ,CYUL,1757794788,1757868512,2025-09-13T20:19:48+00:00,2025-09-14T16:48:32+00:00,1228
c08857,CYUL,YUL,Montreal,CYYZ,CYUL,CYUL,CYYZ,1757872133,1757880460,2025-09-14T17:48:53+00:00,2025-09-14T20:07:40+00:00,138
c00700,CYVR,YVR,Vancouver,CYEG,CYVR,CYVR,CYEG,1757013209,1757087077,2025-09-04T19:13:29+00:00,2025-09-05T15:44:37+00:00,1231
c00700,CYEG,YEG,Edmonton,CYVR,CYEG,CYEG,CYVR,1757091015,1757280013,2025-09-05T16:50:15+00:00,2025-09-07T21:20:13+00:00,3149
c00700,CYVR,YVR,Vancouver,CYYC,CYVR,CYVR,CYEG,1757303573,1757345400,2025-09-08T03:52:53+00:00,2025-09-08T15:30:00+00:00,697
c00700,CYEG,YEG,Edmonton,CYVR,CYEG,CYEG,CYVR,1757349647,1757553297,2025-09-08T16:40:47+00:00,2025-09-11T01:14:57+00:00,3394
c00700,CYVR,YVR,Vancouver,CYEG,CYVR,CYVR,CYEG,1757557364,1757601397,2025-09-11T02:22:44+00:00,2025-09-11T14:36:37+00:00,733
c00700,CYYC,YYC,Calgary,CYVR,CYYC,CYYC,CYVR,1757725725,1757732343,2025-09-13T01:08:45+00:00,2025-09-13T02:59:03+00:00,110
c00700,CYVR,YVR,Vancouver,CYYC,CYVR,CYVR,CYYC,1757736171,1757777590,2025-09-13T04:02:51+00:00,2025-09-13T15:33:10+00:00,690
c00700,CYYC,YYC,Calgary,CYVR,CYYC,CYYC,CYVR,1757781259,1757787193,2025-09-13T16:34:19+00:00,2025-09-13T18:13:13+00:00,98
c00700,CYVR,YVR,Vancouver,CYYC,CYVR,CYVR,CYEG,1757813180,1757875966,2025-09-14T01:26:20+00:00,2025-09-14T18:52:46+00:00,1046
c010cb,CYUL,YUL,Montreal,CYYZ,CYUL,CYUL,CYYZ,1756940392,1756946531,2025-09-03T22:59:52+00:00,2025-09-04T00:42:11+00:00,102
c010cb,CYYZ,YYZ,Toronto,CYUL,CYYZ,CYYZ,CYYC,1756949920,1757093520,2025-09-04T01:38:40+00:00,2025-09-05T17:32:00+00:00,2393
c010cb,CYYC,YYC,Calgary,CYYZ,CYYC,CYYC,CYYZ,1757224130,1757293354,2025-09-07T05:48:50+00:00,2025-09-08T01:02:34+00:00,1153
c010cb,CYYZ,YYZ,Toronto,CYYC,CYYZ,CYYZ,CYUL,1757305283,1757343870,2025-09-08T04:21:23+00:00,2025-09-08T15:04:30+00:00,643
c010cb,CYUL,YUL,Montreal,CYYZ,CYUL,CYUL,CYYZ,1757347409,1757352530,2025-09-08T16:03:29+00:00,2025-09-08T17:28:50+00:00,85
c010cb,CYYZ,YYZ,Toronto,CYUL,CYYZ,CYYZ,CYUL,1757355760,1757362233,2025-09-08T18:22:40+00:00,2025-09-08T20:10:33+00:00,107
c010cb,CYUL,YUL,Montreal,CYYZ,CYUL,CYUL,CYYZ,1757365318,1757464715,2025-09-08T21:01:58+00:00,2025-09-10T00:38:35+00:00,1656
c010cb,CYYZ,YYZ,Toronto,CYUL,CYYZ,CYYZ,CYYC,1757467769,1757554283,2025-09-10T01:29:29+00:00,2025-09-11T01:31:23+00:00,1441
c010cb,CYYC,YYC,Calgary,CYYZ,CYYC,CYYC,CYYZ,1757567866,1757639236,2025-09-11T05:17:46+00:00,2025-09-12T01:07:16+00:00,1189
c010cb,CYYZ,YYZ,Toronto,CYYC,CYYZ,CYYZ,CYYC,1757651062,1757726378,2025-09-12T04:24:22+00:00,2025-09-13T01:19:38+00:00,1255
c010cb,CYYC,YYC,Calgary,CYYZ,CYYC,CYYC,CYYZ,1757739738,1757811623,2025-09-13T05:02:18+00:00,2025-09-14T01:00:23+00:00,1198
c010cb,CYYZ,YYZ,Toronto,CYYC,CYYZ,CYYZ,CYEG,1757824499,1757876677,2025-09-14T04:34:59+00:00,2025-09-14T19:04:37+00:00,869
c066dd,CYYC,YYC,Calgary,CYVR,CYYC,CYYC,CYVR,1756739501,1756745295,2025-09-01T15:11:41+00:00,2025-09-01T16:48:15+00:00,96
c066dd,CYUL,YUL,Montreal,CYYZ,CYUL,CYUL,CYYZ,1756929569,1756934764,2025-09-03T19:59:29+00:00,2025-09-03T21:26:04+00:00,86
c066dd,CYYZ,YYZ,Toronto,CYUL,CYYZ,CYYZ,CYUL,1757191916,1757219073,2025-09-06T20:51:56+00:00,2025-09-07T04:24:33+00:00,452
c066dd,CYUL,YUL,Montreal,CYYZ,CYUL,CYUL,CYYZ,1757221968,1757329835,2025-09-07T05:12:48+00:00,2025-09-08T11:10:35+00:00,1797
c066dd,CYYZ,YYZ,Toronto,CYUL,CYYZ,CYYZ,CYUL,1757333233,1757622841,2025-09-08T12:07:13+00:00,2025-09-11T20:34:01+00:00,4826
c066dd,CYUL,YUL,Montreal,CYYZ,CYUL,CYUL,CYVR,1757626395,1757698303,2025-09-11T21:33:15+00:00,2025-09-12T17:31:43+00:00,1198
c01cae,CYVR,YVR,Vancouver,CYEG,CYVR,CYVR,CYYC,1756704316,1756735600,2025-09-01T05:25:16+00:00,2025-09-01T14:06:40+00:00,521
c01cae,CYYC,YYC,Calgary,CYVR,CYYC,CYYC,CYVR,1756739334,1756834980,2025-09-01T15:08:54+00:00,2025-09-02T17:43:00+00:00,1594
c01cae,CYVR,YVR,Vancouver,CYYC,CYVR,CYVR,CYYC,1756838784,1756844363,2025-09-02T18:46:24+00:00,2025-09-02T20:19:23+00:00,92
c01cae,CYYZ,YYZ,Toronto,CYEG,CYYZ,CYYZ,CYYC,1756959052,1757074226,2025-09-04T04:10:52+00:00,2025-09-05T12:10:26+00:00,1919
c01cae,CYYC,YYC,Calgary,CYYZ,CYYC,CYYC,CYYZ,1757087382,1757094879,2025-09-05T15:49:42+00:00,2025-09-05T17:54:39+00:00,124
c01cae,CYYZ,YYZ,Toronto,CYYC,CYYZ,CYYZ,CYVR,1757155820,1757161989,2025-09-06T10:50:20+00:00,2025-09-06T12:33:09+00:00,102
c01cae,CYVR,YVR,Vancouver,CYYZ,CYVR,CYVR,CYYZ,1757178749,1757184676,2025-09-06T17:12:29+00:00,2025-09-06T18:51:16+00:00,98
c01cae,CYYZ,YYZ,Toronto,CYVR,CYYZ,CYYZ,CYVR,1757199269,1757261414,2025-09-06T22:54:29+00:00,2025-09-07T16:10:14+00:00,1035
c02f21,CYYC,YYC,Calgary,CYVR,CYYC,CYYC,CYVR,1756738679,1756743497,2025-09-01T14:57:59+00:00,2025-09-01T16:18:17+00:00,80
c02f21,CYVR,YVR,Vancouver,CYYC,CYVR,CYVR,CYYZ,1756747484,1757177457,2025-09-01T17:24:44+00:00,2025-09-06T16:50:57+00:00,7166
c02f21,CYVR,YVR,Vancouver,CYYC,CYVR,CYVR,CYYC,1757474272,1757536470,2025-09-10T03:17:52+00:00,2025-09-10T20:34:30+00:00,1036
c02f21,CYYC,YYC,Calgary,CYVR,CYYC,CYYC,CYVR,1757540483,1757549426,2025-09-10T21:41:23+00:00,2025-09-11T00:10:26+00:00,149
c02f21,CYVR,YVR,Vancouver,CYYC,CYVR,CYVR,CYEG,1757553055,1757651198,2025-09-11T01:10:55+00:00,2025-09-12T04:26:38+00:00,1635
c08106,CYYZ,YYZ,Toronto,CYVR,CYYZ,CYYZ,CYYC,1756748366,1756781014,2025-09-01T17:39:26+00:00,2025-09-02T02:43:34+00:00,544
c08106,CYYC,YYC,Calgary,CYYZ,CYYC,CYYC,CYVR,1756794898,1756847745,2025-09-02T06:34:58+00:00,2025-09-02T21:15:45+00:00,880
c08106,CYVR,YVR,Vancouver,CYYC,CYVR,CYVR,CYEG,1756851509,1756904499,2025-09-02T22:18:29+00:00,2025-09-03T13:01:39+00:00,883
c08106,CYEG,YEG,Edmonton,CYVR,CYEG,CYEG,CYVR,1756908809,1756915486,2025-09-03T14:13:29+00:00,2025-09-03T16:04:46+00:00,111
c08106,CYYZ,YYZ,Toronto,CYYC,CYYZ,CYYZ,CYYC,1757098193,1757125836,2025-09-05T18:49:53+00:00,2025-09-06T02:30:36+00:00,460
c08106,CYYC,YYC,Calgary,CYYZ,CYYC,CYYC,CYVR,1757139301,1757216352,2025-09-06T06:15:01+00:00,2025-09-07T03:39:12+00:00,1284
c05eb1,CYVR,YVR,Vancouver,CYYZ,CYVR,CYVR,CYYZ,1756712200,1756732216,2025-09-01T07:36:40+00:00,2025-09-01T13:10:16+00:00,333
c05eb1,CYYZ,YYZ,Toronto,CYVR,CYYZ,CYYZ,CYYC,1756747378,1756753366,2025-09-01T17:22:58+00:00,2025-09-01T19:02:46+00:00,99
c05eb1,CYYC,YYC,Calgary,CYYZ,CYYC,CYYC,CYYZ,1756767005,1756772889,2025-09-01T22:50:05+00:00,2025-09-02T00:28:09+00:00,98
c05eb1,CYYZ,YYZ,Toronto,CYYC,CYYZ,CYYZ,CYVR,1756785229,1756817050,2025-09-02T03:53:49+00:00,2025-09-02T12:44:10+00:00,530
c05eb1,CYVR,YVR,Vancouver,CYYZ,CYVR,CYVR,CYYZ,1756876494,1756881363,2025-09-03T05:14:54+00:00,2025-09-03T06:36:03+00:00,81
c05eb1,CYYZ,YYZ,Toronto,CYEG,CYYZ,CYYZ,CYVR,1756933550,1756948465,2025-09-03T21:05:50+00:00,2025-09-04T01:14:25+00:00,248
c05eb1,CYVR,YVR,Vancouver,CYYZ,CYVR,CYVR,CYYZ,1756964749,1756971210,2025-09-04T05:45:49+00:00,2025-09-04T07:33:30+00:00,107
c05eb1,CYYZ,YYZ,Toronto,CYVR,CYYZ,CYYZ,CYVR,1756987913,1756997910,2025-09-04T12:11:53+00:00,2025-09-04T14:58:30+00:00,166
c05eb1,CYYC,YYC,Calgary,CYYZ,CYYC,CYYC,CYYZ,1757084357,1757090671,2025-09-05T14:59:17+00:00,2025-09-05T16:44:31+00:00,105
c05eb1,CYYZ,YYZ,Toronto,CYYC,CYYZ,CYYZ,CYVR,1757176409,1757182568,2025-09-06T16:33:29+00:00,2025-09-06T18:16:08+00:00,102
c05eb1,CYVR,YVR,Vancouver,CYYZ,CYVR,CYVR,CYYZ,1757199306,1757205034,2025-09-06T22:55:06+00:00,2025-09-07T00:30:34+00:00,95
c05eb1,CYYZ,YYZ,Toronto,CYVR,CYYZ,CYYZ,CYVR,1757220020,1757239826,2025-09-07T04:40:20+00:00,2025-09-07T10:10:26+00:00,330
c05eb1,CYVR,YVR,Vancouver,CYYZ,CYVR,CYVR,CYYC,1757257180,1757308444,2025-09-07T14:59:40+00:00,2025-09-08T05:14:04+00:00,854
c05eb1,CYYC,YYC,Calgary,CYVR,CYYC,CYYC,CYVR,1757312180,1757334240,2025-09-08T06:16:20+00:00,2025-09-08T12:24:00+00:00,367
c05eb1,CYYZ,YYZ,Toronto,CYVR,CYYZ,CYYZ,CYYC,1757653676,1757675731,2025-09-12T05:07:56+00:00,2025-09-12T11:15:31+00:00,367
c05eb1,CYYC,YYC,Calgary,CYYZ,CYYC,CYYC,CYYZ,1757689989,1757695511,2025-09-12T15:13:09+00:00,2025-09-12T16:45:11+00:00,92
c05eb1,CYYZ,YYZ,Toronto,CYYC,CYYZ,CYYZ,CYVR,1757867606,1757873461,2025-09-14T16:33:26+00:00,2025-09-14T18:11:01+00:00,97
c05eb1,CYVR,YVR,Vancouver,CYYZ,CYVR,CYVR,CYYZ,1757889490,1757897152,2025-09-14T22:38:10+00:00,2025-09-15T00:45:52+00:00,127
c041b9,CYVR,YVR,Vancouver,CYYZ,CYVR,CYVR,CYYC,1756710316,1756732050,2025-09-01T07:05:16+00:00,2025-09-01T13:07:30+00:00,362
c041b9,CYYC,YYC,Calgary,CYVR,CYYC,CYYC,CYEG,1756735755,1756753930,2025-09-01T14:09:15+00:00,2025-09-01T19:12:10+00:00,302
c041b9,CYEG,YEG,Edmonton,CYYC,CYEG,CYEG,CYYC,1756755884,1756760359,2025-09-01T19:44:44+00:00,2025-09-01T20:59:19+00:00,74
c041b9,CYYC,YYC,Calgary,CYEG,CYYC,CYYC,CYYZ,1756762247,1756774396,2025-09-01T21:30:47+00:00,2025-09-02T00:53:16+00:00,202
c041b9,CYYZ,YYZ,Toronto,CYYC,CYYZ,CYYZ,CYVR,1756787309,1756915218,2025-09-02T04:28:29+00:00,2025-09-03T16:00:18+00:00,2131
c058d5,CYVR,YVR,Vancouver,CYYZ,CYVR,CYVR,CYYZ,1756707649,1756714081,2025-09-01T06:20:49+00:00,2025-09-01T08:08:01+00:00,107
c058d5,CYYZ,YYZ,Toronto,CYVR,CYYZ,CYYZ,CYVR,1756728363,1756994589,2025-09-01T12:06:03+00:00,2025-09-04T14:03:09+00:00,4437
c0473b,CYVR,YVR,Vancouver,CYYC,CYVR,CYVR,CYYC,1756702497,1756712597,2025-09-01T04:54:57+00:00,2025-09-01T07:43:17+00:00,168
c0473b,CYYC,YYC,Calgary,CYVR,CYYC,CYYC,CYVR,1756715987,1756785215,2025-09-01T08:39:47+00:00,2025-09-02T03:53:35+00:00,1153
c0473b,CYVR,YVR,Vancouver,CYYC,CYVR,CYVR,CYYC,1756788863,1756798329,2025-09-02T04:54:23+00:00,2025-09-02T07:32:09+00:00,157
c0473b,CYYC,YYC,Calgary,CYVR,CYYC,CYYC,CYVR,1756801734,1756873487,2025-09-02T08:28:54+00:00,2025-09-03T04:24:47+00:00,1195
c0473b,CYVR,YVR,Vancouver,CYYC,CYVR,CYVR,CYYC,1756877095,1756887783,2025-09-03T05:24:55+00:00,2025-09-03T08:23:03+00:00,178
c0473b,CYYC,YYC,Calgary,CYVR,CYYC,CYYC,CYVR,1756891199,1756959713,2025-09-03T09:19:59+00:00,2025-09-04T04:21:53+00:00,1141
c0473b,CYVR,YVR,Vancouver,CYYC,CYVR,CYVR,CYYC,1756963604,1756974183,2025-09-04T05:26:44+00:00,2025-09-04T08:23:03+00:00,176
c0473b,CYYC,YYC,Calgary,CYVR,CYYC,CYYC,CYVR,1756977674,1757045544,2025-09-04T09:21:14+00:00,2025-09-05T04:12:24+00:00,1131
c0473b,CYVR,YVR,Vancouver,CYYC,CYVR,CYVR,CYYC,1757049163,1757058819,2025-09-05T05:12:43+00:00,2025-09-05T07:53:39+00:00,160
c0473b,CYYC,YYC,Calgary,CYVR,CYYC,CYYC,CYVR,1757062234,1757132028,2025-09-05T08:50:34+00:00,2025-09-06T04:13:48+00:00,1163
c0473b,CYVR,YVR,Vancouver,CYYC,CYVR,CYVR,CYYC,1757135544,1757144463,2025-09-06T05:12:24+00:00,2025-09-06T07:41:03+00:00,148
c0473b,CYYC,YYC,Calgary,CYVR,CYYC,CYYC,CYVR,1757148077,1757218309,2025-09-06T08:41:17+00:00,2025-09-07T04:11:49+00:00,1170
c0473b,CYVR,YVR,Vancouver,CYYC,CYVR,CYVR,CYYC,1757222215,1757232303,2025-09-07T05:16:55+00:00,2025-09-07T08:05:03+00:00,168
c0473b,CYYC,YYC,Calgary,CYVR,CYYC,CYYC,CYVR,1757235809,1757391062,2025-09-07T09:03:29+00:00,2025-09-09T04:11:02+00:00,2587
c0473b,CYVR,YVR,Vancouver,CYYC,CYVR,CYVR,CYYC,1757394778,1757404835,2025-09-09T05:12:58+00:00,2025-09-09T08:00:35+00:00,167
c0473b,CYYC,YYC,Calgary,CYVR,CYYC,CYYC,CYVR,1757408541,1757476905,2025-09-09T09:02:21+00:00,2025-09-10T04:01:45+00:00,1139
c0473b,CYVR,YVR,Vancouver,CYYC,CYVR,CYVR,CYYC,1757480396,1757490920,2025-09-10T04:59:56+00:00,2025-09-10T07:55:20+00:00,175
c0473b,CYYC,YYC,Calgary,CYVR,CYYC,CYYC,CYVR,1757494575,1757563995,2025-09-10T08:56:15+00:00,2025-09-11T04:13:15+00:00,1157
c0473b,CYVR,YVR,Vancouver,CYYC,CYVR,CYVR,CYYC,1757567420,1757578451,2025-09-11T05:10:20+00:00,2025-09-11T08:14:11+00:00,183
c0473b,CYYC,YYC,Calgary,CYVR,CYYC,CYYC,CYVR,1757582141,1757650885,2025-09-11T09:15:41+00:00,2025-09-12T04:21:25+00:00,1145
c0473b,CYVR,YVR,Vancouver,CYYC,CYVR,CYVR,CYYC,1757654755,1757662929,2025-09-12T05:25:55+00:00,2025-09-12T07:42:09+00:00,136
c0473b,CYYC,YYC,Calgary,CYVR,CYYC,CYYC,CYVR,1757666729,1757737005,2025-09-12T08:45:29+00:00,2025-09-13T04:16:45+00:00,1171
c0473b,CYVR,YVR,Vancouver,CYYC,CYVR,CYVR,CYYC,1757740845,1757750684,2025-09-13T05:20:45+00:00,2025-09-13T08:04:44+00:00,163
c0473b,CYYC,YYC,Calgary,CYVR,CYYC,CYYC,CYVR,1757754172,1757909140,2025-09-13T09:02:52+00:00,2025-09-15T04:05:40+00:00,2582
c0473b,CYVR,YVR,Vancouver,CYYC,CYVR,CYVR,CYYC,1757912784,1757923384,2025-09-15T05:06:24+00:00,2025-09-15T08:03:04+00:00,176
c0307c,CYYZ,YYZ,Toronto,CYVR,CYYZ,CYYZ,CYVR,1756727543,1756733804,2025-09-01T11:52:23+00:00,2025-09-01T13:36:44+00:00,104
c0307c,CYVR,YVR,Vancouver,CYYZ,CYVR,CYVR,CYYZ,1756749869,1756792763,2025-09-01T18:04:29+00:00,2025-09-02T05:59:23+00:00,714
c0307c,CYYZ,YYZ,Toronto,CYUL,CYYZ,CYYZ,CYUL,1756991518,1757240580,2025-09-04T13:11:58+00:00,2025-09-07T10:23:00+00:00,4151
c0307c,CYUL,YUL,Montreal,CYYZ,CYUL,CYUL,CYYZ,1757244680,1757331436,2025-09-07T11:31:20+00:00,2025-09-08T11:37:16+00:00,1445
c0307c,CYYZ,YYZ,Toronto,CYUL,CYYZ,CYYZ,CYUL,1757334737,1757416751,2025-09-08T12:32:17+00:00,2025-09-09T11:19:11+00:00,1366
c0307c,CYUL,YUL,Montreal,CYYZ,CYUL,CYUL,CYYZ,1757420339,1757428292,2025-09-09T12:18:59+00:00,2025-09-09T14:31:32+00:00,132
c0307c,CYYZ,YYZ,Toronto,CYUL,CYYZ,CYYZ,CYVR,1757431498,1757859641,2025-09-09T15:24:58+00:00,2025-09-14T14:20:41+00:00,7135
c0534e,CYVR,YVR,Vancouver,CYYZ,CYVR,CYVR,CYYZ,1756706458,1756711849,2025-09-01T06:00:58+00:00,2025-09-01T07:30:49+00:00,89
c0534e,CYYZ,YYZ,Toronto,CYVR,CYYZ,CYYZ,CYVR,1756727249,1756735361,2025-09-01T11:47:29+00:00,2025-09-01T14:02:41+00:00,135
c0534e,CYVR,YVR,Vancouver,CYYZ,CYVR,CYVR,CYYZ,1756965894,1756970885,2025-09-04T06:04:54+00:00,2025-09-04T07:28:05+00:00,83
c0534e,CYYZ,YYZ,Toronto,CYVR,CYYZ,CYYZ,CYYC,1756985568,1757098839,2025-09-04T11:32:48+00:00,2025-09-05T19:00:39+00:00,1887
c0534e,CYYC,YYC,Calgary,CYVR,CYYC,CYYC,CYVR,1757384007,1757388210,2025-09-09T02:13:27+00:00,2025-09-09T03:23:30+00:00,70
c0534e,CYVR,YVR,Vancouver,CYYC,CYVR,CYVR,CYYZ,1757391918,1757397428,2025-09-09T04:25:18+00:00,2025-09-09T05:57:08+00:00,91
c0534e,CYYZ,YYZ,Toronto,CYVR,CYYZ,CYYZ,CYVR,1757413228,1757426387,2025-09-09T10:20:28+00:00,2025-09-09T13:59:47+00:00,219
c0534e,CYYC,YYC,Calgary,CYYZ,CYYC,CYYC,CYYZ,1757544704,1757550448,2025-09-10T22:51:44+00:00,2025-09-11T00:27:28+00:00,95
c0534e,CYYZ,YYZ,Toronto,CYYC,CYYZ,CYYZ,CYVR,1757563075,1757813235,2025-09-11T03:57:55+00:00,2025-09-14T01:27:15+00:00,4169
c0534e,CYVR,YVR,Vancouver,CYYZ,CYVR,CYVR,CYYZ,1757829079,1757834106,2025-09-14T05:51:19+00:00,2025-09-14T07:15:06+00:00,83
c0534e,CYYZ,YYZ,Toronto,CYVR,CYYZ,CYYZ,CYEG,1757849667,1757860480,2025-09-14T11:34:27+00:00,2025-09-14T14:34:40+00:00,180
c0534e,CYYC,YYC,Calgary,CYYZ,CYYC,CYYC,CYYZ,1757913925,1757919434,2025-09-15T05:25:25+00:00,2025-09-15T06:57:14+00:00,91
c0534e,CYYZ,YYZ,Toronto,CYYC,CYYZ,CYYZ,CYYC,1757932859,1757962655,2025-09-15T10:40:59+00:00,2025-09-15T18:57:35+00:00,496
c05067,CYYC,YYC,Calgary,CYVR,CYYC,CYYC,CYVR,1757298277,1757337521,2025-09-08T02:24:37+00:00,2025-09-08T13:18:41+00:00,654
c05067,CYVR,YVR,Vancouver,CYYC,CYVR,CYVR,CYYC,1757341390,1757395211,2025-09-08T14:23:10+00:00,2025-09-09T05:20:11+00:00,897
c05067,CYYC,YYC,Calgary,CYVR,CYYC,CYYC,CYVR,1757399069,1757428412,2025-09-09T06:24:29+00:00,2025-09-09T14:33:32+00:00,489
c03f37,CYUL,YUL,Montreal,CYVR,CYUL,CYUL,CYVR,1756726738,1756732299,2025-09-01T11:38:58+00:00,2025-09-01T13:11:39+00:00,92
c03f37,CYVR,YVR,Vancouver,CYYZ,CYVR,CYVR,CYYZ,1756883086,1756924511,2025-09-03T07:04:46+00:00,2025-09-03T18:35:11+00:00,690
c03f37,CYYC,YYC,Calgary,CYVR,CYYC,CYYC,CYYZ,1757824888,1757833697,2025-09-14T04:41:28+00:00,2025-09-14T07:08:17+00:00,146
c0583a,CYYZ,YYZ,Toronto,CYVR,CYYZ,CYYZ,CYYC,1756723258,1756731078,2025-09-01T10:40:58+00:00,2025-09-01T12:51:18+00:00,130
c0583a,CYYC,YYC,Calgary,CYYZ,CYYC,CYYC,CYYZ,1756744485,1756752335,2025-09-01T16:34:45+00:00,2025-09-01T18:45:35+00:00,130
c0360e,CYYZ,YYZ,Toronto,CYVR,CYYZ,CYYZ,CYYC,1756723670,1756990415,2025-09-01T10:47:50+00:00,2025-09-04T12:53:35+00:00,4445
c0360e,CYYC,YYC,Calgary,CYVR,CYYC,CYYC,CYVR,1757212049,1757217991,2025-09-07T02:27:29+00:00,2025-09-07T04:06:31+00:00,99
c0360e,CYVR,YVR,Vancouver,CYYC,CYVR,CYVR,CYYC,1757222024,1757419614,2025-09-07T05:13:44+00:00,2025-09-09T12:06:54+00:00,3293
c0360e,CYYC,YYC,Calgary,CYVR,CYYC,CYYC,CYEG,1757423485,1757648348,2025-09-09T13:11:25+00:00,2025-09-12T03:39:08+00:00,3747
c0360e,CYYC,YYC,Calgary,CYVR,CYYC,CYYC,CYVR,1757815414,1757822682,2025-09-14T02:03:34+00:00,2025-09-14T04:04:42+00:00,121
c0360e,CYVR,YVR,Vancouver,CYYC,CYVR,CYVR,CYEG,1757826744,1757857070,2025-09-14T05:12:24+00:00,2025-09-14T13:37:50+00:00,505
c0501e,CYYZ,YYZ,Toronto,CYUL,CYYZ,CYYZ,CYUL,1756782923,1756809396,2025-09-02T03:15:23+00:00,2025-09-02T10:36:36+00:00,441
c0501e,CYYZ,YYZ,Toronto,CYVR,CYYZ,CYYZ,CYVR,1757065099,1757258585,2025-09-05T09:38:19+00:00,2025-09-07T15:23:05+00:00,3224
c0332c,CYYC,YYC,Calgary,CYVR,CYYC,CYYC,CYUL,1756708169,1756728637,2025-09-01T06:29:29+00:00,2025-09-01T12:10:37+00:00,341
c0332c,CYUL,YUL,Montreal,CYYC,CYUL,CYUL,CYYZ,1756742664,1756915714,2025-09-01T16:04:24+00:00,2025-09-03T16:08:34+00:00,2884
c0332c,CYYZ,YYZ,Toronto,CYUL,CYYZ,CYYZ,CYUL,1756918721,1757009560,2025-09-03T16:58:41+00:00,2025-09-04T18:12:40+00:00,1513
c0332c,CYUL,YUL,Montreal,CYYZ,CYUL,CYUL,CYEG,1757676437,1757765591,2025-09-12T11:27:17+00:00,2025-09-13T12:13:11+00:00,1485
c0332c,CYUL,YUL,Montreal,CYYC,CYUL,CYUL,CYYZ,1757865322,1757938084,2025-09-14T15:55:22+00:00,2025-09-15T12:08:04+00:00,1212
c0332c,CYYZ,YYZ,Toronto,CYUL,CYYZ,CYYZ,CYYC,1757941642,1757952936,2025-09-15T13:07:22+00:00,2025-09-15T16:15:36+00:00,188
c06175,CYYZ,YYZ,Toronto,CYVR,CYYZ,CYYZ,CYUL,1756719563,1756727101,2025-09-01T09:39:23+00:00,2025-09-01T11:45:01+00:00,125
c06175,CYUL,YUL,Montreal,CYYZ,CYUL,CYUL,CYYZ,1756730713,1756736221,2025-09-01T12:45:13+00:00,2025-09-01T14:17:01+00:00,91
c06175,CYYZ,YYZ,Toronto,CYUL,CYYZ,CYYZ,CYVR,1756739286,1756744383,2025-09-01T15:08:06+00:00,2025-09-01T16:33:03+00:00,84
c08260,CYVR,YVR,Vancouver,CYYC,CYVR,CYVR,CYYC,1756695136,1756699926,2025-09-01T02:52:16+00:00,2025-09-01T04:12:06+00:00,79
c04eb6,CYYZ,YYZ,Toronto,CYVR,CYYZ,CYYZ,CYVR,1756713998,1757005475,2025-09-01T08:06:38+00:00,2025-09-04T17:04:35+00:00,4857
c04eb6,CYVR,YVR,Vancouver,CYYZ,CYVR,CYVR,CYYZ,1757021424,1757033961,2025-09-04T21:30:24+00:00,2025-09-05T00:59:21+00:00,208
c04eb6,CYYZ,YYZ,Toronto,CYVR,CYYZ,CYYZ,CYVR,1757048630,1757635209,2025-09-05T05:03:50+00:00,2025-09-12T00:00:09+00:00,9776
c04eb6,CYVR,YVR,Vancouver,CYYZ,CYVR,CYVR,CYYZ,1757651502,1757658368,2025-09-12T04:31:42+00:00,2025-09-12T06:26:08+00:00,114
c04eb6,CYYZ,YYZ,Toronto,CYVR,CYYZ,CYYZ,CYVR,1757673208,1757696287,2025-09-12T10:33:28+00:00,2025-09-12T16:58:07+00:00,384
c04eb6,CYVR,YVR,Vancouver,CYYZ,CYVR,CYVR,CYYZ,1757713190,1757726936,2025-09-12T21:39:50+00:00,2025-09-13T01:28:56+00:00,229
c04eb6,CYYZ,YYZ,Toronto,CYVR,CYYZ,CYYZ,CYVR,1757741149,1757871001,2025-09-13T05:25:49+00:00,2025-09-14T17:30:01+00:00,2164
c04eb6,CYVR,YVR,Vancouver,CYYZ,CYVR,CYVR,CYYZ,1757887643,1757898233,2025-09-14T22:07:23+00:00,2025-09-15T01:03:53+00:00,176
c04eb6,CYYZ,YYZ,Toronto,CYVR,CYYZ,CYYZ,CYVR,1757913265,1757958244,2025-09-15T05:14:25+00:00,2025-09-15T17:44:04+00:00,749
c02ae3,CYYC,YYC,Calgary,CYVR,CYYC,CYYC,CYVR,1756698762,1756959594,2025-09-01T03:52:42+00:00,2025-09-04T04:19:54+00:00,4347
c02ae3,CYVR,YVR,Vancouver,CYEG,CYVR,CYVR,CYUL,1757036939,1757054141,2025-09-05T01:48:59+00:00,2025-09-05T06:35:41+00:00,286
c02ae3,CYUL,YUL,Montreal,CYVR,CYUL,CYUL,CYVR,1757070239,1757075793,2025-09-05T11:03:59+00:00,2025-09-05T12:36:33+00:00,92
c02ae3,CYVR,YVR,Vancouver,CYUL,CYVR,CYVR,CYYZ,1757092730,1757204499,2025-09-05T17:18:50+00:00,2025-09-07T00:21:39+00:00,1862
c02ae3,CYYZ,YYZ,Toronto,CYVR,CYYZ,CYYZ,CYVR,1757218974,1757241352,2025-09-07T04:22:54+00:00,2025-09-07T10:35:52+00:00,372
c02ae3,CYVR,YVR,Vancouver,CYYZ,CYVR,CYVR,CYYZ,1757258309,1757265980,2025-09-07T15:18:29+00:00,2025-09-07T17:26:20+00:00,127
c02ae3,CYYZ,YYZ,Toronto,CYVR,CYYZ,CYYZ,CYUL,1757325222,1757733047,2025-09-08T09:53:42+00:00,2025-09-13T03:10:47+00:00,6797
c02ae3,CYUL,YUL,Montreal,CYYZ,CYUL,CYUL,CYYC,1757736554,1757762822,2025-09-13T04:09:14+00:00,2025-09-13T11:27:02+00:00,437
c02ae3,CYYC,YYC,Calgary,CYUL,CYYC,CYYC,CYUL,1757777053,1757810369,2025-09-13T15:24:13+00:00,2025-09-14T00:39:29+00:00,555
c02ae3,CYUL,YUL,Montreal,CYYC,CYUL,CYUL,CYYC,1757823956,1757848803,2025-09-14T04:25:56+00:00,2025-09-14T11:20:03+00:00,414
c02ae3,CYYC,YYC,Calgary,CYVR,CYYC,CYYC,CYVR,1757907238,1757915074,2025-09-15T03:33:58+00:00,2025-09-15T05:44:34+00:00,130
c02ae3,CYVR,YVR,Vancouver,CYYC,CYVR,CYVR,CYYC,1757919026,1757945626,2025-09-15T06:50:26+00:00,2025-09-15T14:13:46+00:00,443
c02ae3,CYYC,YYC,Calgary,CYVR,CYYC,CYYC,CYYZ,1757949626,1757958060,2025-09-15T15:20:26+00:00,2025-09-15T17:41:00+00:00,140
c08081,CYYZ,YYZ,Toronto,CYVR,CYYZ,CYYZ,CYVR,1757018071,1757328429,2025-09-04T20:34:31+00:00,2025-09-08T10:47:09+00:00,5172
c08081,CYVR,YVR,Vancouver,CYYZ,CYVR,CYVR,CYYZ,1757345681,1757396803,2025-09-08T15:34:41+00:00,2025-09-09T05:46:43+00:00,852
c08081,CYYZ,YYZ,Toronto,CYVR,CYYZ,CYYZ,CYVR,1757412929,1757426434,2025-09-09T10:15:29+00:00,2025-09-09T14:00:34+00:00,225
c08081,CYVR,YVR,Vancouver,CYYZ,CYVR,CYVR,CYYC,1757444294,1757654733,2025-09-09T18:58:14+00:00,2025-09-12T05:25:33+00:00,3507
c08081,CYYC,YYC,Calgary,CYVR,CYYC,CYYC,CYYZ,1757658646,1757690523,2025-09-12T06:30:46+00:00,2025-09-12T15:22:03+00:00,531
c08081,CYYZ,YYZ,Toronto,CYYC,CYYZ,CYYZ,CYYC,1757702684,1757730445,2025-09-12T18:44:44+00:00,2025-09-13T02:27:25+00:00,462
c08081,CYYC,YYC,Calgary,CYYZ,CYYC,CYYC,CYVR,1757744353,1757776500,2025-09-13T06:19:13+00:00,2025-09-13T15:15:00+00:00,535
c05086,CYYC,YYC,Calgary,CYVR,CYYC,CYYC,CYVR,1756694003,1756730031,2025-09-01T02:33:23+00:00,2025-09-01T12:33:51+00:00,600
c05086,CYVR,YVR,Vancouver,CYYC,CYVR,CYVR,CYYC,1756734158,1756844714,2025-09-01T13:42:38+00:00,2025-09-02T20:25:14+00:00,1842
c05086,CYYC,YYC,Calgary,CYVR,CYYC,CYYC,CYVR,1756865361,1756910705,2025-09-03T02:09:21+00:00,2025-09-03T14:45:05+00:00,755
c05086,CYVR,YVR,Vancouver,CYYC,CYVR,CYVR,CYUL,1756914321,1756966981,2025-09-03T15:45:21+00:00,2025-09-04T06:23:01+00:00,877
c05086,CYVR,YVR,Vancouver,CYYC,CYVR,CYVR,CYYC,1757081183,1757189413,2025-09-05T14:06:23+00:00,2025-09-06T20:10:13+00:00,1803
c05086,CYYC,YYC,Calgary,CYVR,CYYC,CYYC,CYYZ,1757213391,1757226810,2025-09-07T02:49:51+00:00,2025-09-07T06:33:30+00:00,223
c05086,CYVR,YVR,Vancouver,CYUL,CYVR,CYVR,CYYZ,1757314660,1757337044,2025-09-08T06:57:40+00:00,2025-09-08T13:10:44+00:00,373
c05086,CYYC,YYC,Calgary,CYVR,CYYC,CYYC,CYVR,1757389760,1757420430,2025-09-09T03:49:20+00:00,2025-09-09T12:20:30+00:00,511
c05086,CYVR,YVR,Vancouver,CYYC,CYVR,CYVR,CYUL,1757424067,1757830808,2025-09-09T13:21:07+00:00,2025-09-14T06:20:08+00:00,6779
c05086,CYUL,YUL,Montreal,CYVR,CYUL,CYUL,CYYZ,1757847206,1757851892,2025-09-14T10:53:26+00:00,2025-09-14T12:11:32+00:00,78
c05086,CYYZ,YYZ,Toronto,CYUL,CYYZ,CYYZ,CYVR,1757854974,1757865918,2025-09-14T13:02:54+00:00,2025-09-14T16:05:18+00:00,182
c01e11,CYYC,YYC,Calgary,CYVR,CYYC,CYYC,CYVR,1756693370,1756697858,2025-09-01T02:22:50+00:00,2025-09-01T03:37:38+00:00,74
c01e11,CYVR,YVR,Vancouver,CYYC,CYVR,CYVR,CYYC,1756702008,1756997403,2025-09-01T04:46:48+00:00,2025-09-04T14:50:03+00:00,4923
c01e11,CYYC,YYC,Calgary,CYVR,CYYC,CYYC,CYVR,1757001387,1757007271,2025-09-04T15:56:27+00:00,2025-09-04T17:34:31+00:00,98
c01e11,CYVR,YVR,Vancouver,CYEG,CYVR,CYVR,CYYZ,1757047045,1757051899,2025-09-05T04:37:25+00:00,2025-09-05T05:58:19+00:00,80
c01e11,CYYZ,YYZ,Toronto,CYVR,CYYZ,CYYZ,CYVR,1757067387,1757073544,2025-09-05T10:16:27+00:00,2025-09-05T11:59:04+00:00,102
c01e11,CYVR,YVR,Vancouver,CYYZ,CYVR,CYVR,CYYC,1757089973,1757095253,2025-09-05T16:32:53+00:00,2025-09-05T18:00:53+00:00,88
c01e11,CYYC,YYC,Calgary,CYVR,CYYC,CYYC,CYVR,1757099495,1757103828,2025-09-05T19:11:35+00:00,2025-09-05T20:23:48+00:00,72
c01e11,CYVR,YVR,Vancouver,CYYC,CYVR,CYVR,CYYC,1757126005,1757170239,2025-09-06T02:33:25+00:00,2025-09-06T14:50:39+00:00,737
c01e11,CYYC,YYC,Calgary,CYVR,CYYC,CYYC,CYVR,1757174124,1757179163,2025-09-06T15:55:24+00:00,2025-09-06T17:19:23+00:00,83
c01e11,CYVR,YVR,Vancouver,CYYC,CYVR,CYVR,CYEG,1757183351,1757187810,2025-09-06T18:29:11+00:00,2025-09-06T19:43:30+00:00,74
c01e11,CYVR,YVR,Vancouver,CYYC,CYVR,CYVR,CYYZ,1757643381,1757656464,2025-09-12T02:16:21+00:00,2025-09-12T05:54:24+00:00,218
c01e11,CYYZ,YYZ,Toronto,CYVR,CYYZ,CYYZ,CYVR,1757671605,1757677530,2025-09-12T10:06:45+00:00,2025-09-12T11:45:30+00:00,98
c01e11,CYVR,YVR,Vancouver,CYYZ,CYVR,CYVR,CYYC,1757694626,1757699914,2025-09-12T16:30:26+00:00,2025-09-12T17:58:34+00:00,88
c01e11,CYYC,YYC,Calgary,CYVR,CYYC,CYYC,CYVR,1757703821,1757708675,2025-09-12T19:03:41+00:00,2025-09-12T20:24:35+00:00,80
c01e11,CYVR,YVR,Vancouver,CYYC,CYVR,CYVR,CYYZ,1757731219,1757743246,2025-09-13T02:40:19+00:00,2025-09-13T06:00:46+00:00,200
c01e11,CYYZ,YYZ,Toronto,CYVR,CYYZ,CYYZ,CYVR,1757758696,1757763961,2025-09-13T10:18:16+00:00,2025-09-13T11:46:01+00:00,87
c01e11,CYVR,YVR,Vancouver,CYYZ,CYVR,CYVR,CYYC,1757780486,1757790184,2025-09-13T16:21:26+00:00,2025-09-13T19:03:04+00:00,161
c01e11,CYYC,YYC,Calgary,CYVR,CYYC,CYYC,CYVR,1757816366,1757821037,2025-09-14T02:19:26+00:00,2025-09-14T03:37:17+00:00,77
c010f6,CYYZ,YYZ,Toronto,CYVR,CYYZ,CYYZ,CYYC,1756702333,1756722541,2025-09-01T04:52:13+00:00,2025-09-01T10:29:01+00:00,336
c010f6,CYYC,YYC,Calgary,CYYZ,CYYC,CYYC,CYYZ,1756736837,1756741610,2025-09-01T14:27:17+00:00,2025-09-01T15:46:50+00:00,79
c010f6,CYYZ,YYZ,Toronto,CYVR,CYYZ,CYYZ,CYYC,1756960929,1756994134,2025-09-04T04:42:09+00:00,2025-09-04T13:55:34+00:00,553
c010f6,CYYC,YYC,Calgary,CYYZ,CYYC,CYYC,CYYZ,1757007854,1757012675,2025-09-04T17:44:14+00:00,2025-09-04T19:04:35+00:00,80
c010f6,CYYZ,YYZ,Toronto,CYYC,CYYZ,CYYZ,CYVR,1757023871,1757030531,2025-09-04T22:11:11+00:00,2025-09-05T00:02:11+00:00,111
c010f6,CYVR,YVR,Vancouver,CYYZ,CYVR,CYVR,CYYZ,1757046256,1757055663,2025-09-05T04:24:16+00:00,2025-09-05T07:01:03+00:00,156
c010f6,CYYZ,YYZ,Toronto,CYVR,CYYZ,CYYZ,CYEG,1757070102,1757075911,2025-09-05T11:01:42+00:00,2025-09-05T12:38:31+00:00,96
c010f6,CYYZ,YYZ,Toronto,CYYC,CYYZ,CYYZ,CYYC,1757179469,1757185293,2025-09-06T17:24:29+00:00,2025-09-06T19:01:33+00:00,97
c010f6,CYYC,YYC,Calgary,CYYZ,CYYC,CYYC,CYYZ,1757199200,1757203563,2025-09-06T22:53:20+00:00,2025-09-07T00:06:03+00:00,72
c010f6,CYYZ,YYZ,Toronto,CYYC,CYYZ,CYYZ,CYYC,1757215466,1757243650,2025-09-07T03:24:26+00:00,2025-09-07T11:14:10+00:00,469
c010f6,CYYC,YYC,Calgary,CYYZ,CYYC,CYYC,CYYZ,1757256727,1757263367,2025-09-07T14:52:07+00:00,2025-09-07T16:42:47+00:00,110
c010f6,CYYZ,YYZ,Toronto,CYVR,CYYZ,CYYZ,CYVR,1757357531,1757377306,2025-09-08T18:52:11+00:00,2025-09-09T00:21:46+00:00,329
c010f6,CYVR,YVR,Vancouver,CYYZ,CYVR,CYVR,CYYZ,1757394290,1757399640,2025-09-09T05:04:50+00:00,2025-09-09T06:34:00+00:00,89
c010f6,CYYZ,YYZ,Toronto,CYVR,CYYZ,CYYZ,CYYC,1757414969,1757423824,2025-09-09T10:49:29+00:00,2025-09-09T13:17:04+00:00,147
c010f6,CYYC,YYC,Calgary,CYYZ,CYYC,CYYC,CYYZ,1757437444,1757443399,2025-09-09T17:04:04+00:00,2025-09-09T18:43:19+00:00,99
c010f6,CYYZ,YYZ,Toronto,CYYC,CYYZ,CYYZ,CYVR,1757456184,1757464401,2025-09-09T22:16:24+00:00,2025-09-10T00:33:21+00:00,136
c010f6,CYVR,YVR,Vancouver,CYYZ,CYVR,CYVR,CYYZ,1757480570,1757486177,2025-09-10T05:02:50+00:00,2025-09-10T06:36:17+00:00,93
c010f6,CYYZ,YYZ,Toronto,CYYC,CYYZ,CYYZ,CYVR,1757694873,1757700093,2025-09-12T16:34:33+00:00,2025-09-12T18:01:33+00:00,87
c010f6,CYVR,YVR,Vancouver,CYYZ,CYVR,CYVR,CYYZ,1757716559,1757724064,2025-09-12T22:35:59+00:00,2025-09-13T00:41:04+00:00,125
c010f6,CYYZ,YYZ,Toronto,CYVR,CYYZ,CYYZ,CYVR,1757738994,1757758656,2025-09-13T04:49:54+00:00,2025-09-13T10:17:36+00:00,327
c010f6,CYVR,YVR,Vancouver,CYYZ,CYVR,CYVR,CYEG,1757776138,1757781859,2025-09-13T15:08:58+00:00,2025-09-13T16:44:19+00:00,95
c010f6,CYVR,YVR,Vancouver,CYYZ,CYVR,CYVR,CYYZ,1757863875,1757870861,2025-09-14T15:31:15+00:00,2025-09-14T17:27:41+00:00,116
c010f6,CYYZ,YYZ,Toronto,CYEG,CYYZ,CYYZ,CYVR,1757951933,1757956773,2025-09-15T15:58:53+00:00,2025-09-15T17:19:33+00:00,80
c03517,CYYZ,YYZ,Toronto,CYVR,CYYZ,CYYZ,CYVR,1756701989,1756722870,2025-09-01T04:46:29+00:00,2025-09-01T10:34:30+00:00,348
c03517,CYVR,YVR,Vancouver,CYYZ,CYVR,CYVR,CYYC,1756739865,1756827848,2025-09-01T15:17:45+00:00,2025-09-02T15:44:08+00:00,1466
c03517,CYYC,YYC,Calgary,CYVR,CYYC,CYYC,CYVR,1756831688,1757031693,2025-09-02T16:48:08+00:00,2025-09-05T00:21:33+00:00,3333
c03517,CYVR,YVR,Vancouver,CYYC,CYVR,CYVR,CYYC,1757035247,1757250693,2025-09-05T01:20:47+00:00,2025-09-07T13:11:33+00:00,3590
c03517,CYYC,YYC,Calgary,CYVR,CYYC,CYYC,CYVR,1757254438,1757377394,2025-09-07T14:13:58+00:00,2025-09-09T00:23:14+00:00,2049
c03517,CYVR,YVR,Vancouver,CYYC,CYVR,CYVR,CYYC,1757381097,1757385376,2025-09-09T01:24:57+00:00,2025-09-09T02:36:16+00:00,71
c03517,CYYC,YYC,Calgary,CYVR,CYYC,CYYC,CYYZ,1757389256,1757434802,2025-09-09T03:40:56+00:00,2025-09-09T16:20:02+00:00,759
c03517,CYVR,YVR,Vancouver,CYYC,CYVR,CYVR,CYYC,1757566398,1757595952,2025-09-11T04:53:18+00:00,2025-09-11T13:05:52+00:00,492
c03517,CYYC,YYC,Calgary,CYVR,CYYC,CYYC,CYYZ,1757599978,1757790965,2025-09-11T14:12:58+00:00,2025-09-13T19:16:05+00:00,3183
c03517,CYYZ,YYZ,Toronto,CYYC,CYYZ,CYYZ,CYYC,1757803736,1757859860,2025-09-13T22:48:56+00:00,2025-09-14T14:24:20+00:00,935
c03517,CYYC,YYC,Calgary,CYYZ,CYYC,CYYC,CYVR,1757873573,1757949603,2025-09-14T18:12:53+00:00,2025-09-15T15:20:03+00:00,1267
c03517,CYVR,YVR,Vancouver,CYYC,CYVR,CYVR,CYYC,1757953594,1757958030,2025-09-15T16:26:34+00:00,2025-09-15T17:40:30+00:00,73
c00d51,CYYZ,YYZ,Toronto,CYVR,CYYZ,CYYZ,CYYC,1756701464,1756836456,2025-09-01T04:37:44+00:00,2025-09-02T18:07:36+00:00,2249
c00d51,CYYC,YYC,Calgary,CYYZ,CYYC,CYYC,CYVR,1756850502,1757276955,2025-09-02T22:01:42+00:00,2025-09-07T20:29:15+00:00,7107
c00d51,CYVR,YVR,Vancouver,CYYC,CYVR,CYVR,CYEG,1757280898,1757426160,2025-09-07T21:34:58+00:00,2025-09-09T13:56:00+00:00,2421
c00d51,CYYC,YYC,Calgary,CYVR,CYYC,CYYC,CYVR,1757647017,1757651394,2025-09-12T03:16:57+00:00,2025-09-12T04:29:54+00:00,72
c00d51,CYVR,YVR,Vancouver,CYYC,CYVR,CYVR,CYEG,1757655264,1757685793,2025-09-12T05:34:24+00:00,2025-09-12T14:03:13+00:00,508
c00d51,CYYC,YYC,Calgary,CYVR,CYYC,CYYC,CYEG,1757707733,1757818980,2025-09-12T20:08:53+00:00,2025-09-14T03:03:00+00:00,1854
c00d51,CYVR,YVR,Vancouver,CYYC,CYVR,CYVR,CYYZ,1757912146,1757918165,2025-09-15T04:55:46+00:00,2025-09-15T06:36:05+00:00,100
c00d51,CYYZ,YYZ,Toronto,CYVR,CYYZ,CYYZ,CYVR,1757934715,1757939381,2025-09-15T11:11:55+00:00,2025-09-15T12:29:41+00:00,77
c00d51,CYVR,YVR,Vancouver,CYYZ,CYVR,CYVR,CYYC,1757954990,1757959279,2025-09-15T16:49:50+00:00,2025-09-15T18:01:19+00:00,71
c00d51,CYYC,YYC,Calgary,CYVR,CYYC,CYYC,CYVR,1757963448,1757968785,2025-09-15T19:10:48+00:00,2025-09-15T20:39:45+00:00,88
c05ea6,CYYZ,YYZ,Toronto,CYVR,CYYZ,CYYZ,CYUL,1756700932,1756724610,2025-09-01T04:28:52+00:00,2025-09-01T11:03:30+00:00,394
c05ea6,CYUL,YUL,Montreal,CYYZ,CYUL,CYUL,CYYZ,1756728263,1756734048,2025-09-01T12:04:23+00:00,2025-09-01T13:40:48+00:00,96
c05ea6,CYYZ,YYZ,Toronto,CYUL,CYYZ,CYYZ,CYUL,1756737291,1756742462,2025-09-01T14:34:51+00:00,2025-09-01T16:01:02+00:00,86
c05ea6,CYUL,YUL,Montreal,CYYZ,CYUL,CYUL,CYYZ,1756746074,1756750620,2025-09-01T17:01:14+00:00,2025-09-01T18:17:00+00:00,75
c05ea6,CYYZ,YYZ,Toronto,CYUL,CYYZ,CYYZ,CYUL,1756753919,1756814940,2025-09-01T19:11:59+00:00,2025-09-02T12:09:00+00:00,1017
c05ea6,CYUL,YUL,Montreal,CYYZ,CYUL,CYUL,CYYZ,1756818399,1756823650,2025-09-02T13:06:39+00:00,2025-09-02T14:34:10+00:00,87
c05ea6,CYYZ,YYZ,Toronto,CYUL,CYYZ,CYYZ,CYVR,1756826995,1756831990,2025-09-02T15:29:55+00:00,2025-09-02T16:53:10+00:00,83
c05ea6,CYYZ,YYZ,Toronto,CYEG,CYYZ,CYYZ,CYVR,1757043057,1757087371,2025-09-05T03:30:57+00:00,2025-09-05T15:49:31+00:00,738
c05ea6,CYVR,YVR,Vancouver,CYYZ,CYVR,CYVR,CYYZ,1757173094,1757179728,2025-09-06T15:38:14+00:00,2025-09-06T17:28:48+00:00,110
c05ea6,CYYZ,YYZ,Toronto,CYVR,CYYZ,CYYZ,CYVR,1757194525,1757264943,2025-09-06T21:35:25+00:00,2025-09-07T17:09:03+00:00,1173
c05ea6,CYVR,YVR,Vancouver,CYYZ,CYVR,CYVR,CYYC,1757345034,1757351562,2025-09-08T15:23:54+00:00,2025-09-08T17:12:42+00:00,108
c05ea6,CYYC,YYC,Calgary,CYVR,CYYC,CYYC,CYVR,1757355178,1757360502,2025-09-08T18:12:58+00:00,2025-09-08T19:41:42+00:00,88
c05ea6,CYYZ,YYZ,Toronto,CYYC,CYYZ,CYYZ,CYVR,1757522097,1757527961,2025-09-10T16:34:57+00:00,2025-09-10T18:12:41+00:00,97
c05ea6,CYVR,YVR,Vancouver,CYYZ,CYVR,CYVR,CYYZ,1757544435,1757551623,2025-09-10T22:47:15+00:00,2025-09-11T00:47:03+00:00,119
c05ea6,CYYZ,YYZ,Toronto,CYVR,CYYZ,CYYZ,CYVR,1757567186,1757588897,2025-09-11T05:06:26+00:00,2025-09-11T11:08:17+00:00,361
c05ea6,CYVR,YVR,Vancouver,CYYZ,CYVR,CYVR,CYYZ,1757605246,1757612173,2025-09-11T15:40:46+00:00,2025-09-11T17:36:13+00:00,115
c05ea6,CYYZ,YYZ,Toronto,CYYC,CYYZ,CYYZ,CYYC,1757698854,1757703424,2025-09-12T17:40:54+00:00,2025-09-12T18:57:04+00:00,76
c05ea6,CYYC,YYC,Calgary,CYYZ,CYYC,CYYC,CYYZ,1757717210,1757721835,2025-09-12T22:46:50+00:00,2025-09-13T00:03:55+00:00,77
c05ea6,CYYZ,YYZ,Toronto,CYYC,CYYZ,CYYZ,CYVR,1757734379,1757760933,2025-09-13T03:32:59+00:00,2025-09-13T10:55:33+00:00,442
c05ea6,CYVR,YVR,Vancouver,CYYZ,CYVR,CYVR,CYYZ,1757778115,1757784233,2025-09-13T15:41:55+00:00,2025-09-13T17:23:53+00:00,101
c05ea6,CYYZ,YYZ,Toronto,CYVR,CYYZ,CYYZ,CYVR,1757800005,1757870180,2025-09-13T21:46:45+00:00,2025-09-14T17:16:20+00:00,1169
c01e28,CYUL,YUL,Montreal,CYVR,CYUL,CYUL,CYYZ,1756701504,1756724871,2025-09-01T04:38:24+00:00,2025-09-01T11:07:51+00:00,389
c01e28,CYYZ,YYZ,Toronto,CYUL,CYYZ,CYYZ,CYVR,1756728350,1756739550,2025-09-01T12:05:50+00:00,2025-09-01T15:12:30+00:00,186
c01e28,CYVR,YVR,Vancouver,CYYZ,CYVR,CYVR,CYYZ,1756755608,1756774808,2025-09-01T19:40:08+00:00,2025-09-02T01:00:08+00:00,320
c01e28,CYYZ,YYZ,Toronto,CYVR,CYYZ,CYYZ,CYYC,1756790609,1756811714,2025-09-02T05:23:29+00:00,2025-09-02T11:15:14+00:00,351
c01e28,CYYC,YYC,Calgary,CYYZ,CYYC,CYYC,CYYZ,1756825491,1756831424,2025-09-02T15:04:51+00:00,2025-09-02T16:43:44+00:00,98
c01e28,CYYZ,YYZ,Toronto,CYYC,CYYZ,CYYZ,CYYC,1757093098,1757098593,2025-09-05T17:24:58+00:00,2025-09-05T18:56:33+00:00,91
c01e28,CYYC,YYC,Calgary,CYYZ,CYYC,CYYC,CYYZ,1757112826,1757117469,2025-09-05T22:53:46+00:00,2025-09-06T00:11:09+00:00,77
c01e28,CYYZ,YYZ,Toronto,CYYC,CYYZ,CYYZ,CYVR,1757130297,1757153611,2025-09-06T03:44:57+00:00,2025-09-06T10:13:31+00:00,388
c01e28,CYVR,YVR,Vancouver,CYYZ,CYVR,CYVR,CYYC,1757170668,1757182350,2025-09-06T14:57:48+00:00,2025-09-06T18:12:30+00:00,194
c01e28,CYYC,YYC,Calgary,CYVR,CYYC,CYYC,CYVR,1757186518,1757190454,2025-09-06T19:21:58+00:00,2025-09-06T20:27:34+00:00,65
c01e28,CYVR,YVR,Vancouver,CYYZ,CYVR,CYVR,CYYZ,1757259774,1757265553,2025-09-07T15:42:54+00:00,2025-09-07T17:19:13+00:00,96
c01e28,CYYZ,YYZ,Toronto,CYVR,CYYZ,CYYZ,CYVR,1757280528,1757336823,2025-09-07T21:28:48+00:00,2025-09-08T13:07:03+00:00,938
c01e28,CYVR,YVR,Vancouver,CYYZ,CYVR,CYVR,CYYZ,1757398825,1757403995,2025-09-09T06:20:25+00:00,2025-09-09T07:46:35+00:00,86
c01e28,CYYZ,YYZ,Toronto,CYVR,CYYZ,CYYZ,CYVR,1757418982,1757427631,2025-09-09T11:56:22+00:00,2025-09-09T14:20:31+00:00,144
c01e28,CYVR,YVR,Vancouver,CYYZ,CYVR,CYVR,CYYZ,1757657874,1757663135,2025-09-12T06:17:54+00:00,2025-09-12T07:45:35+00:00,87
c01e28,CYYZ,YYZ,Toronto,CYVR,CYYZ,CYYZ,CYVR,1757678119,1757686715,2025-09-12T11:55:19+00:00,2025-09-12T14:18:35+00:00,143
c01e28,CYYZ,YYZ,Toronto,CYYC,CYYZ,CYYZ,CYVR,1757954428,1757959777,2025-09-15T16:40:28+00:00,2025-09-15T18:09:37+00:00,89
c0618c,CYYZ,YYZ,Toronto,CYVR,CYYZ,CYYZ,CYVR,1756700106,1756734046,2025-09-01T04:15:06+00:00,2025-09-01T13:40:46+00:00,565
c0618c,CYYZ,YYZ,Toronto,CYUL,CYYZ,CYYZ,CYYC,1756780834,1756818915,2025-09-02T02:40:34+00:00,2025-09-02T13:15:15+00:00,634
c0618c,CYYZ,YYZ,Toronto,CYVR,CYYZ,CYYZ,CYUL,1756926539,1756944053,2025-09-03T19:08:59+00:00,2025-09-04T00:00:53+00:00,291
c0618c,CYUL,YUL,Montreal,CYYZ,CYUL,CYUL,CYYZ,1756947718,1756951920,2025-09-04T01:01:58+00:00,2025-09-04T02:12:00+00:00,70
c0618c,CYYZ,YYZ,Toronto,CYUL,CYYZ,CYYZ,CYVR,1756955238,1756989000,2025-09-04T03:07:18+00:00,2025-09-04T12:30:00+00:00,562
c0618c,CYYZ,YYZ,Toronto,CYUL,CYYZ,CYYZ,CYVR,1757037132,1757075043,2025-09-05T01:52:12+00:00,2025-09-05T12:24:03+00:00,631
c0618c,CYYZ,YYZ,Toronto,CYUL,CYYZ,CYYZ,CYUL,1757171233,1757289768,2025-09-06T15:07:13+00:00,2025-09-08T00:02:48+00:00,1975
c0618c,CYUL,YUL,Montreal,CYYZ,CYUL,CYUL,CYVR,1757293012,1757330057,2025-09-08T00:56:52+00:00,2025-09-08T11:14:17+00:00,617
c0618c,CYVR,YVR,Vancouver,CYUL,CYVR,CYVR,CYYZ,1757348188,1757353021,2025-09-08T16:16:28+00:00,2025-09-08T17:37:01+00:00,80
c0618c,CYYZ,YYZ,Toronto,CYVR,CYYZ,CYYZ,CYVR,1757367851,1757428822,2025-09-08T21:44:11+00:00,2025-09-09T14:40:22+00:00,1016
c0618c,CYUL,YUL,Montreal,CYYZ,CYUL,CYUL,CYYZ,1757478028,1757502361,2025-09-10T04:20:28+00:00,2025-09-10T11:06:01+00:00,405
c0618c,CYYZ,YYZ,Toronto,CYUL,CYYZ,CYYZ,CYUL,1757505743,1757710183,2025-09-10T12:02:23+00:00,2025-09-12T20:49:43+00:00,3407
c07fb0,CYVR,YVR,Vancouver,CYYC,CYVR,CYVR,CYYC,1756908568,1756994670,2025-09-03T14:09:28+00:00,2025-09-04T14:04:30+00:00,1435
c07fb0,CYYC,YYC,Calgary,CYVR,CYYC,CYYC,CYVR,1756998403,1757042402,2025-09-04T15:06:43+00:00,2025-09-05T03:20:02+00:00,733
c07fb0,CYVR,YVR,Vancouver,CYYC,CYVR,CYVR,CYYZ,1757046147,1757092140,2025-09-05T04:22:27+00:00,2025-09-05T17:09:00+00:00,766
c07fb0,CYYZ,YYZ,Toronto,CYVR,CYYZ,CYYZ,CYYC,1757108596,1757117129,2025-09-05T21:43:16+00:00,2025-09-06T00:05:29+00:00,142
c07fb0,CYYC,YYC,Calgary,CYYZ,CYYC,CYYC,CYVR,1757131064,1757137419,2025-09-06T03:57:44+00:00,2025-09-06T05:43:39+00:00,105
c07fb0,CYVR,YVR,Vancouver,CYYC,CYVR,CYVR,CYYC,1757141306,1757164361,2025-09-06T06:48:26+00:00,2025-09-06T13:12:41+00:00,384
c07fb0,CYYC,YYC,Calgary,CYEG,CYYC,CYYC,CYVR,1757561331,1757967482,2025-09-11T03:28:51+00:00,2025-09-15T20:18:02+00:00,6769
c049e9,CYEG,YEG,Edmonton,CYYC,CYEG,CYEG,CYYC,1756758898,1756765320,2025-09-01T20:34:58+00:00,2025-09-01T22:22:00+00:00,107
c049e9,CYYC,YYC,Calgary,CYEG,CYYC,CYYC,CYYZ,1756767263,1757075841,2025-09-01T22:54:23+00:00,2025-09-05T12:37:21+00:00,5142
c049e9,CYYZ,YYZ,Toronto,CYYC,CYYZ,CYYZ,CYVR,1757087840,1757472006,2025-09-05T15:57:20+00:00,2025-09-10T02:40:06+00:00,6402
c049e9,CYVR,YVR,Vancouver,CYYZ,CYVR,CYVR,CYYZ,1757487719,1757521127,2025-09-10T07:01:59+00:00,2025-09-10T16:18:47+00:00,556
c049e9,CYYZ,YYZ,Toronto,CYVR,CYYZ,CYYZ,CYVR,1757584774,1757954145,2025-09-11T09:59:34+00:00,2025-09-15T16:35:45+00:00,6156
c0637c,CYYZ,YYZ,Toronto,CYYC,CYYZ,CYYZ,CYYC,1756897392,1757039440,2025-09-03T11:03:12+00:00,2025-09-05T02:30:40+00:00,2367
c0637c,CYYC,YYC,Calgary,CYYZ,CYYC,CYYC,CYYZ,1757052799,1757161802,2025-09-05T06:13:19+00:00,2025-09-06T12:30:02+00:00,1816
c0637c,CYYZ,YYZ,Toronto,CYYC,CYYZ,CYYZ,CYYC,1757173826,1757180430,2025-09-06T15:50:26+00:00,2025-09-06T17:40:30+00:00,110
c063fe,CYEG,YEG,Edmonton,CYYC,CYEG,CYEG,CYYC,1757428766,1757536688,2025-09-09T14:39:26+00:00,2025-09-10T20:38:08+00:00,1798
c063fe,CYYC,YYC,Calgary,CYEG,CYYC,CYYC,CYEG,1757539111,1757613933,2025-09-10T21:18:31+00:00,2025-09-11T18:05:33+00:00,1247
c049fd,CYYC,YYC,Calgary,CYYZ,CYYC,CYYC,CYYZ,1756744810,1756754081,2025-09-01T16:40:10+00:00,2025-09-01T19:14:41+00:00,154
c049fd,CYYC,YYC,Calgary,CYVR,CYYC,CYYC,CYVR,1757123870,1757251081,2025-09-06T01:57:50+00:00,2025-09-07T13:18:01+00:00,2120
c049fd,CYVR,YVR,Vancouver,CYYC,CYVR,CYVR,CYYC,1757255006,1757260270,2025-09-07T14:23:26+00:00,2025-09-07T15:51:10+00:00,87
c049fd,CYYC,YYC,Calgary,CYVR,CYYC,CYYC,CYVR,1757264098,1757271077,2025-09-07T16:54:58+00:00,2025-09-07T18:51:17+00:00,116
c049fd,CYVR,YVR,Vancouver,CYYC,CYVR,CYVR,CYYC,1757275135,1757280993,2025-09-07T19:58:55+00:00,2025-09-07T21:36:33+00:00,97
c049fd,CYYC,YYC,Calgary,CYVR,CYYC,CYYC,CYVR,1757301206,1757310962,2025-09-08T03:13:26+00:00,2025-09-08T05:56:02+00:00,162
c049fd,CYVR,YVR,Vancouver,CYYC,CYVR,CYVR,CYYZ,1757314786,1757463623,2025-09-08T06:59:46+00:00,2025-09-10T00:20:23+00:00,2480
c05054,CYUL,YUL,Montreal,CYEG,CYUL,CYUL,CYYC,1756725054,1756730262,2025-09-01T11:10:54+00:00,2025-09-01T12:37:42+00:00,86
c05054,CYYC,YYC,Calgary,CYUL,CYYC,CYYC,CYUL,1756743819,1756750809,2025-09-01T16:23:39+00:00,2025-09-01T18:20:09+00:00,116
c05054,CYUL,YUL,Montreal,CYYC,CYUL,CYUL,CYVR,1756764798,1757038624,2025-09-01T22:13:18+00:00,2025-09-05T02:17:04+00:00,4563
c05054,CYVR,YVR,Vancouver,CYUL,CYVR,CYVR,CYYZ,1757055816,1757077681,2025-09-05T07:03:36+00:00,2025-09-05T13:08:01+00:00,364
c05054,CYYZ,YYZ,Toronto,CYVR,CYYZ,CYYZ,CYEG,1757092668,1757098715,2025-09-05T17:17:48+00:00,2025-09-05T18:58:35+00:00,100
c05054,CYVR,YVR,Vancouver,CYYC,CYVR,CYVR,CYYC,1757259547,1757265393,2025-09-07T15:39:07+00:00,2025-09-07T17:16:33+00:00,97
c05054,CYYC,YYC,Calgary,CYVR,CYYC,CYYC,CYVR,1757269007,1757274261,2025-09-07T18:16:47+00:00,2025-09-07T19:44:21+00:00,87
c05054,CYUL,YUL,Montreal,CYYZ,CYUL,CYUL,CYYZ,1757391384,1757419989,2025-09-09T04:16:24+00:00,2025-09-09T12:13:09+00:00,476
c05054,CYYZ,YYZ,Toronto,CYUL,CYYZ,CYYZ,CYYC,1757423455,1757434149,2025-09-09T13:10:55+00:00,2025-09-09T16:09:09+00:00,178
c063c2,CYYC,YYC,Calgary,CYEG,CYYC,CYYC,CYEG,1756719403,1756749780,2025-09-01T09:36:43+00:00,2025-09-01T18:03:00+00:00,506
c063c2,CYEG,YEG,Edmonton,CYYC,CYEG,CYEG,CYYC,1756752222,1757231860,2025-09-01T18:43:42+00:00,2025-09-07T07:57:40+00:00,7993
c063c2,CYYC,YYC,Calgary,CYEG,CYYC,CYYC,CYEG,1757233954,1757338889,2025-09-07T08:32:34+00:00,2025-09-08T13:41:29+00:00,1748
c063c2,CYEG,YEG,Edmonton,CYYC,CYEG,CYEG,CYYC,1757369129,1757576715,2025-09-08T22:05:29+00:00,2025-09-11T07:45:15+00:00,3459
c063c2,CYYC,YYC,Calgary,CYEG,CYYC,CYYC,CYEG,1757579037,1757730789,2025-09-11T08:23:57+00:00,2025-09-13T02:33:09+00:00,2529
c063c2,CYEG,YEG,Edmonton,CYYC,CYEG,CYEG,CYYC,1757732994,1757971201,2025-09-13T03:09:54+00:00,2025-09-15T21:20:01+00:00,3970
c080a4,CYYC,YYC,Calgary,CYVR,CYYC,CYYC,CYYZ,1757039023,1757261288,2025-09-05T02:23:43+00:00,2025-09-07T16:08:08+00:00,3704
c080a4,CYEG,YEG,Edmonton,CYYZ,CYEG,CYEG,CYVR,1757484087,1757551120,2025-09-10T06:01:27+00:00,2025-09-11T00:38:40+00:00,1117
c080a4,CYVR,YVR,Vancouver,CYEG,CYVR,CYVR,CYEG,1757555159,1757776841,2025-09-11T01:45:59+00:00,2025-09-13T15:20:41+00:00,3694
c063c8,CYEG,YEG,Edmonton,CYYC,CYEG,CYEG,CYYC,1756750810,1756761540,2025-09-01T18:20:10+00:00,2025-09-01T21:19:00+00:00,178
c0256e,CYEG,YEG,Edmonton,CYYC,CYEG,CYEG,CYYC,1756747718,1757010101,2025-09-01T17:28:38+00:00,2025-09-04T18:21:41+00:00,4373
c0256e,CYYC,YYC,Calgary,CYEG,CYYC,CYYC,CYEG,1757531666,1757782599,2025-09-10T19:14:26+00:00,2025-09-13T16:56:39+00:00,4182
c05bcf,CYYZ,YYZ,Toronto,CYYC,CYYZ,CYYZ,CYYC,1756699311,1756725547,2025-09-01T04:01:51+00:00,2025-09-01T11:19:07+00:00,437
c05bcf,CYYC,YYC,Calgary,CYYZ,CYYC,CYYC,CYYZ,1756738554,1756744730,2025-09-01T14:55:54+00:00,2025-09-01T16:38:50+00:00,102
c05bcf,CYYZ,YYZ,Toronto,CYUL,CYYZ,CYYZ,CYYC,1756777914,1756819124,2025-09-02T01:51:54+00:00,2025-09-02T13:18:44+00:00,686
c05bcf,CYYC,YYC,Calgary,CYYZ,CYYC,CYYC,CYYZ,1756832964,1756838299,2025-09-02T17:09:24+00:00,2025-09-02T18:38:19+00:00,88
c05bcf,CYYZ,YYZ,Toronto,CYYC,CYYZ,CYYZ,CYVR,1756850988,1756919131,2025-09-02T22:09:48+00:00,2025-09-03T17:05:31+00:00,1135
c05bcf,CYYC,YYC,Calgary,CYYZ,CYYC,CYYC,CYYZ,1756998500,1757004035,2025-09-04T15:08:20+00:00,2025-09-04T16:40:35+00:00,92
c05bcf,CYYZ,YYZ,Toronto,CYVR,CYYZ,CYYZ,CYVR,1757156789,1757162373,2025-09-06T11:06:29+00:00,2025-09-06T12:39:33+00:00,93
c05bcf,CYVR,YVR,Vancouver,CYYZ,CYVR,CYVR,CYYZ,1757179399,1757184456,2025-09-06T17:23:19+00:00,2025-09-06T18:47:36+00:00,84
c05bcf,CYYZ,YYZ,Toronto,CYVR,CYYZ,CYYZ,CYVR,1757198872,1757208029,2025-09-06T22:47:52+00:00,2025-09-07T01:20:29+00:00,152
c05bcf,CYVR,YVR,Vancouver,CYYZ,CYVR,CYVR,CYYZ,1757225088,1757231033,2025-09-07T06:04:48+00:00,2025-09-07T07:43:53+00:00,99
c05bcf,CYYZ,YYZ,Toronto,CYVR,CYYZ,CYYZ,CYUL,1757246098,1757422908,2025-09-07T11:54:58+00:00,2025-09-09T13:01:48+00:00,2946
c05bcf,CYUL,YUL,Montreal,CYYZ,CYUL,CYUL,CYYZ,1757426459,1757430875,2025-09-09T14:00:59+00:00,2025-09-09T15:14:35+00:00,73
c05bcf,CYYZ,YYZ,Toronto,CYUL,CYYZ,CYYZ,CYVR,1757434192,1757439394,2025-09-09T16:09:52+00:00,2025-09-09T17:36:34+00:00,86
c05bcf,CYVR,YVR,Vancouver,CYYZ,CYVR,CYVR,CYYZ,1757743780,1757749291,2025-09-13T06:09:40+00:00,2025-09-13T07:41:31+00:00,91
c05bcf,CYYZ,YYZ,Toronto,CYVR,CYYZ,CYYZ,CYYC,1757764258,1757769330,2025-09-13T11:50:58+00:00,2025-09-13T13:15:30+00:00,84
c05bcf,CYYC,YYC,Calgary,CYYZ,CYYC,CYYC,CYYZ,1757782872,1757788291,2025-09-13T17:01:12+00:00,2025-09-13T18:31:31+00:00,90
c05bcf,CYYZ,YYZ,Toronto,CYYC,CYYZ,CYYZ,CYVR,1757801017,1757808009,2025-09-13T22:03:37+00:00,2025-09-14T00:00:09+00:00,116
c05bcf,CYVR,YVR,Vancouver,CYYZ,CYVR,CYVR,CYYZ,1757823756,1757832374,2025-09-14T04:22:36+00:00,2025-09-14T06:46:14+00:00,143
c05bcf,CYYZ,YYZ,Toronto,CYVR,CYYZ,CYYZ,CYYC,1757848858,1757855250,2025-09-14T11:20:58+00:00,2025-09-14T13:07:30+00:00,106
c05bcf,CYYC,YYC,Calgary,CYYZ,CYYC,CYYC,CYYZ,1757868928,1757874695,2025-09-14T16:55:28+00:00,2025-09-14T18:31:35+00:00,96
c05bcf,CYYZ,YYZ,Toronto,CYYC,CYYZ,CYYZ,CYVR,1757886894,1757894906,2025-09-14T21:54:54+00:00,2025-09-15T00:08:26+00:00,133
c05bcf,CYVR,YVR,Vancouver,CYYZ,CYVR,CYVR,CYYZ,1757911304,1757918930,2025-09-15T04:41:44+00:00,2025-09-15T06:48:50+00:00,127
c05bcf,CYYZ,YYZ,Toronto,CYVR,CYYZ,CYYZ,CYVR,1757934802,1757940151,2025-09-15T11:13:22+00:00,2025-09-15T12:42:31+00:00,89
c07ee8,CYVR,YVR,Vancouver,CYYC,CYVR,CYVR,CYYC,1756842474,1756860395,2025-09-02T19:47:54+00:00,2025-09-03T00:46:35+00:00,298
c07ee8,CYYC,YYC,Calgary,CYVR,CYYC,CYYC,CYVR,1756864113,1756934654,2025-09-03T01:48:33+00:00,2025-09-03T21:24:14+00:00,1175
c07ee8,CYVR,YVR,Vancouver,CYEG,CYVR,CYVR,CYYZ,1757014973,1757166252,2025-09-04T19:42:53+00:00,2025-09-06T13:44:12+00:00,2521
c07ee8,CYYZ,YYZ,Toronto,CYVR,CYYZ,CYYZ,CYYC,1757180632,1757213374,2025-09-06T17:43:52+00:00,2025-09-07T02:49:34+00:00,545
c07ee8,CYYC,YYC,Calgary,CYEG,CYYC,CYYC,CYYZ,1757284829,1757292779,2025-09-07T22:40:29+00:00,2025-09-08T00:52:59+00:00,132
c07ee8,CYYZ,YYZ,Toronto,CYYC,CYYZ,CYYZ,CYEG,1757305289,1757329598,2025-09-08T04:21:29+00:00,2025-09-08T11:06:38+00:00,405
c07ee8,CYVR,YVR,Vancouver,CYYC,CYVR,CYVR,CYYC,1757435024,1757454386,2025-09-09T16:23:44+00:00,2025-09-09T21:46:26+00:00,322
c07ee8,CYYC,YYC,Calgary,CYVR,CYYC,CYYC,CYVR,1757458758,1757467161,2025-09-09T22:59:18+00:00,2025-09-10T01:19:21+00:00,140
c07ee8,CYVR,YVR,Vancouver,CYYC,CYVR,CYVR,CYYZ,1757470944,1757510370,2025-09-10T02:22:24+00:00,2025-09-10T13:19:30+00:00,657
c07ee8,CYVR,YVR,Vancouver,CYYC,CYVR,CYVR,CYYC,1757607051,1757620492,2025-09-11T16:10:51+00:00,2025-09-11T19:54:52+00:00,224
c07ee8,CYYC,YYC,Calgary,CYVR,CYYC,CYYC,CYYZ,1757652543,1757683796,2025-09-12T04:49:03+00:00,2025-09-12T13:29:56+00:00,520
c07ee8,CYYZ,YYZ,Toronto,CYYC,CYYZ,CYYZ,CYYC,1757696426,1757703575,2025-09-12T17:00:26+00:00,2025-09-12T18:59:35+00:00,119
c07ee8,CYYC,YYC,Calgary,CYYZ,CYYC,CYYC,CYYZ,1757717760,1757724311,2025-09-12T22:56:00+00:00,2025-09-13T00:45:11+00:00,109
c040e8,CYYZ,YYZ,Toronto,CYYC,CYYZ,CYYZ,CYYC,1757779734,1757784630,2025-09-13T16:08:54+00:00,2025-09-13T17:30:30+00:00,81
c05d7b,CYYZ,YYZ,Toronto,CYYC,CYYZ,CYYZ,CYVR,1756755021,1757513130,2025-09-01T19:30:21+00:00,2025-09-10T14:05:30+00:00,12635
c04d13,CYVR,YVR,Vancouver,CYYC,CYVR,CYVR,CYYC,1756755987,1757262326,2025-09-01T19:46:27+00:00,2025-09-07T16:25:26+00:00,8438
c07ee6,CYVR,YVR,Vancouver,CYYC,CYVR,CYVR,CYYC,1757137345,1757162210,2025-09-06T05:42:25+00:00,2025-09-06T12:36:50+00:00,414
c07ee6,CYYC,YYC,Calgary,CYVR,CYYC,CYYC,CYVR,1757165789,1757204926,2025-09-06T13:36:29+00:00,2025-09-07T00:28:46+00:00,652
c07ee6,CYVR,YVR,Vancouver,CYYC,CYVR,CYVR,CYEG,1757208729,1757219977,2025-09-07T01:32:09+00:00,2025-09-07T04:39:37+00:00,187
c07ee6,CYEG,YEG,Edmonton,CYVR,CYEG,CYEG,CYVR,1757223975,1757264227,2025-09-07T05:46:15+00:00,2025-09-07T16:57:07+00:00,670
c07ee6,CYVR,YVR,Vancouver,CYEG,CYVR,CYVR,CYYC,1757268914,1757357752,2025-09-07T18:15:14+00:00,2025-09-08T18:55:52+00:00,1480
c07ee6,CYYC,YYC,Calgary,CYVR,CYYC,CYYC,CYVR,1757361762,1757366670,2025-09-08T20:02:42+00:00,2025-09-08T21:24:30+00:00,81
c07ee6,CYVR,YVR,Vancouver,CYYC,CYVR,CYVR,CYYZ,1757394594,1757423494,2025-09-09T05:09:54+00:00,2025-09-09T13:11:34+00:00,481
c07ee6,CYVR,YVR,Vancouver,CYYZ,CYVR,CYVR,CYYZ,1757803360,1757829954,2025-09-13T22:42:40+00:00,2025-09-14T06:05:54+00:00,443
c07ee6,CYYZ,YYZ,Toronto,CYVR,CYYZ,CYYZ,CYVR,1757845764,1757867050,2025-09-14T10:29:24+00:00,2025-09-14T16:24:10+00:00,354
c035cc,CYYC,YYC,Calgary,CYVR,CYYC,CYYC,CYYZ,1756785899,1756797714,2025-09-02T04:04:59+00:00,2025-09-02T07:21:54+00:00,196
c035cc,CYYZ,YYZ,Toronto,CYYC,CYYZ,CYYZ,CYYC,1756810468,1756821903,2025-09-02T10:54:28+00:00,2025-09-02T14:05:03+00:00,190
c035cc,CYYC,YYC,Calgary,CYYZ,CYYC,CYYC,CYVR,1756835816,1756845012,2025-09-02T17:56:56+00:00,2025-09-02T20:30:12+00:00,153
c035cc,CYVR,YVR,Vancouver,CYYC,CYVR,CYVR,CYYC,1756877420,1756900644,2025-09-03T05:30:20+00:00,2025-09-03T11:57:24+00:00,387
c035cc,CYYC,YYC,Calgary,CYVR,CYYC,CYYC,CYYZ,1756904547,1756967102,2025-09-03T13:02:27+00:00,2025-09-04T06:25:02+00:00,1042
c035cc,CYYZ,YYZ,Toronto,CYYC,CYYZ,CYYZ,CYYC,1756979063,1756997259,2025-09-04T09:44:23+00:00,2025-09-04T14:47:39+00:00,303
c035cc,CYYC,YYC,Calgary,CYYZ,CYYC,CYYC,CYVR,1757613498,1757876945,2025-09-11T17:58:18+00:00,2025-09-14T19:09:05+00:00,4390
c035cc,CYVR,YVR,Vancouver,CYYC,CYVR,CYVR,CYYC,1757901264,1757914206,2025-09-15T01:54:24+00:00,2025-09-15T05:30:06+00:00,215
c05eac,CYYZ,YYZ,Toronto,CYYC,CYYZ,CYYZ,CYVR,1756878267,1756922372,2025-09-03T05:44:27+00:00,2025-09-03T17:59:32+00:00,735
c05eac,CYVR,YVR,Vancouver,CYYZ,CYVR,CYVR,CYYZ,1756939376,1756946403,2025-09-03T22:42:56+00:00,2025-09-04T00:40:03+00:00,117
c05eac,CYYZ,YYZ,Toronto,CYVR,CYYZ,CYYZ,CYVR,1756961089,1757000718,2025-09-04T04:44:49+00:00,2025-09-04T15:45:18+00:00,660
c05eac,CYYZ,YYZ,Toronto,CYYC,CYYZ,CYYZ,CYVR,1757348504,1757354395,2025-09-08T16:21:44+00:00,2025-09-08T17:59:55+00:00,98
c05eac,CYVR,YVR,Vancouver,CYYZ,CYVR,CYVR,CYYZ,1757370913,1757378368,2025-09-08T22:35:13+00:00,2025-09-09T00:39:28+00:00,124
c05eac,CYYZ,YYZ,Toronto,CYVR,CYYZ,CYYZ,CYVR,1757393906,1757421062,2025-09-09T04:58:26+00:00,2025-09-09T12:31:02+00:00,452
c05eac,CYVR,YVR,Vancouver,CYYZ,CYVR,CYVR,CYYZ,1757436959,1757443682,2025-09-09T16:55:59+00:00,2025-09-09T18:48:02+00:00,112
c05eac,CYYZ,YYZ,Toronto,CYVR,CYYZ,CYYZ,CYVR,1757458792,1757467161,2025-09-09T22:59:52+00:00,2025-09-10T01:19:21+00:00,139
c05eac,CYVR,YVR,Vancouver,CYYZ,CYVR,CYVR,CYYZ,1757483413,1757489420,2025-09-10T05:50:13+00:00,2025-09-10T07:30:20+00:00,100
c05eac,CYYZ,YYZ,Toronto,CYVR,CYYZ,CYYZ,CYYC,1757504908,1757510765,2025-09-10T11:48:28+00:00,2025-09-10T13:26:05+00:00,97
c05eac,CYYC,YYC,Calgary,CYYZ,CYYC,CYYC,CYYZ,1757524168,1757529444,2025-09-10T17:09:28+00:00,2025-09-10T18:37:24+00:00,87
c05eac,CYYZ,YYZ,Toronto,CYYC,CYYZ,CYYZ,CYVR,1757542701,1757549306,2025-09-10T22:18:21+00:00,2025-09-11T00:08:26+00:00,110
c05eac,CYVR,YVR,Vancouver,CYYZ,CYVR,CYVR,CYYZ,1757565520,1757573465,2025-09-11T04:38:40+00:00,2025-09-11T06:51:05+00:00,132
c05eac,CYYZ,YYZ,Toronto,CYVR,CYYZ,CYYZ,CYVR,1757589386,1757599573,2025-09-11T11:16:26+00:00,2025-09-11T14:06:13+00:00,169
c05eac,CYYC,YYC,Calgary,CYYZ,CYYC,CYYC,CYYZ,1757696744,1757702042,2025-09-12T17:05:44+00:00,2025-09-12T18:34:02+00:00,88
c05eac,CYYZ,YYZ,Toronto,CYYC,CYYZ,CYYZ,CYVR,1757714553,1757721792,2025-09-12T22:02:33+00:00,2025-09-13T00:03:12+00:00,120
c05eac,CYVR,YVR,Vancouver,CYYZ,CYVR,CYVR,CYYZ,1757738098,1757746266,2025-09-13T04:34:58+00:00,2025-09-13T06:51:06+00:00,136
c05eac,CYYZ,YYZ,Toronto,CYVR,CYYZ,CYYZ,CYVR,1757761976,1757776563,2025-09-13T11:12:56+00:00,2025-09-13T15:16:03+00:00,243
c05eac,CYYC,YYC,Calgary,CYYZ,CYYC,CYYC,CYYZ,1757863240,1757868301,2025-09-14T15:20:40+00:00,2025-09-14T16:45:01+00:00,84
c060c6,CYYC,YYC,Calgary,CYYZ,CYYC,CYYC,CYUL,1756706688,1756736021,2025-09-01T06:04:48+00:00,2025-09-01T14:13:41+00:00,488
c060c6,CYUL,YUL,Montreal,CYYC,CYUL,CYUL,CYYZ,1756750679,1756756005,2025-09-01T18:17:59+00:00,2025-09-01T19:46:45+00:00,88
c060c6,CYYZ,YYZ,Toronto,CYUL,CYYZ,CYYZ,CYUL,1756759129,1756899458,2025-09-01T20:38:49+00:00,2025-09-03T11:37:38+00:00,2338
c060c6,CYUL,YUL,Montreal,CYYZ,CYUL,CYUL,CYYZ,1756903629,1756908692,2025-09-03T12:47:09+00:00,2025-09-03T14:11:32+00:00,84
c060c6,CYYZ,YYZ,Toronto,CYUL,CYYZ,CYYZ,CYYC,1756911709,1757078386,2025-09-03T15:01:49+00:00,2025-09-05T13:19:46+00:00,2777
c060c6,CYYC,YYC,Calgary,CYYZ,CYYC,CYYC,CYYZ,1757092281,1757099015,2025-09-05T17:11:21+00:00,2025-09-05T19:03:35+00:00,112
c060c6,CYYZ,YYZ,Toronto,CYYC,CYYZ,CYYZ,CYUL,1757111391,1757278323,2025-09-05T22:29:51+00:00,2025-09-07T20:52:03+00:00,2782
c060c6,CYYZ,YYZ,Toronto,CYYC,CYYZ,CYYZ,CYEG,1757435995,1757769276,2025-09-09T16:39:55+00:00,2025-09-13T13:14:36+00:00,5554
c04463,CYVR,YVR,Vancouver,CYYC,CYVR,CYVR,CYYZ,1756737372,1756782531,2025-09-01T14:36:12+00:00,2025-09-02T03:08:51+00:00,752
c04463,CYYZ,YYZ,Toronto,CYVR,CYYZ,CYYZ,CYUL,1756798516,1756908539,2025-09-02T07:35:16+00:00,2025-09-03T14:08:59+00:00,1833
c05044,CYVR,YVR,Vancouver,CYYC,CYVR,CYVR,CYYC,1756737138,1756791153,2025-09-01T14:32:18+00:00,2025-09-02T05:32:33+00:00,900
c05044,CYYC,YYC,Calgary,CYVR,CYYC,CYYC,CYVR,1756794746,1756816428,2025-09-02T06:32:26+00:00,2025-09-02T12:33:48+00:00,361
c05044,CYVR,YVR,Vancouver,CYYC,CYVR,CYVR,CYYZ,1756820639,1756964662,2025-09-02T13:43:59+00:00,2025-09-04T05:44:22+00:00,2400
c05044,CYYZ,YYZ,Toronto,CYVR,CYYZ,CYYZ,CYVR,1756979483,1757344932,2025-09-04T09:51:23+00:00,2025-09-08T15:22:12+00:00,6090
c05044,CYVR,YVR,Vancouver,CYYZ,CYVR,CYVR,CYYZ,1757361479,1757683620,2025-09-08T19:57:59+00:00,2025-09-12T13:27:00+00:00,5369
c05044,CYYZ,YYZ,Toronto,CYVR,CYYZ,CYYZ,CYUL,1757699333,1757848680,2025-09-12T17:48:53+00:00,2025-09-14T11:18:00+00:00,2489
c05044,CYUL,YUL,Montreal,CYYZ,CYUL,CYUL,CYYZ,1757852489,1757857060,2025-09-14T12:21:29+00:00,2025-09-14T13:37:40+00:00,76
c05044,CYYZ,YYZ,Toronto,CYUL,CYYZ,CYYZ,CYYC,1757860013,1757866748,2025-09-14T14:26:53+00:00,2025-09-14T16:19:08+00:00,112
c050a0,CYEG,YEG,Edmonton,CYYC,CYEG,CYEG,CYYC,1756735258,1756924104,2025-09-01T14:00:58+00:00,2025-09-03T18:28:24+00:00,3147
c050a0,CYYC,YYC,Calgary,CYEG,CYYC,CYYC,CYVR,1756926375,1757175014,2025-09-03T19:06:15+00:00,2025-09-06T16:10:14+00:00,4143
c050a0,CYYC,YYC,Calgary,CYEG,CYYC,CYYC,CYVR,1757521396,1757605455,2025-09-10T16:23:16+00:00,2025-09-11T15:44:15+00:00,1400
c050a0,CYVR,YVR,Vancouver,CYYC,CYVR,CYVR,CYYC,1757619718,1757953266,2025-09-11T19:41:58+00:00,2025-09-15T16:21:06+00:00,5559
c060c4,CYYZ,YYZ,Toronto,CYYC,CYYZ,CYYZ,CYUL,1756745532,1756958437,2025-09-01T16:52:12+00:00,2025-09-04T04:00:37+00:00,3548
c060c4,CYUL,YUL,Montreal,CYYZ,CYUL,CYUL,CYVR,1756961769,1756984639,2025-09-04T04:56:09+00:00,2025-09-04T11:17:19+00:00,381
c060c4,CYVR,YVR,Vancouver,CYUL,CYVR,CYVR,CYYZ,1757003182,1757008100,2025-09-04T16:26:22+00:00,2025-09-04T17:48:20+00:00,81
c060c4,CYYZ,YYZ,Toronto,CYVR,CYYZ,CYYZ,CYYC,1757022604,1757771130,2025-09-04T21:50:04+00:00,2025-09-13T13:45:30+00:00,12475
c060c4,CYYC,YYC,Calgary,CYYZ,CYYC,CYYC,CYYZ,1757785093,1757789945,2025-09-13T17:38:13+00:00,2025-09-13T18:59:05+00:00,80
c08497,CYYC,YYC,Calgary,CYYZ,CYYC,CYYC,CYYZ,1756707324,1756732840,2025-09-01T06:15:24+00:00,2025-09-01T13:20:40+00:00,425
c08497,CYYZ,YYZ,Toronto,CYYC,CYYZ,CYYZ,CYVR,1756745265,1756750831,2025-09-01T16:47:45+00:00,2025-09-01T18:20:31+00:00,92
c08497,CYVR,YVR,Vancouver,CYYZ,CYVR,CYVR,CYYZ,1756766653,1756774492,2025-09-01T22:44:13+00:00,2025-09-02T00:54:52+00:00,130
c08497,CYYZ,YYZ,Toronto,CYVR,CYYZ,CYYZ,CYEG,1756789589,1756815364,2025-09-02T05:06:29+00:00,2025-09-02T12:16:04+00:00,429
c08497,CYEG,YEG,Edmonton,CYYZ,CYEG,CYEG,CYYZ,1756829182,1756968216,2025-09-02T16:06:22+00:00,2025-09-04T06:43:36+00:00,2317
c08497,CYYZ,YYZ,Toronto,CYEG,CYYZ,CYYZ,CYEG,1757020679,1757240439,2025-09-04T21:17:59+00:00,2025-09-07T10:20:39+00:00,3662
c08497,CYEG,YEG,Edmonton,CYYZ,CYEG,CYEG,CYYZ,1757255201,1757297086,2025-09-07T14:26:41+00:00,2025-09-08T02:04:46+00:00,698
c08497,CYYZ,YYZ,Toronto,CYEG,CYYZ,CYYZ,CYEG,1757571235,1757586060,2025-09-11T06:13:55+00:00,2025-09-11T10:21:00+00:00,247
c08497,CYYC,YYC,Calgary,CYYZ,CYYC,CYYC,CYEG,1757861875,1757868665,2025-09-14T14:57:55+00:00,2025-09-14T16:51:05+00:00,113
c01ebb,CYYZ,YYZ,Toronto,CYYC,CYYZ,CYYZ,CYYC,1756745625,1756752698,2025-09-01T16:53:45+00:00,2025-09-01T18:51:38+00:00,117
c01ebb,CYYC,YYC,Calgary,CYYZ,CYYC,CYYC,CYYZ,1756766863,1756772488,2025-09-01T22:47:43+00:00,2025-09-02T00:21:28+00:00,93
c01ebb,CYYZ,YYZ,Toronto,CYYC,CYYZ,CYYZ,CYVR,1756785498,1756821465,2025-09-02T03:58:18+00:00,2025-09-02T13:57:45+00:00,599
c01ebb,CYYC,YYC,Calgary,CYYZ,CYYC,CYYC,CYYZ,1756878389,1756883468,2025-09-03T05:46:29+00:00,2025-09-03T07:11:08+00:00,84
c01ebb,CYYZ,YYZ,Toronto,CYYC,CYYZ,CYYZ,CYYC,1756895969,1756925783,2025-09-03T10:39:29+00:00,2025-09-03T18:56:23+00:00,496
c01ebb,CYYC,YYC,Calgary,CYYZ,CYYC,CYYC,CYYZ,1756940136,1756945137,2025-09-03T22:55:36+00:00,2025-09-04T00:18:57+00:00,83
c01ebb,CYYZ,YYZ,Toronto,CYYC,CYYZ,CYYZ,CYVR,1756956959,1757009495,2025-09-04T03:35:59+00:00,2025-09-04T18:11:35+00:00,875
c01ebb,CYVR,YVR,Vancouver,CYYZ,CYVR,CYVR,CYYZ,1757026155,1757030831,2025-09-04T22:49:15+00:00,2025-09-05T00:07:11+00:00,77
c01ebb,CYYZ,YYZ,Toronto,CYVR,CYYZ,CYYZ,CYEG,1757045667,1757071640,2025-09-05T04:14:27+00:00,2025-09-05T11:27:20+00:00,432
c01ebb,CYVR,YVR,Vancouver,CYYZ,CYVR,CYVR,CYYZ,1757224947,1757229754,2025-09-07T06:02:27+00:00,2025-09-07T07:22:34+00:00,80
c01ebb,CYYZ,YYZ,Toronto,CYVR,CYYZ,CYYZ,CYYC,1757245070,1757254713,2025-09-07T11:37:50+00:00,2025-09-07T14:18:33+00:00,160
c01ebb,CYYC,YYC,Calgary,CYVR,CYYC,CYYC,CYVR,1757730412,1757735078,2025-09-13T02:26:52+00:00,2025-09-13T03:44:38+00:00,77
c01ebb,CYVR,YVR,Vancouver,CYYC,CYVR,CYVR,CYYZ,1757738988,1757749122,2025-09-13T04:49:48+00:00,2025-09-13T07:38:42+00:00,168
c01ebb,CYYZ,YYZ,Toronto,CYVR,CYYZ,CYYZ,CYYC,1757764223,1757815170,2025-09-13T11:50:23+00:00,2025-09-14T01:59:30+00:00,849
c01ebb,CYYC,YYC,Calgary,CYYZ,CYYC,CYYC,CYYZ,1757827999,1757833290,2025-09-14T05:33:19+00:00,2025-09-14T07:01:30+00:00,88
c01ebb,CYYZ,YYZ,Toronto,CYYC,CYYZ,CYYZ,CYVR,1757846542,1757873173,2025-09-14T10:42:22+00:00,2025-09-14T18:06:13+00:00,443
c01ebb,CYVR,YVR,Vancouver,CYYZ,CYVR,CYVR,CYYZ,1757888967,1757895053,2025-09-14T22:29:27+00:00,2025-09-15T00:10:53+00:00,101
c052d5,CYYC,YYC,Calgary,CYYZ,CYYC,CYYC,CYYZ,1756707622,1756730315,2025-09-01T06:20:22+00:00,2025-09-01T12:38:35+00:00,378
c052d5,CYYZ,YYZ,Toronto,CYYC,CYYZ,CYYZ,CYYC,1756742991,1756748101,2025-09-01T16:09:51+00:00,2025-09-01T17:35:01+00:00,85
c052d5,CYYZ,YYZ,Toronto,CYEG,CYYZ,CYYZ,CYEG,1757583567,1757587716,2025-09-11T09:39:27+00:00,2025-09-11T10:48:36+00:00,69
c013d1,CYEG,YEG,Edmonton,CYYC,CYEG,CYEG,CYYC,1756912665,1756929544,2025-09-03T15:17:45+00:00,2025-09-03T19:59:04+00:00,281
c010ec,CYYC,YYC,Calgary,CYYZ,CYYC,CYYC,CYYZ,1756711400,1756728428,2025-09-01T07:23:20+00:00,2025-09-01T12:07:08+00:00,283
c010ec,CYYZ,YYZ,Toronto,CYYC,CYYZ,CYYZ,CYVR,1756740834,1756748619,2025-09-01T15:33:54+00:00,2025-09-01T17:43:39+00:00,129
c010ec,CYVR,YVR,Vancouver,CYYZ,CYVR,CYVR,CYYZ,1756765267,1756771940,2025-09-01T22:21:07+00:00,2025-09-02T00:12:20+00:00,111
c010ec,CYYZ,YYZ,Toronto,CYVR,CYYZ,CYYZ,CYVR,1756787576,1756817611,2025-09-02T04:32:56+00:00,2025-09-02T12:53:31+00:00,500
c010ec,CYVR,YVR,Vancouver,CYYZ,CYVR,CYVR,CYYZ,1756880273,1756885393,2025-09-03T06:17:53+00:00,2025-09-03T07:43:13+00:00,85
c010ec,CYYZ,YYZ,Toronto,CYVR,CYYZ,CYYZ,CYYC,1756900420,1756905510,2025-09-03T11:53:40+00:00,2025-09-03T13:18:30+00:00,84
c010ec,CYYC,YYC,Calgary,CYYZ,CYYC,CYYC,CYYZ,1756919625,1756924721,2025-09-03T17:13:45+00:00,2025-09-03T18:38:41+00:00,84
c010ec,CYYZ,YYZ,Toronto,CYEG,CYYZ,CYYZ,CYVR,1757000153,1757005601,2025-09-04T15:35:53+00:00,2025-09-04T17:06:41+00:00,90
c010ec,CYVR,YVR,Vancouver,CYYZ,CYVR,CYVR,CYYZ,1757087058,1757092691,2025-09-05T15:44:18+00:00,2025-09-05T17:18:11+00:00,93
c010ec,CYYZ,YYZ,Toronto,CYVR,CYYZ,CYYZ,CYEG,1757108715,1757184044,2025-09-05T21:45:15+00:00,2025-09-06T18:40:44+00:00,1255
c010ec,CYYC,YYC,Calgary,CYYZ,CYYC,CYYC,CYYZ,1757392599,1757427532,2025-09-09T04:36:39+00:00,2025-09-09T14:18:52+00:00,582
c010ec,CYYZ,YYZ,Toronto,CYYC,CYYZ,CYYZ,CYYC,1757439776,1757444915,2025-09-09T17:42:56+00:00,2025-09-09T19:08:35+00:00,85
c010ec,CYYC,YYC,Calgary,CYYZ,CYYC,CYYC,CYYZ,1757458490,1757463044,2025-09-09T22:54:50+00:00,2025-09-10T00:10:44+00:00,75
c010ec,CYYZ,YYZ,Toronto,CYYC,CYYZ,CYYZ,CYYC,1757475802,1757502572,2025-09-10T03:43:22+00:00,2025-09-10T11:09:32+00:00,446
c010ec,CYYC,YYC,Calgary,CYYZ,CYYC,CYYC,CYYZ,1757516093,1757522387,2025-09-10T14:54:53+00:00,2025-09-10T16:39:47+00:00,104
c010ec,CYYZ,YYZ,Toronto,CYYC,CYYZ,CYYZ,CYVR,1757648335,1757672640,2025-09-12T03:38:55+00:00,2025-09-12T10:24:00+00:00,405
c010ec,CYVR,YVR,Vancouver,CYYZ,CYVR,CYVR,CYYZ,1757689439,1757742612,2025-09-12T15:03:59+00:00,2025-09-13T05:50:12+00:00,886
c010ec,CYYZ,YYZ,Toronto,CYVR,CYYZ,CYYZ,CYVR,1757757682,1757767770,2025-09-13T10:01:22+00:00,2025-09-13T12:49:30+00:00,168
c010ec,CYVR,YVR,Vancouver,CYYZ,CYVR,CYVR,CYYZ,1757784129,1757789293,2025-09-13T17:22:09+00:00,2025-09-13T18:48:13+00:00,86
c010ec,CYYZ,YYZ,Toronto,CYVR,CYYZ,CYYZ,CYVR,1757804355,1757813808,2025-09-13T22:59:15+00:00,2025-09-14T01:36:48+00:00,157
c010ec,CYVR,YVR,Vancouver,CYYZ,CYVR,CYVR,CYYZ,1757829564,1757835332,2025-09-14T05:59:24+00:00,2025-09-14T07:35:32+00:00,96
c02029,CYVR,YVR,Vancouver,CYYC,CYVR,CYVR,CYYC,1756727313,1756865339,2025-09-01T11:48:33+00:00,2025-09-03T02:08:59+00:00,2300
c02029,CYYC,YYC,Calgary,CYVR,CYYC,CYYC,CYYZ,1756869186,1756874033,2025-09-03T03:13:06+00:00,2025-09-03T04:33:53+00:00,80
c02029,CYYZ,YYZ,Toronto,CYYC,CYYZ,CYYZ,CYYC,1756885738,1756914883,2025-09-03T07:48:58+00:00,2025-09-03T15:54:43+00:00,485
c02029,CYYC,YYC,Calgary,CYVR,CYYC,CYYC,CYYZ,1757473396,1757479925,2025-09-10T03:03:16+00:00,2025-09-10T04:52:05+00:00,108
c02029,CYYZ,YYZ,Toronto,CYYC,CYYZ,CYYZ,CYYC,1757492006,1757519446,2025-09-10T08:13:26+00:00,2025-09-10T15:50:46+00:00,457
c02029,CYYC,YYC,Calgary,CYYZ,CYYC,CYYC,CYVR,1757532437,1757537641,2025-09-10T19:27:17+00:00,2025-09-10T20:54:01+00:00,86
c02029,CYVR,YVR,Vancouver,CYYC,CYVR,CYVR,CYYZ,1757541052,1757556536,2025-09-10T21:50:52+00:00,2025-09-11T02:08:56+00:00,258
c0583f,CYYC,YYC,Calgary,CYUL,CYYC,CYYC,CYUL,1756704099,1756712533,2025-09-01T05:21:39+00:00,2025-09-01T07:42:13+00:00,140
c0583f,CYUL,YUL,Montreal,CYYC,CYUL,CYUL,CYVR,1756725706,1756899714,2025-09-01T11:21:46+00:00,2025-09-03T11:41:54+00:00,2900
c0583f,CYYZ,YYZ,Toronto,CYUL,CYYZ,CYYZ,CYUL,1757109210,1757537557,2025-09-05T21:53:30+00:00,2025-09-10T20:52:37+00:00,7139
c0583f,CYUL,YUL,Montreal,CYYZ,CYUL,CYUL,CYYC,1757540612,1757638473,2025-09-10T21:43:32+00:00,2025-09-12T00:54:33+00:00,1631
c0583f,CYYC,YYC,Calgary,CYUL,CYYC,CYYC,CYUL,1757652893,1757661654,2025-09-12T04:54:53+00:00,2025-09-12T07:20:54+00:00,146
c05bd6,CYYC,YYC,Calgary,CYYZ,CYYC,CYYC,CYYZ,1756705018,1756711838,2025-09-01T05:36:58+00:00,2025-09-01T07:30:38+00:00,113
c05bd6,CYYZ,YYZ,Toronto,CYYC,CYYZ,CYYZ,CYUL,1756724789,1756734452,2025-09-01T11:06:29+00:00,2025-09-01T13:47:32+00:00,161
c05bd6,CYUL,YUL,Montreal,CYYZ,CYUL,CYUL,CYYZ,1756737869,1756742500,2025-09-01T14:44:29+00:00,2025-09-01T16:01:40+00:00,77
c05bd6,CYYZ,YYZ,Toronto,CYUL,CYYZ,CYYZ,CYVR,1756745908,1756811161,2025-09-01T16:58:28+00:00,2025-09-02T11:06:01+00:00,1087
c05bd6,CYVR,YVR,Vancouver,CYYZ,CYVR,CYVR,CYYZ,1756827679,1756834804,2025-09-02T15:41:19+00:00,2025-09-02T17:40:04+00:00,118
c05bd6,CYYZ,YYZ,Toronto,CYVR,CYYZ,CYYZ,CYVR,1756925631,1757350502,2025-09-03T18:53:51+00:00,2025-09-08T16:55:02+00:00,7081
c05bd6,CYYC,YYC,Calgary,CYYZ,CYYC,CYYC,CYYZ,1757430785,1757436649,2025-09-09T15:13:05+00:00,2025-09-09T16:50:49+00:00,97
c05bd6,CYYZ,YYZ,Toronto,CYYC,CYYZ,CYYZ,CYYC,1757563572,1757589210,2025-09-11T04:06:12+00:00,2025-09-11T11:13:30+00:00,427
c05bd6,CYYC,YYC,Calgary,CYYZ,CYYC,CYYC,CYYZ,1757603369,1757608826,2025-09-11T15:09:29+00:00,2025-09-11T16:40:26+00:00,90
c05bd6,CYYZ,YYZ,Toronto,CYYC,CYYZ,CYYZ,CYYC,1757785318,1757789768,2025-09-13T17:41:58+00:00,2025-09-13T18:56:08+00:00,74
c05bd6,CYYC,YYC,Calgary,CYYZ,CYYC,CYYC,CYYZ,1757802710,1757808039,2025-09-13T22:31:50+00:00,2025-09-14T00:00:39+00:00,88
c05bd6,CYYZ,YYZ,Toronto,CYYC,CYYZ,CYYZ,CYVR,1757820717,1757845172,2025-09-14T03:31:57+00:00,2025-09-14T10:19:32+00:00,407
c05bd6,CYVR,YVR,Vancouver,CYYZ,CYVR,CYVR,CYYZ,1757861655,1757915571,2025-09-14T14:54:15+00:00,2025-09-15T05:52:51+00:00,898
c05bd6,CYYZ,YYZ,Toronto,CYVR,CYYZ,CYYZ,CYYC,1757931439,1757939852,2025-09-15T10:17:19+00:00,2025-09-15T12:37:32+00:00,140
c05bd6,CYYC,YYC,Calgary,CYYZ,CYYC,CYYC,CYYZ,1757952509,1757957044,2025-09-15T16:08:29+00:00,2025-09-15T17:24:04+00:00,75
c06156,CYYZ,YYZ,Toronto,CYYC,CYYZ,CYYZ,CYYC,1756724549,1757439691,2025-09-01T11:02:29+00:00,2025-09-09T17:41:31+00:00,11919
c06156,CYYZ,YYZ,Toronto,CYVR,CYYZ,CYYZ,CYYC,1757499022,1757505241,2025-09-10T10:10:22+00:00,2025-09-10T11:54:01+00:00,103
c06156,CYYC,YYC,Calgary,CYYZ,CYYC,CYYC,CYYZ,1757518858,1757526932,2025-09-10T15:40:58+00:00,2025-09-10T17:55:32+00:00,134
c01e1a,CYYZ,YYZ,Toronto,CYYC,CYYZ,CYYZ,CYEG,1756723229,1756736822,2025-09-01T10:40:29+00:00,2025-09-01T14:27:02+00:00,226
c01e1a,CYVR,YVR,Vancouver,CYYZ,CYVR,CYVR,CYYZ,1756793009,1756797810,2025-09-02T06:03:29+00:00,2025-09-02T07:23:30+00:00,80
c01e1a,CYYZ,YYZ,Toronto,CYVR,CYYZ,CYYZ,CYYC,1756813228,1756822555,2025-09-02T11:40:28+00:00,2025-09-02T14:15:55+00:00,155
c01e1a,CYVR,YVR,Vancouver,CYYZ,CYVR,CYVR,CYYZ,1757155018,1757159492,2025-09-06T10:36:58+00:00,2025-09-06T11:51:32+00:00,74
c01e1a,CYYZ,YYZ,Toronto,CYVR,CYYZ,CYYZ,CYYC,1757174334,1757382610,2025-09-06T15:58:54+00:00,2025-09-09T01:50:10+00:00,3471
c01e1a,CYYC,YYC,Calgary,CYYZ,CYYC,CYYC,CYYZ,1757396320,1757401599,2025-09-09T05:38:40+00:00,2025-09-09T07:06:39+00:00,87
c01e1a,CYYZ,YYZ,Toronto,CYYC,CYYZ,CYYZ,CYYC,1757414116,1757427930,2025-09-09T10:35:16+00:00,2025-09-09T14:25:30+00:00,230
c01e1a,CYVR,YVR,Vancouver,CYYZ,CYVR,CYVR,CYYC,1757657099,1757688545,2025-09-12T06:04:59+00:00,2025-09-12T14:49:05+00:00,524
c01e1a,CYYC,YYC,Calgary,CYVR,CYYC,CYYC,CYVR,1757692473,1757697886,2025-09-12T15:54:33+00:00,2025-09-12T17:24:46+00:00,90
c01e1a,CYVR,YVR,Vancouver,CYYC,CYVR,CYVR,CYEG,1757702033,1757707096,2025-09-12T18:33:53+00:00,2025-09-12T19:58:16+00:00,84
c01e1a,CYVR,YVR,Vancouver,CYEG,CYVR,CYVR,CYYC,1757958193,1757963040,2025-09-15T17:43:13+00:00,2025-09-15T19:04:00+00:00,80
c02207,CYYC,YYC,Calgary,CYYZ,CYYC,CYYC,CYYZ,1756699614,1756708298,2025-09-01T04:06:54+00:00,2025-09-01T06:31:38+00:00,144
c02207,CYYZ,YYZ,Toronto,CYYC,CYYZ,CYYZ,CYYC,1756720739,1756729723,2025-09-01T09:58:59+00:00,2025-09-01T12:28:43+00:00,149
c02207,CYYC,YYC,Calgary,CYYZ,CYYC,CYYC,CYEG,1756742613,1757705070,2025-09-01T16:03:33+00:00,2025-09-12T19:24:30+00:00,16040
c060bc,CYYZ,YYZ,Toronto,CYVR,CYYZ,CYYZ,CYYC,1756806413,1757204705,2025-09-02T09:46:53+00:00,2025-09-07T00:25:05+00:00,6638
c060bc,CYUL,YUL,Montreal,CYYZ,CYUL,CYUL,CYYZ,1757507909,1757513703,2025-09-10T12:38:29+00:00,2025-09-10T14:15:03+00:00,96
c060bc,CYYZ,YYZ,Toronto,CYUL,CYYZ,CYYZ,CYYC,1757516889,1757525233,2025-09-10T15:08:09+00:00,2025-09-10T17:27:13+00:00,139
c060bc,CYYZ,YYZ,Toronto,CYUL,CYYZ,CYYZ,CYVR,1757639426,1757679392,2025-09-12T01:10:26+00:00,2025-09-12T12:16:32+00:00,666
c060bc,CYVR,YVR,Vancouver,CYYZ,CYVR,CYVR,CYUL,1757696903,1757701923,2025-09-12T17:08:23+00:00,2025-09-12T18:32:03+00:00,83
c060bc,CYUL,YUL,Montreal,CYVR,CYUL,CYUL,CYYZ,1757717724,1757724576,2025-09-12T22:55:24+00:00,2025-09-13T00:49:36+00:00,114
c05bd2,CYYZ,YYZ,Toronto,CYVR,CYYZ,CYYZ,CYVR,1756875447,1756897651,2025-09-03T04:57:27+00:00,2025-09-03T11:07:31+00:00,370
c05bd2,CYVR,YVR,Vancouver,CYYZ,CYVR,CYVR,CYYZ,1756914125,1756950737,2025-09-03T15:42:05+00:00,2025-09-04T01:52:17+00:00,610
c05bd2,CYYZ,YYZ,Toronto,CYVR,CYYZ,CYYZ,CYVR,1756965345,1756981931,2025-09-04T05:55:45+00:00,2025-09-04T10:32:11+00:00,276
c05bd2,CYVR,YVR,Vancouver,CYYZ,CYVR,CYVR,CYYZ,1756999318,1757007330,2025-09-04T15:21:58+00:00,2025-09-04T17:35:30+00:00,133
c05bd2,CYYZ,YYZ,Toronto,CYYC,CYYZ,CYYZ,CYYC,1757094727,1757124137,2025-09-05T17:52:07+00:00,2025-09-06T02:02:17+00:00,490
c05bd2,CYYC,YYC,Calgary,CYYZ,CYYC,CYYC,CYYZ,1757137875,1757165860,2025-09-06T05:51:15+00:00,2025-09-06T13:37:40+00:00,466
c05bd2,CYYZ,YYZ,Toronto,CYYC,CYYZ,CYYZ,CYVR,1757263199,1757267986,2025-09-07T16:39:59+00:00,2025-09-07T17:59:46+00:00,79
c05bd2,CYVR,YVR,Vancouver,CYYZ,CYVR,CYVR,CYYZ,1757285079,1757292048,2025-09-07T22:44:39+00:00,2025-09-08T00:40:48+00:00,116
c05bd2,CYYZ,YYZ,Toronto,CYVR,CYYZ,CYYZ,CYVR,1757306848,1757329981,2025-09-08T04:47:28+00:00,2025-09-08T11:13:01+00:00,385
c05bd2,CYVR,YVR,Vancouver,CYYZ,CYVR,CYVR,CYYZ,1757347019,1757351797,2025-09-08T15:56:59+00:00,2025-09-08T17:16:37+00:00,79
c05bd2,CYYZ,YYZ,Toronto,CYYC,CYYZ,CYYZ,CYVR,1757435244,1757441289,2025-09-09T16:27:24+00:00,2025-09-09T18:08:09+00:00,100
c05bd2,CYVR,YVR,Vancouver,CYYZ,CYVR,CYVR,CYYZ,1757457634,1757465238,2025-09-09T22:40:34+00:00,2025-09-10T00:47:18+00:00,126
c05bd2,CYYZ,YYZ,Toronto,CYVR,CYYZ,CYYZ,CYVR,1757480547,1757502613,2025-09-10T05:02:27+00:00,2025-09-10T11:10:13+00:00,367
c05bd2,CYVR,YVR,Vancouver,CYYZ,CYVR,CYVR,CYYZ,1757518956,1757525256,2025-09-10T15:42:36+00:00,2025-09-10T17:27:36+00:00,105
c05bd2,CYYZ,YYZ,Toronto,CYVR,CYYZ,CYYZ,CYVR,1757540611,1757609957,2025-09-10T21:43:31+00:00,2025-09-11T16:59:17+00:00,1155
c05bd2,CYVR,YVR,Vancouver,CYYZ,CYVR,CYVR,CYYZ,1757691684,1757697390,2025-09-12T15:41:24+00:00,2025-09-12T17:16:30+00:00,95
c05bd2,CYYZ,YYZ,Toronto,CYVR,CYYZ,CYYZ,CYEG,1757712717,1757788651,2025-09-12T21:31:57+00:00,2025-09-13T18:37:31+00:00,1265
c05bd2,CYVR,YVR,Vancouver,CYYZ,CYVR,CYVR,CYYZ,1757915996,1757921859,2025-09-15T05:59:56+00:00,2025-09-15T07:37:39+00:00,97
c05bd2,CYYZ,YYZ,Toronto,CYVR,CYYZ,CYYZ,CYVR,1757937683,1757945643,2025-09-15T12:01:23+00:00,2025-09-15T14:14:03+00:00,132
c0153b,CYVR,YVR,Vancouver,CYYC,CYVR,CYVR,CYYZ,1756709873,1756832960,2025-09-01T06:57:53+00:00,2025-09-02T17:09:20+00:00,2051
c0153b,CYYZ,YYZ,Toronto,CYVR,CYYZ,CYYZ,CYVR,1756848252,1757081111,2025-09-02T21:24:12+00:00,2025-09-05T14:05:11+00:00,3880
c0153b,CYVR,YVR,Vancouver,CYYZ,CYVR,CYVR,CYYZ,1757096898,1757694107,2025-09-05T18:28:18+00:00,2025-09-12T16:21:47+00:00,9953
c00757,CYVR,YVR,Vancouver,CYYC,CYVR,CYVR,CYYC,1756703383,1756827553,2025-09-01T05:09:43+00:00,2025-09-02T15:39:13+00:00,2069
c00757,CYYC,YYC,Calgary,CYVR,CYYC,CYYC,CYVR,1756831348,1756836981,2025-09-02T16:42:28+00:00,2025-09-02T18:16:21+00:00,93
c00757,CYVR,YVR,Vancouver,CYEG,CYVR,CYVR,CYYC,1756923777,1757001454,2025-09-03T18:22:57+00:00,2025-09-04T15:57:34+00:00,1294
c00757,CYYC,YYC,Calgary,CYVR,CYYC,CYYC,CYVR,1757005242,1757011459,2025-09-04T17:00:42+00:00,2025-09-04T18:44:19+00:00,103
c00757,CYVR,YVR,Vancouver,CYYC,CYVR,CYVR,CYEG,1757015375,1757097913,2025-09-04T19:49:35+00:00,2025-09-05T18:45:13+00:00,1375
c00757,CYYC,YYC,Calgary,CYVR,CYYC,CYYC,CYVR,1757120913,1757127226,2025-09-06T01:08:33+00:00,2025-09-06T02:53:46+00:00,105
c00757,CYVR,YVR,Vancouver,CYYC,CYVR,CYVR,CYYC,1757208567,1757259069,2025-09-07T01:29:27+00:00,2025-09-07T15:31:09+00:00,841
c00757,CYYC,YYC,Calgary,CYVR,CYYC,CYYC,CYVR,1757262702,1757268211,2025-09-07T16:31:42+00:00,2025-09-07T18:03:31+00:00,91
c00757,CYVR,YVR,Vancouver,CYYC,CYVR,CYVR,CYYC,1757272250,1757345943,2025-09-07T19:10:50+00:00,2025-09-08T15:39:03+00:00,1228
c00757,CYYC,YYC,Calgary,CYVR,CYYC,CYYC,CYVR,1757349869,1757354641,2025-09-08T16:44:29+00:00,2025-09-08T18:04:01+00:00,79
c00757,CYVR,YVR,Vancouver,CYYC,CYVR,CYVR,CYEG,1757358929,1757428561,2025-09-08T19:15:29+00:00,2025-09-09T14:36:01+00:00,1160
c00757,CYEG,YEG,Edmonton,CYVR,CYEG,CYEG,CYVR,1757432539,1757524110,2025-09-09T15:42:19+00:00,2025-09-10T17:08:30+00:00,1526
c00757,CYVR,YVR,Vancouver,CYEG,CYVR,CYVR,CYEG,1757528155,1757604999,2025-09-10T18:15:55+00:00,2025-09-11T15:36:39+00:00,1280
c00757,CYYC,YYC,Calgary,CYVR,CYYC,CYYC,CYVR,1757695859,1757701452,2025-09-12T16:50:59+00:00,2025-09-12T18:24:12+00:00,93
c00757,CYVR,YVR,Vancouver,CYYC,CYVR,CYVR,CYEG,1757705368,1757863642,2025-09-12T19:29:28+00:00,2025-09-14T15:27:22+00:00,2637
c00757,CYYC,YYC,Calgary,CYVR,CYYC,CYYC,CYVR,1757955561,1757961522,2025-09-15T16:59:21+00:00,2025-09-15T18:38:42+00:00,99
c06080,CYYZ,YYZ,Toronto,CYYC,CYYZ,CYYZ,CYYC,1756706734,1756742535,2025-09-01T06:05:34+00:00,2025-09-01T16:02:15+00:00,596
c06080,CYUL,YUL,Montreal,CYYZ,CYUL,CYUL,CYYZ,1757372392,1757377709,2025-09-08T22:59:52+00:00,2025-09-09T00:28:29+00:00,88
c06080,CYUL,YUL,Montreal,CYVR,CYUL,CYUL,CYYZ,1757791859,1757896148,2025-09-13T19:30:59+00:00,2025-09-15T00:29:08+00:00,1738
c080a2,CYVR,YVR,Vancouver,CYYC,CYVR,CYVR,CYYC,1756697603,1756863964,2025-09-01T03:33:23+00:00,2025-09-03T01:46:04+00:00,2772
c080a2,CYYC,YYC,Calgary,CYVR,CYYC,CYYC,CYEG,1756867852,1756879055,2025-09-03T02:50:52+00:00,2025-09-03T05:57:35+00:00,186
c080a2,CYVR,YVR,Vancouver,CYYZ,CYVR,CYVR,CYYC,1756970217,1757129615,2025-09-04T07:16:57+00:00,2025-09-06T03:33:35+00:00,2656
c080a2,CYYC,YYC,Calgary,CYYZ,CYYC,CYYC,CYYZ,1757268115,1757551041,2025-09-07T18:01:55+00:00,2025-09-11T00:37:21+00:00,4715
c080a2,CYYZ,YYZ,Toronto,CYYC,CYYZ,CYYZ,CYEG,1757563321,1757643640,2025-09-11T04:02:01+00:00,2025-09-12T02:20:40+00:00,1338
c004e9,CYYZ,YYZ,Toronto,CYYC,CYYZ,CYYZ,CYUL,1756700959,1756782707,2025-09-01T04:29:19+00:00,2025-09-02T03:11:47+00:00,1362
c004e9,CYUL,YUL,Montreal,CYYZ,CYUL,CYUL,CYYZ,1756786859,1756811105,2025-09-02T04:20:59+00:00,2025-09-02T11:05:05+00:00,404
c004e9,CYYZ,YYZ,Toronto,CYUL,CYYZ,CYYZ,CYVR,1756814576,1756821751,2025-09-02T12:02:56+00:00,2025-09-02T14:02:31+00:00,119
c004e9,CYYC,YYC,Calgary,CYVR,CYYC,CYYC,CYYZ,1757140026,1757229915,2025-09-06T06:27:06+00:00,2025-09-07T07:25:15+00:00,1498
c004e9,CYYZ,YYZ,Toronto,CYYC,CYYZ,CYYZ,CYYC,1757242306,1757250276,2025-09-07T10:51:46+00:00,2025-09-07T13:04:36+00:00,132
c004e9,CYYC,YYC,Calgary,CYYZ,CYYC,CYYC,CYYZ,1757264006,1757273135,2025-09-07T16:53:26+00:00,2025-09-07T19:25:35+00:00,152
c004e9,CYYZ,YYZ,Toronto,CYYC,CYYZ,CYYZ,CYYC,1757285184,1757290076,2025-09-07T22:46:24+00:00,2025-09-08T00:07:56+00:00,81
c004e9,CYYC,YYC,Calgary,CYYZ,CYYC,CYYC,CYVR,1757304884,1757381013,2025-09-08T04:14:44+00:00,2025-09-09T01:23:33+00:00,1268
c004e9,CYVR,YVR,Vancouver,CYYC,CYVR,CYVR,CYYC,1757384667,1757389060,2025-09-09T02:24:27+00:00,2025-09-09T03:37:40+00:00,73
c004e9,CYYC,YYC,Calgary,CYVR,CYYC,CYYC,CYYZ,1757392973,1757427317,2025-09-09T04:42:53+00:00,2025-09-09T14:15:17+00:00,572
c004e9,CYYZ,YYZ,Toronto,CYYC,CYYZ,CYYZ,CYUL,1757440019,1757559811,2025-09-09T17:46:59+00:00,2025-09-11T03:03:31+00:00,1996
c004e9,CYUL,YUL,Montreal,CYYZ,CYUL,CYUL,CYYC,1757563468,1757589313,2025-09-11T04:04:28+00:00,2025-09-11T11:15:13+00:00,430
c004e9,CYYC,YYC,Calgary,CYUL,CYYC,CYYC,CYVR,1757605512,1757613098,2025-09-11T15:45:12+00:00,2025-09-11T17:51:38+00:00,126
c004e9,CYYC,YYC,Calgary,CYYZ,CYYC,CYYC,CYVR,1757712637,1757742197,2025-09-12T21:30:37+00:00,2025-09-13T05:43:17+00:00,492
c004e9,CYVR,YVR,Vancouver,CYYC,CYVR,CYVR,CYYC,1757746130,1757765269,2025-09-13T06:48:50+00:00,2025-09-13T12:07:49+00:00,318
c004e9,CYYC,YYC,Calgary,CYVR,CYYC,CYYC,CYYZ,1757769059,1757920245,2025-09-13T13:10:59+00:00,2025-09-15T07:10:45+00:00,2519
c004e9,CYYZ,YYZ,Toronto,CYYC,CYYZ,CYYZ,CYYC,1757934023,1757941932,2025-09-15T11:00:23+00:00,2025-09-15T13:12:12+00:00,131
c080ae,CYYC,YYC,Calgary,CYYZ,CYYC,CYYC,CYEG,1757781682,1757794516,2025-09-13T16:41:22+00:00,2025-09-13T20:15:16+00:00,213
c080ae,CYVR,YVR,Vancouver,CYYC,CYVR,CYVR,CYYC,1757961282,1757966373,2025-09-15T18:34:42+00:00,2025-09-15T19:59:33+00:00,84
c066b6,CYUL,YUL,Montreal,CYYC,CYUL,CYUL,CYYZ,1756701140,1756916917,2025-09-01T04:32:20+00:00,2025-09-03T16:28:37+00:00,3596
c066b6,CYYZ,YYZ,Toronto,CYUL,CYYZ,CYYZ,CYYC,1756919932,1756982240,2025-09-03T17:18:52+00:00,2025-09-04T10:37:20+00:00,1038
c066b6,CYYC,YYC,Calgary,CYYZ,CYYC,CYYC,CYYZ,1756997396,1757002210,2025-09-04T14:49:56+00:00,2025-09-04T16:10:10+00:00,80
c066b6,CYYZ,YYZ,Toronto,CYYC,CYYZ,CYYZ,CYYC,1757013728,1757093609,2025-09-04T19:22:08+00:00,2025-09-05T17:33:29+00:00,1331
c066b6,CYYC,YYC,Calgary,CYYZ,CYYC,CYYC,CYYZ,1757476059,1757898205,2025-09-10T03:47:39+00:00,2025-09-15T01:03:25+00:00,7035
c00dce,CYYZ,YYZ,Toronto,CYEG,CYYZ,CYYZ,CYYC,1756982459,1756997493,2025-09-04T10:40:59+00:00,2025-09-04T14:51:33+00:00,250
c00dce,CYYC,YYC,Calgary,CYYZ,CYYC,CYYC,CYYZ,1757285991,1757291008,2025-09-07T22:59:51+00:00,2025-09-08T00:23:28+00:00,83
c00dce,CYYZ,YYZ,Toronto,CYYC,CYYZ,CYYZ,CYVR,1757303006,1757332144,2025-09-08T03:43:26+00:00,2025-09-08T11:49:04+00:00,485
c00dce,CYVR,YVR,Vancouver,CYYZ,CYVR,CYVR,CYYC,1757348877,1757356544,2025-09-08T16:27:57+00:00,2025-09-08T18:35:44+00:00,127
c00dce,CYYC,YYC,Calgary,CYVR,CYYC,CYYC,CYVR,1757360729,1757366242,2025-09-08T19:45:29+00:00,2025-09-08T21:17:22+00:00,91
c00dce,CYVR,YVR,Vancouver,CYYC,CYVR,CYVR,CYYC,1757389368,1757429949,2025-09-09T03:42:48+00:00,2025-09-09T14:59:09+00:00,676
c00dce,CYYC,YYC,Calgary,CYVR,CYYC,CYYC,CYVR,1757433864,1757438179,2025-09-09T16:04:24+00:00,2025-09-09T17:16:19+00:00,71
c00dce,CYVR,YVR,Vancouver,CYYC,CYVR,CYVR,CYEG,1757442081,1757447956,2025-09-09T18:21:21+00:00,2025-09-09T19:59:16+00:00,97
c013dc,CYYC,YYC,Calgary,CYEG,CYYC,CYYC,CYEG,1756762714,1757639408,2025-09-01T21:38:34+00:00,2025-09-12T01:10:08+00:00,14611
c084a3,CYYZ,YYZ,Toronto,CYEG,CYYZ,CYYZ,CYUL,1756724060,1756739503,2025-09-01T10:54:20+00:00,2025-09-01T15:11:43+00:00,257
c084a3,CYUL,YUL,Montreal,CYYZ,CYUL,CYUL,CYYZ,1756743073,1756748222,2025-09-01T16:11:13+00:00,2025-09-01T17:37:02+00:00,85
c084a3,CYYZ,YYZ,Toronto,CYUL,CYYZ,CYYZ,CYVR,1756751459,1756773643,2025-09-01T18:30:59+00:00,2025-09-02T00:40:43+00:00,369
c084a3,CYVR,YVR,Vancouver,CYYZ,CYVR,CYVR,CYYZ,1756789828,1756796827,2025-09-02T05:10:28+00:00,2025-09-02T07:07:07+00:00,116
c084a3,CYYZ,YYZ,Toronto,CYVR,CYYZ,CYYZ,CYEG,1756812079,1757413122,2025-09-02T11:21:19+00:00,2025-09-09T10:18:42+00:00,10017
c084a3,CYEG,YEG,Edmonton,CYYZ,CYEG,CYEG,CYYZ,1757427111,1757469180,2025-09-09T14:11:51+00:00,2025-09-10T01:53:00+00:00,701
c084a3,CYYZ,YYZ,Toronto,CYEG,CYYZ,CYYZ,CYEG,1757481459,1757592926,2025-09-10T05:17:39+00:00,2025-09-11T12:15:26+00:00,1857
c084a3,CYUL,YUL,Montreal,CYYZ,CYUL,CYUL,CYYZ,1757956905,1757962860,2025-09-15T17:21:45+00:00,2025-09-15T19:01:00+00:00,99
c01dcb,CYYZ,YYZ,Toronto,CYEG,CYYZ,CYYZ,CYYC,1756723882,1756751255,2025-09-01T10:51:22+00:00,2025-09-01T18:27:35+00:00,456
c01dcb,CYYC,YYC,Calgary,CYYZ,CYYC,CYYC,CYYZ,1756765562,1756819641,2025-09-01T22:26:02+00:00,2025-09-02T13:27:21+00:00,901
c01dcb,CYYZ,YYZ,Toronto,CYYC,CYYZ,CYYZ,CYEG,1756832069,1756865471,2025-09-02T16:54:29+00:00,2025-09-03T02:11:11+00:00,556
c01dcb,CYYC,YYC,Calgary,CYVR,CYYC,CYYC,CYVR,1756952210,1756957051,2025-09-04T02:16:50+00:00,2025-09-04T03:37:31+00:00,80
c01dcb,CYVR,YVR,Vancouver,CYYC,CYVR,CYVR,CYEG,1757038647,1757081043,2025-09-05T02:17:27+00:00,2025-09-05T14:04:03+00:00,706
c01dcb,CYYC,YYC,Calgary,CYVR,CYYC,CYYC,CYVR,1757125858,1757130072,2025-09-06T02:30:58+00:00,2025-09-06T03:41:12+00:00,70
c01dcb,CYVR,YVR,Vancouver,CYYC,CYVR,CYVR,CYYZ,1757133928,1757138194,2025-09-06T04:45:28+00:00,2025-09-06T05:56:34+00:00,71
c01dcb,CYYZ,YYZ,Toronto,CYVR,CYYZ,CYYZ,CYVR,1757153632,1757160666,2025-09-06T10:13:52+00:00,2025-09-06T12:11:06+00:00,117
c01dcb,CYVR,YVR,Vancouver,CYYZ,CYVR,CYVR,CYYC,1757177245,1757256969,2025-09-06T16:47:25+00:00,2025-09-07T14:56:09+00:00,1328
c01dcb,CYYC,YYC,Calgary,CYVR,CYYC,CYYC,CYVR,1757260777,1757267923,2025-09-07T15:59:37+00:00,2025-09-07T17:58:43+00:00,119
c01dcb,CYVR,YVR,Vancouver,CYEG,CYVR,CYVR,CYYZ,1757307774,1757316332,2025-09-08T05:02:54+00:00,2025-09-08T07:25:32+00:00,142
c01dcb,CYYZ,YYZ,Toronto,CYVR,CYYZ,CYYZ,CYEG,1757331558,1757342251,2025-09-08T11:39:18+00:00,2025-09-08T14:37:31+00:00,178
c01dcb,CYVR,YVR,Vancouver,CYYZ,CYVR,CYVR,CYEG,1757607591,1757857948,2025-09-11T16:19:51+00:00,2025-09-14T13:52:28+00:00,4172
c060bd,CYYZ,YYZ,Toronto,CYEG,CYYZ,CYYZ,CYEG,1757003752,1757093461,2025-09-04T16:35:52+00:00,2025-09-05T17:31:01+00:00,1495
c060bd,CYYC,YYC,Calgary,CYYZ,CYYC,CYYC,CYYZ,1757266226,1757272177,2025-09-07T17:30:26+00:00,2025-09-07T19:09:37+00:00,99
c060bd,CYYZ,YYZ,Toronto,CYYC,CYYZ,CYYZ,CYUL,1757284463,1757524030,2025-09-07T22:34:23+00:00,2025-09-10T17:07:10+00:00,3992
c060bd,CYUL,YUL,Montreal,CYYZ,CYUL,CYUL,CYYZ,1757527816,1757532703,2025-09-10T18:10:16+00:00,2025-09-10T19:31:43+00:00,81
c060bd,CYYZ,YYZ,Toronto,CYUL,CYYZ,CYYZ,CYVR,1757535967,1757641672,2025-09-10T20:26:07+00:00,2025-09-12T01:47:52+00:00,1761
c055d2,CYYC,YYC,Calgary,CYEG,CYYC,CYYC,CYEG,1757021605,1757702285,2025-09-04T21:33:25+00:00,2025-09-12T18:38:05+00:00,11344
c07eee,CYYC,YYC,Calgary,CYEG,CYYC,CYYC,CYYZ,1756697009,1757387774,2025-09-01T03:23:29+00:00,2025-09-09T03:16:14+00:00,11512
c07eee,CYYZ,YYZ,Toronto,CYYC,CYYZ,CYYZ,CYYC,1757400329,1757426887,2025-09-09T06:45:29+00:00,2025-09-09T14:08:07+00:00,442
c07eee,CYYC,YYC,Calgary,CYYZ,CYYC,CYYC,CYEG,1757440758,1757810661,2025-09-09T17:59:18+00:00,2025-09-14T00:44:21+00:00,6165
c0192e,CYYZ,YYZ,Toronto,CYEG,CYYZ,CYYZ,CYUL,1756705337,1756728187,2025-09-01T05:42:17+00:00,2025-09-01T12:03:07+00:00,380
c0192e,CYUL,YUL,Montreal,CYYZ,CYUL,CYUL,CYYZ,1756731747,1756736800,2025-09-01T13:02:27+00:00,2025-09-01T14:26:40+00:00,84
c0192e,CYYZ,YYZ,Toronto,CYUL,CYYZ,CYYZ,CYVR,1756739874,1756826283,2025-09-01T15:17:54+00:00,2025-09-02T15:18:03+00:00,1440
c0192e,CYYC,YYC,Calgary,CYYZ,CYYC,CYYC,CYYZ,1756913606,1756945989,2025-09-03T15:33:26+00:00,2025-09-04T00:33:09+00:00,539
c0192e,CYYZ,YYZ,Toronto,CYYC,CYYZ,CYYZ,CYVR,1756957858,1756983641,2025-09-04T03:50:58+00:00,2025-09-04T11:00:41+00:00,429
c0192e,CYVR,YVR,Vancouver,CYEG,CYVR,CYVR,CYYZ,1757017677,1757119916,2025-09-04T20:27:57+00:00,2025-09-06T00:51:56+00:00,1703
c0192e,CYYZ,YYZ,Toronto,CYVR,CYYZ,CYYZ,CYUL,1757134859,1757174825,2025-09-06T05:00:59+00:00,2025-09-06T16:07:05+00:00,666
c0192e,CYUL,YUL,Montreal,CYYZ,CYUL,CYUL,CYYZ,1757178065,1757182801,2025-09-06T17:01:05+00:00,2025-09-06T18:20:01+00:00,78
c0192e,CYYZ,YYZ,Toronto,CYUL,CYYZ,CYYZ,CYYC,1757209683,1757251715,2025-09-07T01:48:03+00:00,2025-09-07T13:28:35+00:00,700
c0192e,CYYC,YYC,Calgary,CYYZ,CYYC,CYYC,CYYZ,1757266049,1757271735,2025-09-07T17:27:29+00:00,2025-09-07T19:02:15+00:00,94
c0192e,CYYZ,YYZ,Toronto,CYYC,CYYZ,CYYZ,CYYC,1757283521,1757289604,2025-09-07T22:18:41+00:00,2025-09-08T00:00:04+00:00,101
c0192e,CYYC,YYC,Calgary,CYYZ,CYYC,CYYC,CYYZ,1757302859,1757340483,2025-09-08T03:40:59+00:00,2025-09-08T14:08:03+00:00,627
c0192e,CYYZ,YYZ,Toronto,CYYC,CYYZ,CYYZ,CYYC,1757352164,1757357611,2025-09-08T17:22:44+00:00,2025-09-08T18:53:31+00:00,90
c0192e,CYYC,YYC,Calgary,CYYZ,CYYC,CYYC,CYYZ,1757371258,1757376243,2025-09-08T22:40:58+00:00,2025-09-09T00:04:03+00:00,83
c0192e,CYYZ,YYZ,Toronto,CYYC,CYYZ,CYYZ,CYVR,1757388298,1757414615,2025-09-09T03:24:58+00:00,2025-09-09T10:43:35+00:00,438
c0192e,CYVR,YVR,Vancouver,CYYZ,CYVR,CYVR,CYYZ,1757431738,1757438209,2025-09-09T15:28:58+00:00,2025-09-09T17:16:49+00:00,107
c0192e,CYYZ,YYZ,Toronto,CYEG,CYYZ,CYYZ,CYVR,1757519381,1757523930,2025-09-10T15:49:41+00:00,2025-09-10T17:05:30+00:00,75
c0192e,CYVR,YVR,Vancouver,CYYZ,CYVR,CYVR,CYYZ,1757602427,1757656192,2025-09-11T14:53:47+00:00,2025-09-12T05:49:52+00:00,896
c0192e,CYYZ,YYZ,Toronto,CYVR,CYYZ,CYYZ,CYUL,1757671739,1757678895,2025-09-12T10:08:59+00:00,2025-09-12T12:08:15+00:00,119
c0192e,CYUL,YUL,Montreal,CYYZ,CYUL,CYUL,CYYZ,1757682416,1757687856,2025-09-12T13:06:56+00:00,2025-09-12T14:37:36+00:00,90
c0192e,CYYZ,YYZ,Toronto,CYUL,CYYZ,CYYZ,CYVR,1757691260,1757696581,2025-09-12T15:34:20+00:00,2025-09-12T17:03:01+00:00,88
c0192e,CYYC,YYC,Calgary,CYYZ,CYYC,CYYC,CYYZ,1757775471,1757781739,2025-09-13T14:57:51+00:00,2025-09-13T16:42:19+00:00,104
c0192e,CYYZ,YYZ,Toronto,CYYC,CYYZ,CYYZ,CYYC,1757871059,1757875896,2025-09-14T17:30:59+00:00,2025-09-14T18:51:36+00:00,80
c0192e,CYYC,YYC,Calgary,CYYZ,CYYC,CYYC,CYYZ,1757890303,1757895518,2025-09-14T22:51:43+00:00,2025-09-15T00:18:38+00:00,86
c0192e,CYYZ,YYZ,Toronto,CYYC,CYYZ,CYYZ,CYYC,1757908139,1757944413,2025-09-15T03:48:59+00:00,2025-09-15T13:53:33+00:00,604
c0192e,CYYC,YYC,Calgary,CYYZ,CYYC,CYYC,CYYZ,1757957758,1757962892,2025-09-15T17:35:58+00:00,2025-09-15T19:01:32+00:00,85
c03c05,CYYZ,YYZ,Toronto,CYEG,CYYZ,CYYZ,CYEG,1756701262,1756818243,2025-09-01T04:34:22+00:00,2025-09-02T13:04:03+00:00,1949
c03c05,CYVR,YVR,Vancouver,CYYZ,CYVR,CYVR,CYYC,1756939153,1756949703,2025-09-03T22:39:13+00:00,2025-09-04T01:35:03+00:00,175
c03c05,CYYC,YYC,Calgary,CYVR,CYYC,CYYC,CYEG,1756953479,1757100106,2025-09-04T02:37:59+00:00,2025-09-05T19:21:46+00:00,2443
c03c05,CYUL,YUL,Montreal,CYYZ,CYUL,CYUL,CYYZ,1757477273,1757502076,2025-09-10T04:07:53+00:00,2025-09-10T11:01:16+00:00,413
c03c05,CYYC,YYC,Calgary,CYVR,CYYC,CYYC,CYYZ,1757565768,1757571721,2025-09-11T04:42:48+00:00,2025-09-11T06:22:01+00:00,99
c03c05,CYYZ,YYZ,Toronto,CYYC,CYYZ,CYYZ,CYYC,1757584162,1757603081,2025-09-11T09:49:22+00:00,2025-09-11T15:04:41+00:00,315
c03c05,CYYC,YYC,Calgary,CYYZ,CYYC,CYYC,CYVR,1757616993,1757639932,2025-09-11T18:56:33+00:00,2025-09-12T01:18:52+00:00,382
c03c05,CYVR,YVR,Vancouver,CYYC,CYVR,CYVR,CYYC,1757643709,1757796981,2025-09-12T02:21:49+00:00,2025-09-13T20:56:21+00:00,2554
c03c05,CYYC,YYC,Calgary,CYVR,CYYC,CYYC,CYYZ,1757800663,1757831906,2025-09-13T21:57:43+00:00,2025-09-14T06:38:26+00:00,520
c03af2,CYVR,YVR,Vancouver,CYEG,CYVR,CYVR,CYEG,1756691728,1756846340,2025-09-01T01:55:28+00:00,2025-09-02T20:52:20+00:00,2576
c03af2,CYYC,YYC,Calgary,CYVR,CYYC,CYYC,CYVR,1756926049,1756930759,2025-09-03T19:00:49+00:00,2025-09-03T20:19:19+00:00,78
c03af2,CYVR,YVR,Vancouver,CYYC,CYVR,CYVR,CYYZ,1756934252,1757077770,2025-09-03T21:17:32+00:00,2025-09-05T13:09:30+00:00,2391
c03af2,CYYZ,YYZ,Toronto,CYVR,CYYZ,CYYZ,CYVR,1757093034,1757125756,2025-09-05T17:23:54+00:00,2025-09-06T02:29:16+00:00,545
c03af2,CYVR,YVR,Vancouver,CYYZ,CYVR,CYVR,CYYC,1757142289,1757167890,2025-09-06T07:04:49+00:00,2025-09-06T14:11:30+00:00,426
c03af2,CYYC,YYC,Calgary,CYVR,CYYC,CYYC,CYVR,1757171853,1757178406,2025-09-06T15:17:33+00:00,2025-09-06T17:06:46+00:00,109
c03af2,CYVR,YVR,Vancouver,CYYC,CYVR,CYVR,CYYC,1757182464,1757188020,2025-09-06T18:14:24+00:00,2025-09-06T19:47:00+00:00,92
c03af2,CYYC,YYC,Calgary,CYVR,CYYC,CYYC,CYVR,1757191769,1757304691,2025-09-06T20:49:29+00:00,2025-09-08T04:11:31+00:00,1882
c03af2,CYVR,YVR,Vancouver,CYYC,CYVR,CYVR,CYEG,1757308529,1757639982,2025-09-08T05:15:29+00:00,2025-09-12T01:19:42+00:00,5524
c03af2,CYYC,YYC,Calgary,CYVR,CYYC,CYYC,CYVR,1757735667,1757790510,2025-09-13T03:54:27+00:00,2025-09-13T19:08:30+00:00,914
c03af2,CYVR,YVR,Vancouver,CYYC,CYVR,CYVR,CYYC,1757794422,1757799991,2025-09-13T20:13:42+00:00,2025-09-13T21:46:31+00:00,92
c03af2,CYYC,YYC,Calgary,CYVR,CYYC,CYYC,CYYZ,1757803583,1757811355,2025-09-13T22:46:23+00:00,2025-09-14T00:55:55+00:00,129
c03af2,CYYZ,YYZ,Toronto,CYYC,CYYZ,CYYZ,CYYC,1757823749,1757852680,2025-09-14T04:22:29+00:00,2025-09-14T12:24:40+00:00,482
c03af2,CYYC,YYC,Calgary,CYYZ,CYYC,CYYC,CYYZ,1757865970,1757871660,2025-09-14T16:06:10+00:00,2025-09-14T17:41:00+00:00,94
c080d9,CYYZ,YYZ,Toronto,CYUL,CYYZ,CYYZ,CYUL,1756847307,1756923790,2025-09-02T21:08:27+00:00,2025-09-03T18:23:10+00:00,1274
c080d9,CYUL,YUL,Montreal,CYYZ,CYUL,CYUL,CYVR,1757911498,1757957550,2025-09-15T04:44:58+00:00,2025-09-15T17:32:30+00:00,767
c01f52,CYYC,YYC,Calgary,CYEG,CYYC,CYYC,CYEG,1756686863,1757129797,2025-09-01T00:34:23+00:00,2025-09-06T03:36:37+00:00,7382
c01f52,CYVR,YVR,Vancouver,CYYC,CYVR,CYVR,CYYC,1757227325,1757254046,2025-09-07T06:42:05+00:00,2025-09-07T14:07:26+00:00,445
c01f52,CYYC,YYC,Calgary,CYVR,CYYC,CYYC,CYVR,1757257795,1757477742,2025-09-07T15:09:55+00:00,2025-09-10T04:15:42+00:00,3665
c01f52,CYVR,YVR,Vancouver,CYYC,CYVR,CYVR,CYEG,1757481356,1757604213,2025-09-10T05:15:56+00:00,2025-09-11T15:23:33+00:00,2047
c01f52,CYEG,YEG,Edmonton,CYVR,CYEG,CYEG,CYVR,1757827917,1757939200,2025-09-14T05:31:57+00:00,2025-09-15T12:26:40+00:00,1854
c008f0,CYVR,YVR,Vancouver,CYEG,CYVR,CYVR,CYEG,1756688996,1757436094,2025-09-01T01:09:56+00:00,2025-09-09T16:41:34+00:00,12451
c04fbb,CYUL,YUL,Montreal,CYYZ,CYUL,CYUL,CYYZ,1756765109,1757450778,2025-09-01T22:18:29+00:00,2025-09-09T20:46:18+00:00,11427
c04fbb,CYYZ,YYZ,Toronto,CYUL,CYYZ,CYYZ,CYUL,1757454087,1757710803,2025-09-09T21:41:27+00:00,2025-09-12T21:00:03+00:00,4278
c04fbb,CYUL,YUL,Montreal,CYYZ,CYUL,CYUL,CYYZ,1757714398,1757796347,2025-09-12T21:59:58+00:00,2025-09-13T20:45:47+00:00,1365
c060c8,CYYZ,YYZ,Toronto,CYVR,CYYZ,CYYZ,CYYC,1756841247,1757007069,2025-09-02T19:27:27+00:00,2025-09-04T17:31:09+00:00,2763
c060c8,CYYC,YYC,Calgary,CYYZ,CYYC,CYYC,CYUL,1757020757,1757426570,2025-09-04T21:19:17+00:00,2025-09-09T14:02:50+00:00,6763
c060c8,CYUL,YUL,Montreal,CYYC,CYUL,CYUL,CYYZ,1757439787,1757445307,2025-09-09T17:43:07+00:00,2025-09-09T19:15:07+00:00,92
c06a7d,CYUL,YUL,Montreal,CYYZ,CYUL,CYUL,CYYZ,1756761180,1756931399,2025-09-01T21:13:00+00:00,2025-09-03T20:29:59+00:00,2836
c00821,CYYZ,YYZ,Toronto,CYUL,CYYZ,CYYZ,CYUL,1756695868,1756757314,2025-09-01T03:04:28+00:00,2025-09-01T20:08:34+00:00,1024
c00821,CYUL,YUL,Montreal,CYYZ,CYUL,CYUL,CYYZ,1756760976,1756903798,2025-09-01T21:09:36+00:00,2025-09-03T12:49:58+00:00,2380
c00821,CYYZ,YYZ,Toronto,CYUL,CYYZ,CYYZ,CYYC,1756906857,1756911652,2025-09-03T13:40:57+00:00,2025-09-03T15:00:52+00:00,79
c00821,CYYC,YYC,Calgary,CYYZ,CYYC,CYYC,CYYZ,1756925527,1756965954,2025-09-03T18:52:07+00:00,2025-09-04T06:05:54+00:00,673
c00821,CYYZ,YYZ,Toronto,CYYC,CYYZ,CYYZ,CYYC,1756978094,1757035941,2025-09-04T09:28:14+00:00,2025-09-05T01:32:21+00:00,964
c00821,CYYC,YYC,Calgary,CYYZ,CYYC,CYYC,CYYZ,1757049418,1757120614,2025-09-05T05:16:58+00:00,2025-09-06T01:03:34+00:00,1186
c00821,CYUL,YUL,Montreal,CYYZ,CYUL,CYUL,CYYZ,1757717992,1757724298,2025-09-12T22:59:52+00:00,2025-09-13T00:44:58+00:00,105
c07b05,CYUL,YUL,Montreal,CYYZ,CYUL,CYUL,CYYZ,1756758430,1756842360,2025-09-01T20:27:10+00:00,2025-09-02T19:46:00+00:00,1398
c07b05,CYYZ,YYZ,Toronto,CYUL,CYYZ,CYYZ,CYUL,1756845735,1757073840,2025-09-02T20:42:15+00:00,2025-09-05T12:04:00+00:00,3801
c07b05,CYUL,YUL,Montreal,CYYZ,CYUL,CYUL,CYYZ,1757077097,1757082019,2025-09-05T12:58:17+00:00,2025-09-05T14:20:19+00:00,82
c07b05,CYYZ,YYZ,Toronto,CYUL,CYYZ,CYYZ,CYUL,1757085647,1757337308,2025-09-05T15:20:47+00:00,2025-09-08T13:15:08+00:00,4194
c07b05,CYUL,YUL,Montreal,CYYZ,CYUL,CYUL,CYYZ,1757341103,1757345792,2025-09-08T14:18:23+00:00,2025-09-08T15:36:32+00:00,78
c07b05,CYYZ,YYZ,Toronto,CYUL,CYYZ,CYYZ,CYYC,1757349147,1757428600,2025-09-08T16:32:27+00:00,2025-09-09T14:36:40+00:00,1324
c07b05,CYYC,YYC,Calgary,CYYZ,CYYC,CYYC,CYYZ,1757442154,1757488672,2025-09-09T18:22:34+00:00,2025-09-10T07:17:52+00:00,775
c07b05,CYYZ,YYZ,Toronto,CYYC,CYYZ,CYYZ,CYUL,1757500947,1757610499,2025-09-10T10:42:27+00:00,2025-09-11T17:08:19+00:00,1825
c07b05,CYUL,YUL,Montreal,CYYZ,CYUL,CYUL,CYYZ,1757614165,1757621947,2025-09-11T18:09:25+00:00,2025-09-11T20:19:07+00:00,129
c07b05,CYYZ,YYZ,Toronto,CYUL,CYYZ,CYYZ,CYUL,1757625178,1757693103,2025-09-11T21:12:58+00:00,2025-09-12T16:05:03+00:00,1132
c07b05,CYUL,YUL,Montreal,CYYZ,CYUL,CYUL,CYYZ,1757696934,1757701188,2025-09-12T17:08:54+00:00,2025-09-12T18:19:48+00:00,70
c0669e,CYVR,YVR,Vancouver,CYYZ,CYVR,CYVR,CYYC,1756767579,1756773335,2025-09-01T22:59:39+00:00,2025-09-02T00:35:35+00:00,95
c0669e,CYYC,YYC,Calgary,CYVR,CYYC,CYYC,CYVR,1756777469,1757172180,2025-09-02T01:44:29+00:00,2025-09-06T15:23:00+00:00,6578
c0669e,CYVR,YVR,Vancouver,CYYC,CYVR,CYVR,CYYC,1757176159,1757183701,2025-09-06T16:29:19+00:00,2025-09-06T18:35:01+00:00,125
c0669e,CYYC,YYC,Calgary,CYVR,CYYC,CYYC,CYEG,1757187558,1757225340,2025-09-06T19:39:18+00:00,2025-09-07T06:09:00+00:00,629
c0669e,CYVR,YVR,Vancouver,CYYC,CYVR,CYVR,CYYC,1757261875,1757266772,2025-09-07T16:17:55+00:00,2025-09-07T17:39:32+00:00,81
c0669e,CYYC,YYC,Calgary,CYVR,CYYC,CYYC,CYVR,1757270844,1757275895,2025-09-07T18:47:24+00:00,2025-09-07T20:11:35+00:00,84
c0669e,CYVR,YVR,Vancouver,CYYC,CYVR,CYVR,CYYC,1757357072,1757362304,2025-09-08T18:44:32+00:00,2025-09-08T20:11:44+00:00,87
c0885e,CYYZ,YYZ,Toronto,CYYC,CYYZ,CYYZ,CYYC,1757263639,1757438522,2025-09-07T16:47:19+00:00,2025-09-09T17:22:02+00:00,2914
c0885e,CYUL,YUL,Montreal,CYYZ,CYUL,CYUL,CYVR,1757541437,1757548804,2025-09-10T21:57:17+00:00,2025-09-11T00:00:04+00:00,122
c0885e,CYVR,YVR,Vancouver,CYUL,CYVR,CYVR,CYUL,1757566662,1757690744,2025-09-11T04:57:42+00:00,2025-09-12T15:25:44+00:00,2068
c0885e,CYUL,YUL,Montreal,CYVR,CYUL,CYUL,CYYZ,1757707020,1757761960,2025-09-12T19:57:00+00:00,2025-09-13T11:12:40+00:00,915
c0885e,CYYZ,YYZ,Toronto,CYUL,CYYZ,CYYZ,CYVR,1757765290,1757939624,2025-09-13T12:08:10+00:00,2025-09-15T12:33:44+00:00,2905
c08864,CYUL,YUL,Montreal,CYYZ,CYUL,CYUL,CYYZ,1756701075,1756725435,2025-09-01T04:31:15+00:00,2025-09-01T11:17:15+00:00,406
c08864,CYYZ,YYZ,Toronto,CYUL,CYYZ,CYYZ,CYYC,1756728562,1756747681,2025-09-01T12:09:22+00:00,2025-09-01T17:28:01+00:00,318
c08864,CYYC,YYC,Calgary,CYYZ,CYYC,CYYC,CYUL,1756871930,1756908575,2025-09-03T03:58:50+00:00,2025-09-03T14:09:35+00:00,610
c08864,CYUL,YUL,Montreal,CYYC,CYUL,CYUL,CYYZ,1756921999,1756929104,2025-09-03T17:53:19+00:00,2025-09-03T19:51:44+00:00,118
c00dea,CYUL,YUL,Montreal,CYYZ,CYUL,CYUL,CYYZ,1756915618,1756920760,2025-09-03T16:06:58+00:00,2025-09-03T17:32:40+00:00,85
c00dea,CYYZ,YYZ,Toronto,CYUL,CYYZ,CYYZ,CYEG,1756924096,1757067465,2025-09-03T18:28:16+00:00,2025-09-05T10:17:45+00:00,2389
c030fd,CYVR,YVR,Vancouver,CYYZ,CYVR,CYVR,CYYC,1756761298,1756780767,2025-09-01T21:14:58+00:00,2025-09-02T02:39:27+00:00,324
c030fd,CYYC,YYC,Calgary,CYVR,CYYC,CYYC,CYYZ,1756785553,1756794840,2025-09-02T03:59:13+00:00,2025-09-02T06:34:00+00:00,154
c030fd,CYYZ,YYZ,Toronto,CYYC,CYYZ,CYYZ,CYUL,1756807311,1757070306,2025-09-02T10:01:51+00:00,2025-09-05T11:05:06+00:00,4383
c030fd,CYUL,YUL,Montreal,CYYZ,CYUL,CYUL,CYYZ,1757073508,1757078474,2025-09-05T11:58:28+00:00,2025-09-05T13:21:14+00:00,82
c030fd,CYYZ,YYZ,Toronto,CYUL,CYYZ,CYYZ,CYYC,1757081997,1757088312,2025-09-05T14:19:57+00:00,2025-09-05T16:05:12+00:00,105
c030fd,CYYC,YYC,Calgary,CYYZ,CYYC,CYYC,CYVR,1757141579,1757164457,2025-09-06T06:52:59+00:00,2025-09-06T13:14:17+00:00,381
c06b6a,CYVR,YVR,Vancouver,CYYZ,CYVR,CYVR,CYYZ,1757431461,1757437425,2025-09-09T15:24:21+00:00,2025-09-09T17:03:45+00:00,99
c06b6a,CYYZ,YYZ,Toronto,CYVR,CYYZ,CYYZ,CYEG,1757452437,1757779740,2025-09-09T21:13:57+00:00,2025-09-13T16:09:00+00:00,5455
c06b6a,CYUL,YUL,Montreal,CYYZ,CYUL,CYUL,CYYZ,1757823231,1757847693,2025-09-14T04:13:51+00:00,2025-09-14T11:01:33+00:00,407
c06b6a,CYYZ,YYZ,Toronto,CYUL,CYYZ,CYYZ,CYVR,1757850897,1757859422,2025-09-14T11:54:57+00:00,2025-09-14T14:17:02+00:00,142
c006b1,CYVR,YVR,Vancouver,CYYZ,CYVR,CYVR,CYYC,1756826871,1756837612,2025-09-02T15:27:51+00:00,2025-09-02T18:26:52+00:00,179
c006b1,CYYC,YYC,Calgary,CYVR,CYYC,CYYC,CYVR,1756841781,1757305411,2025-09-02T19:36:21+00:00,2025-09-08T04:23:31+00:00,7727
c006b1,CYVR,YVR,Vancouver,CYYC,CYVR,CYVR,CYYC,1757309426,1757345766,2025-09-08T05:30:26+00:00,2025-09-08T15:36:06+00:00,605
c006b1,CYYC,YYC,Calgary,CYVR,CYYC,CYYC,CYEG,1757349569,1757369966,2025-09-08T16:39:29+00:00,2025-09-08T22:19:26+00:00,339
c006b1,CYVR,YVR,Vancouver,CYYC,CYVR,CYVR,CYYZ,1757535103,1757856251,2025-09-10T20:11:43+00:00,2025-09-14T13:24:11+00:00,5352
740822,CYYZ,YYZ,Toronto,CYUL,CYYZ,CYYZ,CYUL,1756732026,1756740820,2025-09-01T13:07:06+00:00,2025-09-01T15:33:40+00:00,146
c04453,CYYC,YYC,Calgary,CYYZ,CYYC,CYYC,CYYZ,1756751735,1756922060,2025-09-01T18:35:35+00:00,2025-09-03T17:54:20+00:00,2838
c04453,CYVR,YVR,Vancouver,CYYC,CYVR,CYVR,CYYZ,1756998072,1757052382,2025-09-04T15:01:12+00:00,2025-09-05T06:06:22+00:00,905
c04453,CYYZ,YYZ,Toronto,CYVR,CYYZ,CYYZ,CYEG,1757066866,1757673778,2025-09-05T10:07:46+00:00,2025-09-12T10:42:58+00:00,10115
c04453,CYYZ,YYZ,Toronto,CYVR,CYYZ,CYYZ,CYYC,1757757852,1757776680,2025-09-13T10:04:12+00:00,2025-09-13T15:18:00+00:00,313
c04453,CYVR,YVR,Vancouver,CYYZ,CYVR,CYVR,CYYZ,1757869431,1757875891,2025-09-14T17:03:51+00:00,2025-09-14T18:51:31+00:00,107
c04453,CYYZ,YYZ,Toronto,CYVR,CYYZ,CYYZ,CYVR,1757890792,1757945003,2025-09-14T22:59:52+00:00,2025-09-15T14:03:23+00:00,903
c05edb,CYVR,YVR,Vancouver,CYUL,CYVR,CYVR,CYUL,1756938266,1756944004,2025-09-03T22:24:26+00:00,2025-09-04T00:00:04+00:00,95
c05edb,CYUL,YUL,Montreal,CYVR,CYUL,CYUL,CYYZ,1756960017,1756981446,2025-09-04T04:26:57+00:00,2025-09-04T10:24:06+00:00,357
c05edb,CYYZ,YYZ,Toronto,CYUL,CYYZ,CYYZ,CYUL,1756984886,1756992580,2025-09-04T11:21:26+00:00,2025-09-04T13:29:40+00:00,128
c05edb,CYUL,YUL,Montreal,CYYZ,CYUL,CYUL,CYYZ,1756996739,1757000465,2025-09-04T14:38:59+00:00,2025-09-04T15:41:05+00:00,62
c05edb,CYYZ,YYZ,Toronto,CYUL,CYYZ,CYYZ,CYUL,1757004085,1757261341,2025-09-04T16:41:25+00:00,2025-09-07T16:09:01+00:00,4287
c05edb,CYUL,YUL,Montreal,CYYZ,CYUL,CYUL,CYYZ,1757264848,1757270352,2025-09-07T17:07:28+00:00,2025-09-07T18:39:12+00:00,91
c05edb,CYYZ,YYZ,Toronto,CYUL,CYYZ,CYYZ,CYEG,1757274097,1757429724,2025-09-07T19:41:37+00:00,2025-09-09T14:55:24+00:00,2593
c05edb,CYUL,YUL,Montreal,CYYZ,CYUL,CYUL,CYYZ,1757553526,1757845719,2025-09-11T01:18:46+00:00,2025-09-14T10:28:39+00:00,4869
c00e55,CYVR,YVR,Vancouver,CYYZ,CYVR,CYVR,CYYZ,1756879040,1756965436,2025-09-03T05:57:20+00:00,2025-09-04T05:57:16+00:00,1439
c00e55,CYYZ,YYZ,Toronto,CYVR,CYYZ,CYYZ,CYVR,1756980503,1756996682,2025-09-04T10:08:23+00:00,2025-09-04T14:38:02+00:00,269
c00e55,CYYC,YYC,Calgary,CYYZ,CYYC,CYYC,CYYZ,1757051109,1757056062,2025-09-05T05:45:09+00:00,2025-09-05T07:07:42+00:00,82
c00e55,CYYZ,YYZ,Toronto,CYYC,CYYZ,CYYZ,CYYC,1757068909,1757123070,2025-09-05T10:41:49+00:00,2025-09-06T01:44:30+00:00,902
c00e55,CYYC,YYC,Calgary,CYYZ,CYYC,CYYC,CYYZ,1757136887,1757142734,2025-09-06T05:34:47+00:00,2025-09-06T07:12:14+00:00,97
c00e55,CYYZ,YYZ,Toronto,CYYC,CYYZ,CYYZ,CYYC,1757155018,1757168738,2025-09-06T10:36:58+00:00,2025-09-06T14:25:38+00:00,228
c00e55,CYVR,YVR,Vancouver,CYEG,CYVR,CYVR,CYYZ,1757564054,1757570520,2025-09-11T04:14:14+00:00,2025-09-11T06:02:00+00:00,107
c00e55,CYYZ,YYZ,Toronto,CYVR,CYYZ,CYYZ,CYVR,1757585908,1757598962,2025-09-11T10:18:28+00:00,2025-09-11T13:56:02+00:00,217
c00e55,CYVR,YVR,Vancouver,CYYZ,CYVR,CYVR,CYYC,1757743584,1757775232,2025-09-13T06:06:24+00:00,2025-09-13T14:53:52+00:00,527
c00e55,CYYC,YYC,Calgary,CYVR,CYYC,CYYC,CYVR,1757779009,1757783492,2025-09-13T15:56:49+00:00,2025-09-13T17:11:32+00:00,74
c00e55,CYVR,YVR,Vancouver,CYYC,CYVR,CYVR,CYEG,1757787466,1757792850,2025-09-13T18:17:46+00:00,2025-09-13T19:47:30+00:00,89
c00e55,CYYZ,YYZ,Toronto,CYVR,CYYZ,CYYZ,CYVR,1757844350,1757851086,2025-09-14T10:05:50+00:00,2025-09-14T11:58:06+00:00,112
c00e55,CYVR,YVR,Vancouver,CYYZ,CYVR,CYVR,CYYC,1757866913,1757873588,2025-09-14T16:21:53+00:00,2025-09-14T18:13:08+00:00,111
c00e55,CYYC,YYC,Calgary,CYVR,CYYC,CYYC,CYVR,1757877324,1757882921,2025-09-14T19:15:24+00:00,2025-09-14T20:48:41+00:00,93
c00e55,CYVR,YVR,Vancouver,CYYC,CYVR,CYVR,CYYC,1757887089,1757948086,2025-09-14T21:58:09+00:00,2025-09-15T14:54:46+00:00,1016
c00e55,CYYC,YYC,Calgary,CYVR,CYYC,CYYC,CYVR,1757952108,1757956713,2025-09-15T16:01:48+00:00,2025-09-15T17:18:33+00:00,76
c03cf4,CYYC,YYC,Calgary,CYYZ,CYYC,CYYC,CYYZ,1756749489,1756793523,2025-09-01T17:58:09+00:00,2025-09-02T06:12:03+00:00,733
c03cf4,CYYZ,YYZ,Toronto,CYEG,CYYZ,CYYZ,CYYC,1757068738,1757265009,2025-09-05T10:38:58+00:00,2025-09-07T17:10:09+00:00,3271
c03cf4,CYYC,YYC,Calgary,CYYZ,CYYC,CYYC,CYYZ,1757399249,1757466093,2025-09-09T06:27:29+00:00,2025-09-10T01:01:33+00:00,1114
c03cf4,CYYZ,YYZ,Toronto,CYYC,CYYZ,CYYZ,CYEG,1757478193,1757637883,2025-09-10T04:23:13+00:00,2025-09-12T00:44:43+00:00,2661
c03cf4,CYVR,YVR,Vancouver,CYYC,CYVR,CYVR,CYUL,1757932823,1757948438,2025-09-15T10:40:23+00:00,2025-09-15T15:00:38+00:00,260
c02fd8,CYYC,YYC,Calgary,CYYZ,CYYC,CYYC,CYVR,1756798071,1756823872,2025-09-02T07:27:51+00:00,2025-09-02T14:37:52+00:00,430
c02fd8,CYVR,YVR,Vancouver,CYYC,CYVR,CYVR,CYYC,1756827777,1756833045,2025-09-02T15:42:57+00:00,2025-09-02T17:10:45+00:00,87
c02fd8,CYYC,YYC,Calgary,CYVR,CYYC,CYYC,CYVR,1756836730,1756842570,2025-09-02T18:12:10+00:00,2025-09-02T19:49:30+00:00,97
c02fd8,CYVR,YVR,Vancouver,CYYC,CYVR,CYVR,CYYC,1756846244,1757045134,2025-09-02T20:50:44+00:00,2025-09-05T04:05:34+00:00,3314
c02fd8,CYYC,YYC,Calgary,CYVR,CYYC,CYYC,CYVR,1757048939,1757083136,2025-09-05T05:08:59+00:00,2025-09-05T14:38:56+00:00,569
c02fd8,CYVR,YVR,Vancouver,CYYC,CYVR,CYVR,CYYC,1757086825,1757622394,2025-09-05T15:40:25+00:00,2025-09-11T20:26:34+00:00,8926
c02fd8,CYVR,YVR,Vancouver,CYUL,CYVR,CYVR,CYYZ,1757746451,1757769030,2025-09-13T06:54:11+00:00,2025-09-13T13:10:30+00:00,376
c02fd8,CYYZ,YYZ,Toronto,CYVR,CYYZ,CYYZ,CYUL,1757784359,1757943726,2025-09-13T17:25:59+00:00,2025-09-15T13:42:06+00:00,2656
c02fd8,CYUL,YUL,Montreal,CYYZ,CYUL,CYUL,CYYZ,1757947618,1757952472,2025-09-15T14:46:58+00:00,2025-09-15T16:07:52+00:00,80
c06738,CYYC,YYC,Calgary,CYYZ,CYYC,CYYC,CYEG,1756749020,1757216641,2025-09-01T17:50:20+00:00,2025-09-07T03:44:01+00:00,7793
c06738,CYEG,YEG,Edmonton,CYYC,CYEG,CYEG,CYYC,1757218527,1757945523,2025-09-07T04:15:27+00:00,2025-09-15T14:12:03+00:00,12116
c060c5,CYEG,YEG,Edmonton,CYYZ,CYEG,CYEG,CYYZ,1756878029,1757052669,2025-09-03T05:40:29+00:00,2025-09-05T06:11:09+00:00,2910
c060c5,CYYZ,YYZ,Toronto,CYEG,CYYZ,CYYZ,CYVR,1757065005,1757248320,2025-09-05T09:36:45+00:00,2025-09-07T12:32:00+00:00,3055
c060c5,CYVR,YVR,Vancouver,CYYZ,CYVR,CYVR,CYUL,1757264729,1757269581,2025-09-07T17:05:29+00:00,2025-09-07T18:26:21+00:00,80
c060c5,CYUL,YUL,Montreal,CYVR,CYUL,CYUL,CYYZ,1757285244,1757291279,2025-09-07T22:47:24+00:00,2025-09-08T00:27:59+00:00,100
c060c5,CYYZ,YYZ,Toronto,CYUL,CYYZ,CYYZ,CYVR,1757294648,1757342469,2025-09-08T01:24:08+00:00,2025-09-08T14:41:09+00:00,797
c060c5,CYYZ,YYZ,Toronto,CYYC,CYYZ,CYYZ,CYEG,1757609779,1757642109,2025-09-11T16:56:19+00:00,2025-09-12T01:55:09+00:00,538
c060c5,CYUL,YUL,Montreal,CYVR,CYUL,CYUL,CYYC,1757881274,1757894592,2025-09-14T20:21:14+00:00,2025-09-15T00:03:12+00:00,221
c060c5,CYYC,YYC,Calgary,CYUL,CYYC,CYYC,CYYZ,1757909380,1757943094,2025-09-15T04:09:40+00:00,2025-09-15T13:31:34+00:00,561
c060c5,CYYZ,YYZ,Toronto,CYYC,CYYZ,CYYZ,CYYC,1757956288,1757960371,2025-09-15T17:11:28+00:00,2025-09-15T18:19:31+00:00,68
c03001,CYUL,YUL,Montreal,CYYZ,CYUL,CYUL,CYYZ,1757777116,1757866082,2025-09-13T15:25:16+00:00,2025-09-14T16:08:02+00:00,1482
c03001,CYYZ,YYZ,Toronto,CYUL,CYYZ,CYYZ,CYUL,1757869280,1757877270,2025-09-14T17:01:20+00:00,2025-09-14T19:14:30+00:00,133
c084b9,CYEG,YEG,Edmonton,CYYZ,CYEG,CYEG,CYYZ,1756909769,1756951033,2025-09-03T14:29:29+00:00,2025-09-04T01:57:13+00:00,687
c084b9,CYYZ,YYZ,Toronto,CYEG,CYYZ,CYYZ,CYEG,1757049358,1757206478,2025-09-05T05:15:58+00:00,2025-09-07T00:54:38+00:00,2618
c03488,CYUL,YUL,Montreal,CYYZ,CYUL,CYUL,CYYZ,1756699965,1756724460,2025-09-01T04:12:45+00:00,2025-09-01T11:01:00+00:00,408
c03488,CYYZ,YYZ,Toronto,CYUL,CYYZ,CYYZ,CYEG,1756727786,1756732354,2025-09-01T11:56:26+00:00,2025-09-01T13:12:34+00:00,76
c03488,CYYC,YYC,Calgary,CYYZ,CYYC,CYYC,CYYZ,1756828493,1756835240,2025-09-02T15:54:53+00:00,2025-09-02T17:47:20+00:00,112
c03488,CYYZ,YYZ,Toronto,CYYC,CYYZ,CYYZ,CYUL,1756847153,1757128262,2025-09-02T21:05:53+00:00,2025-09-06T03:11:02+00:00,4685
c03488,CYUL,YUL,Montreal,CYYZ,CYUL,CYUL,CYYZ,1757131614,1757156530,2025-09-06T04:06:54+00:00,2025-09-06T11:02:10+00:00,415
c03488,CYYZ,YYZ,Toronto,CYUL,CYYZ,CYYZ,CYVR,1757160206,1757212376,2025-09-06T12:03:26+00:00,2025-09-07T02:32:56+00:00,869
c03488,CYVR,YVR,Vancouver,CYYZ,CYVR,CYVR,CYEG,1757229196,1757250901,2025-09-07T07:13:16+00:00,2025-09-07T13:15:01+00:00,361
c03488,CYEG,YEG,Edmonton,CYVR,CYEG,CYEG,CYYZ,1757255053,1757269931,2025-09-07T14:24:13+00:00,2025-09-07T18:32:11+00:00,247
c03488,CYYZ,YYZ,Toronto,CYEG,CYYZ,CYYZ,CYEG,1757281220,1757607272,2025-09-07T21:40:20+00:00,2025-09-11T16:14:32+00:00,5434
c08861,CYUL,YUL,Montreal,CYYZ,CYUL,CYUL,CYYZ,1757131874,1757156802,2025-09-06T04:11:14+00:00,2025-09-06T11:06:42+00:00,415
c08861,CYYZ,YYZ,Toronto,CYUL,CYYZ,CYYZ,CYVR,1757160316,1757169486,2025-09-06T12:05:16+00:00,2025-09-06T14:38:06+00:00,152
c08861,CYYZ,YYZ,Toronto,CYYC,CYYZ,CYYZ,CYYC,1757349659,1757354640,2025-09-08T16:40:59+00:00,2025-09-08T18:04:00+00:00,83
c08861,CYUL,YUL,Montreal,CYVR,CYUL,CYUL,CYYC,1757620280,1757635850,2025-09-11T19:51:20+00:00,2025-09-12T00:10:50+00:00,259
c03f85,CYVR,YVR,Vancouver,CYYZ,CYVR,CYVR,CYYZ,1757437280,1757443153,2025-09-09T17:01:20+00:00,2025-09-09T18:39:13+00:00,97
c03f85,CYYZ,YYZ,Toronto,CYVR,CYYZ,CYYZ,CYYC,1757458790,1757509918,2025-09-09T22:59:50+00:00,2025-09-10T13:11:58+00:00,852
c03f85,CYYC,YYC,Calgary,CYYZ,CYYC,CYYC,CYYZ,1757523449,1757531794,2025-09-10T16:57:29+00:00,2025-09-10T19:16:34+00:00,139
c03f85,CYYZ,YYZ,Toronto,CYYC,CYYZ,CYYZ,CYYC,1757544631,1757549542,2025-09-10T22:50:31+00:00,2025-09-11T00:12:22+00:00,81
c03f85,CYYC,YYC,Calgary,CYYZ,CYYC,CYYC,CYVR,1757563193,1757617628,2025-09-11T03:59:53+00:00,2025-09-11T19:07:08+00:00,907
c03f85,CYVR,YVR,Vancouver,CYYC,CYVR,CYVR,CYYC,1757621429,1757626941,2025-09-11T20:10:29+00:00,2025-09-11T21:42:21+00:00,91
c03f85,CYYC,YYC,Calgary,CYVR,CYYC,CYYC,CYVR,1757631198,1757635743,2025-09-11T22:53:18+00:00,2025-09-12T00:09:03+00:00,75
c03f85,CYVR,YVR,Vancouver,CYYC,CYVR,CYVR,CYYC,1757639412,1757644551,2025-09-12T01:10:12+00:00,2025-09-12T02:35:51+00:00,85
c03f85,CYYC,YYC,Calgary,CYVR,CYYC,CYYC,CYYZ,1757648699,1757660892,2025-09-12T03:44:59+00:00,2025-09-12T07:08:12+00:00,203
c03f85,CYYZ,YYZ,Toronto,CYYC,CYYZ,CYYZ,CYYC,1757673738,1757682243,2025-09-12T10:42:18+00:00,2025-09-12T13:04:03+00:00,141
c03f85,CYYC,YYC,Calgary,CYYZ,CYYC,CYYC,CYYZ,1757696424,1757704321,2025-09-12T17:00:24+00:00,2025-09-12T19:12:01+00:00,131
c03f85,CYYZ,YYZ,Toronto,CYYC,CYYZ,CYYZ,CYYC,1757716639,1757722005,2025-09-12T22:37:19+00:00,2025-09-13T00:06:45+00:00,89
c005c5,CYEG,YEG,Edmonton,CYYZ,CYEG,CYEG,CYYZ,1756736748,1756780177,2025-09-01T14:25:48+00:00,2025-09-02T02:29:37+00:00,723
c03069,CYYC,YYC,Calgary,CYVR,CYYC,CYYC,CYVR,1757615129,1757620310,2025-09-11T18:25:29+00:00,2025-09-11T19:51:50+00:00,86
c080a5,CYYC,YYC,Calgary,CYYZ,CYYC,CYYC,CYYZ,1756736393,1756969577,2025-09-01T14:19:53+00:00,2025-09-04T07:06:17+00:00,3886
c080a5,CYYZ,YYZ,Toronto,CYYC,CYYZ,CYYZ,CYVR,1756982128,1757009130,2025-09-04T10:35:28+00:00,2025-09-04T18:05:30+00:00,450
c080a5,CYVR,YVR,Vancouver,CYYZ,CYVR,CYVR,CYYZ,1757025601,1757031254,2025-09-04T22:40:01+00:00,2025-09-05T00:14:14+00:00,94
c080a5,CYEG,YEG,Edmonton,CYYC,CYEG,CYEG,CYYC,1757640849,1757941763,2025-09-12T01:34:09+00:00,2025-09-15T13:09:23+00:00,5015
c07e32,CYUL,YUL,Montreal,CYYZ,CYUL,CYUL,CYYZ,1756700489,1756782690,2025-09-01T04:21:29+00:00,2025-09-02T03:11:30+00:00,1370
c07e32,CYYZ,YYZ,Toronto,CYUL,CYYZ,CYYZ,CYYC,1756786283,1756824181,2025-09-02T04:11:23+00:00,2025-09-02T14:43:01+00:00,631
c07e32,CYYC,YYC,Calgary,CYYZ,CYYC,CYYC,CYYZ,1756837492,1756880656,2025-09-02T18:24:52+00:00,2025-09-03T06:24:16+00:00,719
c07e32,CYYZ,YYZ,Toronto,CYYC,CYYZ,CYYZ,CYUL,1756893352,1756900753,2025-09-03T09:55:52+00:00,2025-09-03T11:59:13+00:00,123
c07e32,CYUL,YUL,Montreal,CYYZ,CYUL,CYUL,CYYZ,1756904397,1756909179,2025-09-03T12:59:57+00:00,2025-09-03T14:19:39+00:00,79
c07e32,CYYZ,YYZ,Toronto,CYUL,CYYZ,CYYZ,CYUL,1756912467,1757032043,2025-09-03T15:14:27+00:00,2025-09-05T00:27:23+00:00,1992
c07e32,CYUL,YUL,Montreal,CYYZ,CYUL,CYUL,CYYZ,1757035407,1757067065,2025-09-05T01:23:27+00:00,2025-09-05T10:11:05+00:00,527
c0730e,CYYC,YYC,Calgary,CYVR,CYYC,CYYC,CYVR,1757085108,1757089365,2025-09-05T15:11:48+00:00,2025-09-05T16:22:45+00:00,70
c0730e,CYYC,YYC,Calgary,CYVR,CYYC,CYYC,CYVR,1757690286,1757694377,2025-09-12T15:18:06+00:00,2025-09-12T16:26:17+00:00,68
c01d72,CYYC,YYC,Calgary,CYYZ,CYYC,CYYC,CYYZ,1757312474,1757317417,2025-09-08T06:21:14+00:00,2025-09-08T07:43:37+00:00,82
c01d72,CYYZ,YYZ,Toronto,CYYC,CYYZ,CYYZ,CYYC,1757390545,1757468373,2025-09-09T04:02:25+00:00,2025-09-10T01:39:33+00:00,1297
c01d72,CYYC,YYC,Calgary,CYYZ,CYYC,CYYC,CYYZ,1757482445,1757487856,2025-09-10T05:34:05+00:00,2025-09-10T07:04:16+00:00,90
c01d72,CYYZ,YYZ,Toronto,CYYC,CYYZ,CYYZ,CYVR,1757501393,1757512765,2025-09-10T10:49:53+00:00,2025-09-10T13:59:25+00:00,189
c01d72,CYVR,YVR,Vancouver,CYYZ,CYVR,CYVR,CYYC,1757529419,1757602604,2025-09-10T18:36:59+00:00,2025-09-11T14:56:44+00:00,1219
c01d72,CYYC,YYC,Calgary,CYVR,CYYC,CYYC,CYVR,1757606505,1757613563,2025-09-11T16:01:45+00:00,2025-09-11T17:59:23+00:00,117
c01d72,CYVR,YVR,Vancouver,CYYC,CYVR,CYVR,CYEG,1757617467,1757621923,2025-09-11T19:04:27+00:00,2025-09-11T20:18:43+00:00,74
c01d72,CYYC,YYC,Calgary,CYVR,CYYC,CYYC,CYVR,1757871230,1757875633,2025-09-14T17:33:50+00:00,2025-09-14T18:47:13+00:00,73
c01d72,CYVR,YVR,Vancouver,CYYC,CYVR,CYVR,CYEG,1757879718,1757884321,2025-09-14T19:55:18+00:00,2025-09-14T21:12:01+00:00,76
c05ed0,CYUL,YUL,Montreal,CYYZ,CYUL,CYUL,CYYZ,1756690745,1756697374,2025-09-01T01:39:05+00:00,2025-09-01T03:29:34+00:00,110
c05ed0,CYVR,YVR,Vancouver,CYUL,CYVR,CYVR,CYUL,1757023785,1757030715,2025-09-04T22:09:45+00:00,2025-09-05T00:05:15+00:00,115
c05ed0,CYUL,YUL,Montreal,CYVR,CYUL,CYUL,CYVR,1757046858,1757181174,2025-09-05T04:34:18+00:00,2025-09-06T17:52:54+00:00,2238
c05ed0,CYVR,YVR,Vancouver,CYUL,CYVR,CYVR,CYUL,1757199537,1757205612,2025-09-06T22:58:57+00:00,2025-09-07T00:40:12+00:00,101
c05ed0,CYUL,YUL,Montreal,CYVR,CYUL,CYUL,CYYZ,1757221488,1757243310,2025-09-07T05:04:48+00:00,2025-09-07T11:08:30+00:00,363
c05ed0,CYYZ,YYZ,Toronto,CYUL,CYYZ,CYYZ,CYUL,1757247443,1757251027,2025-09-07T12:17:23+00:00,2025-09-07T13:17:07+00:00,59
c05ed0,CYUL,YUL,Montreal,CYYZ,CYUL,CYUL,CYYZ,1757255062,1757258962,2025-09-07T14:24:22+00:00,2025-09-07T15:29:22+00:00,65
c05ed0,CYYZ,YYZ,Toronto,CYUL,CYYZ,CYYZ,CYYC,1757262864,1757354670,2025-09-07T16:34:24+00:00,2025-09-08T18:04:30+00:00,1530
c05ed0,CYUL,YUL,Montreal,CYYZ,CYUL,CYUL,CYVR,1757424306,1757524753,2025-09-09T13:25:06+00:00,2025-09-10T17:19:13+00:00,1674
c05ed0,CYYZ,YYZ,Toronto,CYUL,CYYZ,CYYZ,CYYC,1757682209,1757687490,2025-09-12T13:03:29+00:00,2025-09-12T14:31:30+00:00,88
c05ed0,CYYC,YYC,Calgary,CYYZ,CYYC,CYYC,CYYZ,1757701195,1757743203,2025-09-12T18:19:55+00:00,2025-09-13T06:00:03+00:00,700
c05ed0,CYYZ,YYZ,Toronto,CYYC,CYYZ,CYYZ,CYEG,1757755589,1757860772,2025-09-13T09:26:29+00:00,2025-09-14T14:39:32+00:00,1753
c07721,CYUL,YUL,Montreal,CYYZ,CYUL,CYUL,CYYZ,1756689896,1757032297,2025-09-01T01:24:56+00:00,2025-09-05T00:31:37+00:00,5706
c07721,CYYZ,YYZ,Toronto,CYUL,CYYZ,CYYZ,CYUL,1757035549,1757289637,2025-09-05T01:25:49+00:00,2025-09-08T00:00:37+00:00,4234
c07721,CYUL,YUL,Montreal,CYYZ,CYUL,CYUL,CYYZ,1757292775,1757636416,2025-09-08T00:52:55+00:00,2025-09-12T00:20:16+00:00,5727
c07721,CYYZ,YYZ,Toronto,CYUL,CYYZ,CYYZ,CYUL,1757639806,1757894782,2025-09-12T01:16:46+00:00,2025-09-15T00:06:22+00:00,4249
c07721,CYUL,YUL,Montreal,CYYZ,CYUL,CYUL,CYYZ,1757899046,1757963100,2025-09-15T01:17:26+00:00,2025-09-15T19:05:00+00:00,1067
c05ec7,CYUL,YUL,Montreal,CYYZ,CYUL,CYUL,CYVR,1756843825,1757611890,2025-09-02T20:10:25+00:00,2025-09-11T17:31:30+00:00,12801
c05ec7,CYYZ,YYZ,Toronto,CYUL,CYYZ,CYYZ,CYUL,1757675488,1757866103,2025-09-12T11:11:28+00:00,2025-09-14T16:08:23+00:00,3176
c05ec7,CYUL,YUL,Montreal,CYYZ,CYUL,CYUL,CYYZ,1757869780,1757873794,2025-09-14T17:09:40+00:00,2025-09-14T18:16:34+00:00,66
c07b09,CYYZ,YYZ,Toronto,CYUL,CYYZ,CYYZ,CYUL,1756766001,1756829341,2025-09-01T22:33:21+00:00,2025-09-02T16:09:01+00:00,1055
c07b09,CYUL,YUL,Montreal,CYYZ,CYUL,CYUL,CYYZ,1756833223,1756838178,2025-09-02T17:13:43+00:00,2025-09-02T18:36:18+00:00,82
c07b09,CYYZ,YYZ,Toronto,CYUL,CYYZ,CYYZ,CYUL,1756841453,1756846091,2025-09-02T19:30:53+00:00,2025-09-02T20:48:11+00:00,77
c07b09,CYUL,YUL,Montreal,CYYZ,CYUL,CYUL,CYYZ,1757046418,1757070620,2025-09-05T04:26:58+00:00,2025-09-05T11:10:20+00:00,403
c07b09,CYYZ,YYZ,Toronto,CYUL,CYYZ,CYYZ,CYYC,1757074220,1757168743,2025-09-05T12:10:20+00:00,2025-09-06T14:25:43+00:00,1575
c07b09,CYYC,YYC,Calgary,CYYZ,CYYC,CYYC,CYYZ,1757183316,1757225417,2025-09-06T18:28:36+00:00,2025-09-07T06:10:17+00:00,701
c07b09,CYYZ,YYZ,Toronto,CYYC,CYYZ,CYYZ,CYYC,1757237698,1757344351,2025-09-07T09:34:58+00:00,2025-09-08T15:12:31+00:00,1777
c07b09,CYYC,YYC,Calgary,CYYZ,CYYC,CYYC,CYYZ,1757358680,1757399160,2025-09-08T19:11:20+00:00,2025-09-09T06:26:00+00:00,674
c07b09,CYYZ,YYZ,Toronto,CYYC,CYYZ,CYYZ,CYYC,1757411627,1757515314,2025-09-09T09:53:47+00:00,2025-09-10T14:41:54+00:00,1728
c07b09,CYYC,YYC,Calgary,CYYZ,CYYC,CYYC,CYYZ,1757528858,1757570840,2025-09-10T18:27:38+00:00,2025-09-11T06:07:20+00:00,699
c07b09,CYYZ,YYZ,Toronto,CYYC,CYYZ,CYYZ,CYEG,1757583352,1757602012,2025-09-11T09:35:52+00:00,2025-09-11T14:46:52+00:00,311
c07998,CYYZ,YYZ,Toronto,CYUL,CYYZ,CYYZ,CYUL,1756764501,1757117360,2025-09-01T22:08:21+00:00,2025-09-06T00:09:20+00:00,5880
c07998,CYUL,YUL,Montreal,CYYZ,CYUL,CYUL,CYYZ,1757121225,1757708951,2025-09-06T01:13:45+00:00,2025-09-12T20:29:11+00:00,9795
c07998,CYYZ,YYZ,Toronto,CYUL,CYYZ,CYYZ,CYUL,1757712707,1757809139,2025-09-12T21:31:47+00:00,2025-09-14T00:18:59+00:00,1607
c058bb,CYYZ,YYZ,Toronto,CYUL,CYYZ,CYYZ,CYUL,1757193366,1757710443,2025-09-06T21:16:06+00:00,2025-09-12T20:54:03+00:00,8617
c058bb,CYUL,YUL,Montreal,CYYZ,CYUL,CYUL,CYYZ,1757714146,1757967485,2025-09-12T21:55:46+00:00,2025-09-15T20:18:05+00:00,4222
c07c7b,CYYZ,YYZ,Toronto,CYUL,CYYZ,CYYZ,CYUL,1756759012,1756817762,2025-09-01T20:36:52+00:00,2025-09-02T12:56:02+00:00,979
c07c7b,CYUL,YUL,Montreal,CYYZ,CYUL,CYUL,CYYZ,1756821299,1756827121,2025-09-02T13:54:59+00:00,2025-09-02T15:32:01+00:00,97
c07c7b,CYYZ,YYZ,Toronto,CYUL,CYYZ,CYYZ,CYUL,1756830288,1756838040,2025-09-02T16:24:48+00:00,2025-09-02T18:34:00+00:00,129
c07c7b,CYUL,YUL,Montreal,CYYZ,CYUL,CYUL,CYYZ,1757621718,1757626981,2025-09-11T20:15:18+00:00,2025-09-11T21:43:01+00:00,87
c00a0b,CYVR,YVR,Vancouver,CYUL,CYVR,CYVR,CYUL,1756766215,1756771507,2025-09-01T22:36:55+00:00,2025-09-02T00:05:07+00:00,88
c00a0b,CYUL,YUL,Montreal,CYVR,CYUL,CYUL,CYYZ,1756788525,1756808250,2025-09-02T04:48:45+00:00,2025-09-02T10:17:30+00:00,328
c00a0b,CYYZ,YYZ,Toronto,CYUL,CYYZ,CYYZ,CYUL,1756811663,1757005518,2025-09-02T11:14:23+00:00,2025-09-04T17:05:18+00:00,3230
c00a0b,CYUL,YUL,Montreal,CYYZ,CYUL,CYUL,CYYZ,1757008949,1757013960,2025-09-04T18:02:29+00:00,2025-09-04T19:26:00+00:00,83
c00a0b,CYYZ,YYZ,Toronto,CYUL,CYYZ,CYYZ,CYUL,1757017798,1757100244,2025-09-04T20:29:58+00:00,2025-09-05T19:24:04+00:00,1374
c00a0b,CYUL,YUL,Montreal,CYYZ,CYUL,CYUL,CYYZ,1757103383,1757108844,2025-09-05T20:16:23+00:00,2025-09-05T21:47:24+00:00,91
c00a0b,CYYZ,YYZ,Toronto,CYUL,CYYZ,CYYZ,CYUL,1757112627,1757185982,2025-09-05T22:50:27+00:00,2025-09-06T19:13:02+00:00,1222
c00a0b,CYUL,YUL,Montreal,CYYZ,CYUL,CYUL,CYYZ,1757189686,1757194111,2025-09-06T20:14:46+00:00,2025-09-06T21:28:31+00:00,73
c00a0b,CYYZ,YYZ,Toronto,CYUL,CYYZ,CYYZ,CYUL,1757197809,1757734087,2025-09-06T22:30:09+00:00,2025-09-13T03:28:07+00:00,8937
c00a0b,CYUL,YUL,Montreal,CYYZ,CYUL,CYUL,CYYZ,1757737548,1757792557,2025-09-13T04:25:48+00:00,2025-09-13T19:42:37+00:00,916
c05dc3,CYYZ,YYZ,Toronto,CYUL,CYYZ,CYYZ,CYUL,1756746207,1757509823,2025-09-01T17:03:27+00:00,2025-09-10T13:10:23+00:00,12726
c05dc3,CYUL,YUL,Montreal,CYYZ,CYUL,CYUL,CYYZ,1757513952,1757531478,2025-09-10T14:19:12+00:00,2025-09-10T19:11:18+00:00,292
c050c4,CYVR,YVR,Vancouver,CYUL,CYVR,CYVR,CYYZ,1756795785,1756819269,2025-09-02T06:49:45+00:00,2025-09-02T13:21:09+00:00,391
c050c4,CYYZ,YYZ,Toronto,CYVR,CYYZ,CYYZ,CYUL,1756834374,1756894993,2025-09-02T17:32:54+00:00,2025-09-03T10:23:13+00:00,1010
c050c4,CYYC,YYC,Calgary,CYVR,CYYC,CYYC,CYUL,1757226709,1757247023,2025-09-07T06:31:49+00:00,2025-09-07T12:10:23+00:00,338
c050c4,CYUL,YUL,Montreal,CYYZ,CYUL,CYUL,CYYC,1757476399,1757507671,2025-09-10T03:53:19+00:00,2025-09-10T12:34:31+00:00,521
c050c4,CYYC,YYC,Calgary,CYUL,CYYC,CYYC,CYUL,1757522036,1757527962,2025-09-10T16:33:56+00:00,2025-09-10T18:12:42+00:00,98
c050c4,CYUL,YUL,Montreal,CYYC,CYUL,CYUL,CYYC,1757541212,1757594440,2025-09-10T21:53:32+00:00,2025-09-11T12:40:40+00:00,887
c050c4,CYYC,YYC,Calgary,CYUL,CYYC,CYYC,CYUL,1757609464,1757614231,2025-09-11T16:51:04+00:00,2025-09-11T18:10:31+00:00,79
c050c4,CYUL,YUL,Montreal,CYYC,CYUL,CYUL,CYYC,1757627234,1757765893,2025-09-11T21:47:14+00:00,2025-09-13T12:18:13+00:00,2310
c050c4,CYYC,YYC,Calgary,CYUL,CYYC,CYYC,CYUL,1757780083,1757787265,2025-09-13T16:14:43+00:00,2025-09-13T18:14:25+00:00,119
c050c4,CYUL,YUL,Montreal,CYYC,CYUL,CYUL,CYYC,1757800893,1757852805,2025-09-13T22:01:33+00:00,2025-09-14T12:26:45+00:00,865
c050c4,CYYC,YYC,Calgary,CYUL,CYYC,CYYC,CYUL,1757866973,1757873655,2025-09-14T16:22:53+00:00,2025-09-14T18:14:15+00:00,111
c050c4,CYUL,YUL,Montreal,CYYC,CYUL,CYUL,CYYC,1757887154,1757940180,2025-09-14T21:59:14+00:00,2025-09-15T12:43:00+00:00,883
c050c4,CYYC,YYC,Calgary,CYUL,CYYC,CYYC,CYUL,1757954175,1757959622,2025-09-15T16:36:15+00:00,2025-09-15T18:07:02+00:00,90
c04fdd,CYYZ,YYZ,Toronto,CYUL,CYYZ,CYYZ,CYUL,1756938405,1757192376,2025-09-03T22:26:45+00:00,2025-09-06T20:59:36+00:00,4232
c04fdd,CYUL,YUL,Montreal,CYYZ,CYUL,CYUL,CYYZ,1757196153,1757278339,2025-09-06T22:02:33+00:00,2025-09-07T20:52:19+00:00,1369
c04fdd,CYVR,YVR,Vancouver,CYUL,CYVR,CYVR,CYUL,1757782942,1757919645,2025-09-13T17:02:22+00:00,2025-09-15T07:00:45+00:00,2278
c05edf,CYYZ,YYZ,Toronto,CYUL,CYYZ,CYYZ,CYUL,1756726006,1756774983,2025-09-01T11:26:46+00:00,2025-09-02T01:03:03+00:00,816
c05edf,CYUL,YUL,Montreal,CYYZ,CYUL,CYUL,CYVR,1756779129,1756834443,2025-09-02T02:12:09+00:00,2025-09-02T17:34:03+00:00,921
c06171,CYYZ,YYZ,Toronto,CYVR,CYYZ,CYYZ,CYYC,1757099468,1757164712,2025-09-05T19:11:08+00:00,2025-09-06T13:18:32+00:00,1087
c06171,CYYC,YYC,Calgary,CYYZ,CYYC,CYYC,CYYZ,1757178098,1757184015,2025-09-06T17:01:38+00:00,2025-09-06T18:40:15+00:00,98
c06171,CYUL,YUL,Montreal,CYVR,CYUL,CYUL,CYYC,1757276078,1757290221,2025-09-07T20:14:38+00:00,2025-09-08T00:10:21+00:00,235
c06171,CYYC,YYC,Calgary,CYUL,CYYC,CYYC,CYUL,1757305340,1757340788,2025-09-08T04:22:20+00:00,2025-09-08T14:13:08+00:00,590
c06171,CYUL,YUL,Montreal,CYYC,CYUL,CYUL,CYYZ,1757353827,1757358780,2025-09-08T17:50:27+00:00,2025-09-08T19:13:00+00:00,82
c06171,CYYZ,YYZ,Toronto,CYUL,CYYZ,CYYZ,CYYC,1757361845,1757510553,2025-09-08T20:04:05+00:00,2025-09-10T13:22:33+00:00,2478
c06171,CYYC,YYC,Calgary,CYYZ,CYYC,CYYC,CYYZ,1757524408,1757530056,2025-09-10T17:13:28+00:00,2025-09-10T18:47:36+00:00,94
c06171,CYYZ,YYZ,Toronto,CYYC,CYYZ,CYYZ,CYUL,1757542849,1757635355,2025-09-10T22:20:49+00:00,2025-09-12T00:02:35+00:00,1541
c06171,CYUL,YUL,Montreal,CYYZ,CYUL,CYUL,CYVR,1757638827,1757675717,2025-09-12T01:00:27+00:00,2025-09-12T11:15:17+00:00,614
c06171,CYVR,YVR,Vancouver,CYUL,CYVR,CYVR,CYYZ,1757694406,1757699560,2025-09-12T16:26:46+00:00,2025-09-12T17:52:40+00:00,85
c06171,CYYZ,YYZ,Toronto,CYVR,CYYZ,CYYZ,CYYC,1757714758,1757870434,2025-09-12T22:05:58+00:00,2025-09-14T17:20:34+00:00,2594
c06a7b,CYYZ,YYZ,Toronto,CYUL,CYYZ,CYYZ,CYUL,1756689988,1757103069,2025-09-01T01:26:28+00:00,2025-09-05T20:11:09+00:00,6884
c06a7b,CYUL,YUL,Montreal,CYYZ,CYUL,CYUL,CYYZ,1757106400,1757118672,2025-09-05T21:06:40+00:00,2025-09-06T00:31:12+00:00,204
c06a7b,CYYZ,YYZ,Toronto,CYUL,CYYZ,CYYZ,CYUL,1757122485,1757621193,2025-09-06T01:34:45+00:00,2025-09-11T20:06:33+00:00,8311
c06081,CYEG,YEG,Edmonton,CYVR,CYEG,CYEG,CYVR,1757388872,1757505435,2025-09-09T03:34:32+00:00,2025-09-10T11:57:15+00:00,1942
c06081,CYVR,YVR,Vancouver,CYEG,CYVR,CYVR,CYUL,1757509588,1757603250,2025-09-10T13:06:28+00:00,2025-09-11T15:07:30+00:00,1561
c06081,CYUL,YUL,Montreal,CYVR,CYUL,CYUL,CYYZ,1757705938,1757808650,2025-09-12T19:38:58+00:00,2025-09-14T00:10:50+00:00,1711
c06081,CYYZ,YYZ,Toronto,CYUL,CYYZ,CYYZ,CYYC,1757811979,1757900323,2025-09-14T01:06:19+00:00,2025-09-15T01:38:43+00:00,1472
c00cd6,CYYC,YYC,Calgary,CYVR,CYYC,CYYC,CYVR,1756853841,1756862345,2025-09-02T22:57:21+00:00,2025-09-03T01:19:05+00:00,141
c00cd6,CYVR,YVR,Vancouver,CYYC,CYVR,CYVR,CYYC,1756866089,1756871570,2025-09-03T02:21:29+00:00,2025-09-03T03:52:50+00:00,91
c00cd6,CYYC,YYC,Calgary,CYVR,CYYC,CYYC,CYYZ,1756875365,1756881300,2025-09-03T04:56:05+00:00,2025-09-03T06:35:00+00:00,98
c00cd6,CYYZ,YYZ,Toronto,CYYC,CYYZ,CYYZ,CYYC,1756893443,1756954206,2025-09-03T09:57:23+00:00,2025-09-04T02:50:06+00:00,1012
c00cd6,CYYC,YYC,Calgary,CYYZ,CYYC,CYYC,CYUL,1756968229,1757206750,2025-09-04T06:43:49+00:00,2025-09-07T00:59:10+00:00,3975
c00cd6,CYUL,YUL,Montreal,CYYC,CYUL,CYUL,CYYZ,1757219874,1757242830,2025-09-07T04:37:54+00:00,2025-09-07T11:00:30+00:00,382
c00cd6,CYVR,YVR,Vancouver,CYYC,CYVR,CYVR,CYYC,1757621594,1757626395,2025-09-11T20:13:14+00:00,2025-09-11T21:33:15+00:00,80
c00cd6,CYYC,YYC,Calgary,CYVR,CYYC,CYYC,CYVR,1757630363,1757794321,2025-09-11T22:39:23+00:00,2025-09-13T20:12:01+00:00,2732
c00cd6,CYVR,YVR,Vancouver,CYYC,CYVR,CYVR,CYYZ,1757798250,1757808843,2025-09-13T21:17:30+00:00,2025-09-14T00:14:03+00:00,176
c00cd6,CYYZ,YYZ,Toronto,CYVR,CYYZ,CYYZ,CYYC,1757823866,1757846136,2025-09-14T04:24:26+00:00,2025-09-14T10:35:36+00:00,371
c00cd6,CYYC,YYC,Calgary,CYYZ,CYYC,CYYC,CYYZ,1757860006,1757866636,2025-09-14T14:26:46+00:00,2025-09-14T16:17:16+00:00,110
c00cd6,CYYZ,YYZ,Toronto,CYYC,CYYZ,CYYZ,CYYC,1757879220,1757894542,2025-09-14T19:47:00+00:00,2025-09-15T00:02:22+00:00,255
c00cd6,CYYC,YYC,Calgary,CYYZ,CYYC,CYYC,CYEG,1757908913,1757915001,2025-09-15T04:01:53+00:00,2025-09-15T05:43:21+00:00,101
c00cd6,CYEG,YEG,Edmonton,CYYC,CYEG,CYEG,CYYZ,1757916700,1757942100,2025-09-15T06:11:40+00:00,2025-09-15T13:15:00+00:00,423
c00cd6,CYYZ,YYZ,Toronto,CYEG,CYYZ,CYYZ,CYVR,1757954844,1757959811,2025-09-15T16:47:24+00:00,2025-09-15T18:10:11+00:00,82
c05d9d,CYVR,YVR,Vancouver,CYYC,CYVR,CYVR,CYYC,1756834004,1756845734,2025-09-02T17:26:44+00:00,2025-09-02T20:42:14+00:00,195
c05d9d,CYYC,YYC,Calgary,CYVR,CYYC,CYYC,CYVR,1756849692,1757261477,2025-09-02T21:48:12+00:00,2025-09-07T16:11:17+00:00,6863
c05d9d,CYVR,YVR,Vancouver,CYYC,CYVR,CYVR,CYYC,1757265313,1757270970,2025-09-07T17:15:13+00:00,2025-09-07T18:49:30+00:00,94
c05d9d,CYYC,YYC,Calgary,CYVR,CYYC,CYYC,CYVR,1757274659,1757281098,2025-09-07T19:50:59+00:00,2025-09-07T21:38:18+00:00,107
c05d9d,CYVR,YVR,Vancouver,CYYC,CYVR,CYVR,CYYC,1757284759,1757290197,2025-09-07T22:39:19+00:00,2025-09-08T00:09:57+00:00,90
c05d9d,CYYC,YYC,Calgary,CYVR,CYYC,CYYC,CYVR,1757294094,1757299179,2025-09-08T01:14:54+00:00,2025-09-08T02:39:39+00:00,84
c05d9d,CYVR,YVR,Vancouver,CYYC,CYVR,CYVR,CYYC,1757303229,1757309203,2025-09-08T03:47:09+00:00,2025-09-08T05:26:43+00:00,99
c05d9d,CYYC,YYC,Calgary,CYVR,CYYC,CYYC,CYVR,1757312871,1757528102,2025-09-08T06:27:51+00:00,2025-09-10T18:15:02+00:00,3587
c05d9d,CYVR,YVR,Vancouver,CYYC,CYVR,CYVR,CYYC,1757531780,1757555019,2025-09-10T19:16:20+00:00,2025-09-11T01:43:39+00:00,387
c05d9d,CYYC,YYC,Calgary,CYVR,CYYC,CYYC,CYVR,1757558966,1757569483,2025-09-11T02:49:26+00:00,2025-09-11T05:44:43+00:00,175
c05d9d,CYVR,YVR,Vancouver,CYYC,CYVR,CYVR,CYYC,1757573176,1757682993,2025-09-11T06:46:16+00:00,2025-09-12T13:16:33+00:00,1830
c05d9d,CYYC,YYC,Calgary,CYVR,CYYC,CYYC,CYVR,1757686883,1757693580,2025-09-12T14:21:23+00:00,2025-09-12T16:13:00+00:00,111
c05d9d,CYVR,YVR,Vancouver,CYYC,CYVR,CYVR,CYYC,1757697587,1757702943,2025-09-12T17:19:47+00:00,2025-09-12T18:49:03+00:00,89
c05d9d,CYYC,YYC,Calgary,CYVR,CYYC,CYYC,CYVR,1757706713,1757711887,2025-09-12T19:51:53+00:00,2025-09-12T21:18:07+00:00,86
c05d9d,CYVR,YVR,Vancouver,CYYC,CYVR,CYVR,CYYC,1757736774,1757745362,2025-09-13T04:12:54+00:00,2025-09-13T06:36:02+00:00,143
c07eda,CYVR,YVR,Vancouver,CYYC,CYVR,CYVR,CYEG,1756822323,1756840463,2025-09-02T14:12:03+00:00,2025-09-02T19:14:23+00:00,302
c07eda,CYEG,YEG,Edmonton,CYVR,CYEG,CYEG,CYYC,1756844691,1757020886,2025-09-02T20:24:51+00:00,2025-09-04T21:21:26+00:00,2936
c07eda,CYYC,YYC,Calgary,CYEG,CYYC,CYYC,CYYZ,1757022706,1757056144,2025-09-04T21:51:46+00:00,2025-09-05T07:09:04+00:00,557
c07eda,CYYZ,YYZ,Toronto,CYYC,CYYZ,CYYZ,CYVR,1757588157,1757599030,2025-09-11T10:55:57+00:00,2025-09-11T13:57:10+00:00,181
c07eda,CYVR,YVR,Vancouver,CYYZ,CYVR,CYVR,CYEG,1757616118,1757624021,2025-09-11T18:41:58+00:00,2025-09-11T20:53:41+00:00,131
c00da8,CYYC,YYC,Calgary,CYVR,CYYC,CYYC,CYVR,1756866094,1756870381,2025-09-03T02:21:34+00:00,2025-09-03T03:33:01+00:00,71
c00da8,CYVR,YVR,Vancouver,CYYC,CYVR,CYVR,CYYZ,1756874236,1756879295,2025-09-03T04:37:16+00:00,2025-09-03T06:01:35+00:00,84
c00da8,CYYZ,YYZ,Toronto,CYVR,CYYZ,CYYZ,CYVR,1756894427,1756899573,2025-09-03T10:13:47+00:00,2025-09-03T11:39:33+00:00,85
c00da8,CYVR,YVR,Vancouver,CYYZ,CYVR,CYVR,CYYC,1756916811,1756922590,2025-09-03T16:26:51+00:00,2025-09-03T18:03:10+00:00,96
c00da8,CYYC,YYC,Calgary,CYVR,CYYC,CYYC,CYVR,1756926599,1756930835,2025-09-03T19:09:59+00:00,2025-09-03T20:20:35+00:00,70
c00da8,CYVR,YVR,Vancouver,CYEG,CYVR,CYVR,CYYC,1757006757,1757013305,2025-09-04T17:25:57+00:00,2025-09-04T19:15:05+00:00,109
c00da8,CYYC,YYC,Calgary,CYVR,CYYC,CYYC,CYVR,1757039218,1757043393,2025-09-05T02:26:58+00:00,2025-09-05T03:36:33+00:00,69
c00da8,CYVR,YVR,Vancouver,CYYC,CYVR,CYVR,CYYC,1757297967,1757343362,2025-09-08T02:19:27+00:00,2025-09-08T14:56:02+00:00,756
c00da8,CYYC,YYC,Calgary,CYVR,CYYC,CYYC,CYVR,1757347266,1757352973,2025-09-08T16:01:06+00:00,2025-09-08T17:36:13+00:00,95
c00da8,CYVR,YVR,Vancouver,CYYC,CYVR,CYVR,CYEG,1757356739,1757361025,2025-09-08T18:38:59+00:00,2025-09-08T19:50:25+00:00,71
c00da8,CYYC,YYC,Calgary,CYVR,CYYC,CYYC,CYVR,1757520495,1757525263,2025-09-10T16:08:15+00:00,2025-09-10T17:27:43+00:00,79
c07fe9,CYYZ,YYZ,Toronto,CYVR,CYYZ,CYYZ,CYVR,1756807696,1756815631,2025-09-02T10:08:16+00:00,2025-09-02T12:20:31+00:00,132
c07fe9,CYVR,YVR,Vancouver,CYYZ,CYVR,CYVR,CYYZ,1756832158,1756838255,2025-09-02T16:55:58+00:00,2025-09-02T18:37:35+00:00,101
c0617d,CYUL,YUL,Montreal,CYYZ,CYUL,CYUL,CYVR,1756787263,1756815523,2025-09-02T04:27:43+00:00,2025-09-02T12:18:43+00:00,471
c0617d,CYVR,YVR,Vancouver,CYUL,CYVR,CYVR,CYYZ,1756832692,1756837821,2025-09-02T17:04:52+00:00,2025-09-02T18:30:21+00:00,85
c0617d,CYUL,YUL,Montreal,CYVR,CYUL,CYUL,CYYC,1757015284,1757031580,2025-09-04T19:48:04+00:00,2025-09-05T00:19:40+00:00,271
c0524c,CYEG,YEG,Edmonton,CYVR,CYEG,CYEG,CYYC,1756838501,1756991109,2025-09-02T18:41:41+00:00,2025-09-04T13:05:09+00:00,2543
c0524c,CYYC,YYC,Calgary,CYYZ,CYYC,CYYC,CYVR,1757313474,1757423555,2025-09-08T06:37:54+00:00,2025-09-09T13:12:35+00:00,1834
c0524c,CYVR,YVR,Vancouver,CYYC,CYVR,CYVR,CYYC,1757427358,1757432062,2025-09-09T14:15:58+00:00,2025-09-09T15:34:22+00:00,78
c0524c,CYYC,YYC,Calgary,CYVR,CYYC,CYYC,CYEG,1757435975,1757448502,2025-09-09T16:39:35+00:00,2025-09-09T20:08:22+00:00,208
c018d3,CYVR,YVR,Vancouver,CYYC,CYVR,CYVR,CYYC,1756830406,1756833501,2025-09-02T16:26:46+00:00,2025-09-02T17:18:21+00:00,51
c018d3,CYYC,YYC,Calgary,CYVR,CYYC,CYYC,CYVR,1756843030,1757941341,2025-09-02T19:57:10+00:00,2025-09-15T13:02:21+00:00,18305
c023aa,CYYZ,YYZ,Toronto,CYVR,CYYZ,CYYZ,CYUL,1757016461,1757613783,2025-09-04T20:07:41+00:00,2025-09-11T18:03:03+00:00,9955
c06403,CYYZ,YYZ,Toronto,CYVR,CYYZ,CYYZ,CYVR,1756844788,1757088368,2025-09-02T20:26:28+00:00,2025-09-05T16:06:08+00:00,4059
c06403,CYVR,YVR,Vancouver,CYYZ,CYVR,CYVR,CYYC,1757104514,1757426964,2025-09-05T20:35:14+00:00,2025-09-09T14:09:24+00:00,5374
c06403,CYYC,YYC,Calgary,CYVR,CYYC,CYYC,CYYZ,1757430959,1757747446,2025-09-09T15:15:59+00:00,2025-09-13T07:10:46+00:00,5274
c01f28,CYEG,YEG,Edmonton,CYVR,CYEG,CYEG,CYYZ,1756831966,1757316213,2025-09-02T16:52:46+00:00,2025-09-08T07:23:33+00:00,8070
c01f28,CYYZ,YYZ,Toronto,CYEG,CYYZ,CYYZ,CYVR,1757327964,1757340579,2025-09-08T10:39:24+00:00,2025-09-08T14:09:39+00:00,210
c0616e,CYYC,YYC,Calgary,CYYZ,CYYC,CYYC,CYYZ,1756920677,1756925411,2025-09-03T17:31:17+00:00,2025-09-03T18:50:11+00:00,78
c0616e,CYYZ,YYZ,Toronto,CYYC,CYYZ,CYYZ,CYEG,1756937919,1757469120,2025-09-03T22:18:39+00:00,2025-09-10T01:52:00+00:00,8853
c0616e,CYEG,YEG,Edmonton,CYYZ,CYEG,CYEG,CYYZ,1757482406,1757510224,2025-09-10T05:33:26+00:00,2025-09-10T13:17:04+00:00,463
c0616e,CYYZ,YYZ,Toronto,CYVR,CYYZ,CYYZ,CYEG,1757672034,1757784725,2025-09-12T10:13:54+00:00,2025-09-13T17:32:05+00:00,1878
c02fd5,CYVR,YVR,Vancouver,CYUL,CYVR,CYVR,CYUL,1757401162,1757485530,2025-09-09T06:59:22+00:00,2025-09-10T06:25:30+00:00,1406
c02fd5,CYVR,YVR,Vancouver,CYYC,CYVR,CYVR,CYUL,1757596937,1757916969,2025-09-11T13:22:17+00:00,2025-09-15T06:16:09+00:00,5333
c05da4,CYVR,YVR,Vancouver,CYYC,CYVR,CYVR,CYYC,1756792880,1756822059,2025-09-02T06:01:20+00:00,2025-09-02T14:07:39+00:00,486
c05da4,CYVR,YVR,Vancouver,CYEG,CYVR,CYVR,CYEG,1757050033,1757078100,2025-09-05T05:27:13+00:00,2025-09-05T13:15:00+00:00,467
c05da4,CYEG,YEG,Edmonton,CYVR,CYEG,CYEG,CYYZ,1757103626,1757509616,2025-09-05T20:20:26+00:00,2025-09-10T13:06:56+00:00,6766
c05da4,CYYZ,YYZ,Toronto,CYEG,CYYZ,CYYZ,CYVR,1757521644,1757527770,2025-09-10T16:27:24+00:00,2025-09-10T18:09:30+00:00,102
c05da4,CYVR,YVR,Vancouver,CYYZ,CYVR,CYVR,CYYZ,1757543894,1757610526,2025-09-10T22:38:14+00:00,2025-09-11T17:08:46+00:00,1110
c05da4,CYYZ,YYZ,Toronto,CYVR,CYYZ,CYYZ,CYYC,1757625473,1757636376,2025-09-11T21:17:53+00:00,2025-09-12T00:19:36+00:00,181
c05da4,CYYC,YYC,Calgary,CYYZ,CYYC,CYYC,CYYZ,1757650196,1757686385,2025-09-12T04:09:56+00:00,2025-09-12T14:13:05+00:00,603
c05da4,CYYZ,YYZ,Toronto,CYYC,CYYZ,CYYZ,CYYC,1757698699,1757862963,2025-09-12T17:38:19+00:00,2025-09-14T15:16:03+00:00,2737
c05da4,CYEG,YEG,Edmonton,CYYZ,CYEG,CYEG,CYYC,1757916439,1757938290,2025-09-15T06:07:19+00:00,2025-09-15T12:11:30+00:00,364
c07973,CYYC,YYC,Calgary,CYVR,CYYC,CYYC,CYVR,1756825612,1756830442,2025-09-02T15:06:52+00:00,2025-09-02T16:27:22+00:00,80
c07973,CYUL,YUL,Montreal,CYYZ,CYUL,CYUL,CYYZ,1757350919,1757355914,2025-09-08T17:01:59+00:00,2025-09-08T18:25:14+00:00,83
c07973,CYYZ,YYZ,Toronto,CYUL,CYYZ,CYYZ,CYUL,1757359331,1757451542,2025-09-08T19:22:11+00:00,2025-09-09T20:59:02+00:00,1536
c02f6a,CYVR,YVR,Vancouver,CYYC,CYVR,CYVR,CYYZ,1756795493,1756819504,2025-09-02T06:44:53+00:00,2025-09-02T13:25:04+00:00,400
c02f6a,CYYC,YYC,Calgary,CYVR,CYYC,CYYC,CYVR,1757341477,1757347834,2025-09-08T14:24:37+00:00,2025-09-08T16:10:34+00:00,105
c02f6a,CYVR,YVR,Vancouver,CYYC,CYVR,CYVR,CYYC,1757351637,1757398808,2025-09-08T17:13:57+00:00,2025-09-09T06:20:08+00:00,786
c02f6a,CYYC,YYC,Calgary,CYVR,CYYC,CYYC,CYYZ,1757468837,1757518113,2025-09-10T01:47:17+00:00,2025-09-10T15:28:33+00:00,821
c02f6a,CYYZ,YYZ,Toronto,CYYC,CYYZ,CYYZ,CYVR,1757530704,1757644121,2025-09-10T18:58:24+00:00,2025-09-12T02:28:41+00:00,1890
c02f6a,CYVR,YVR,Vancouver,CYYZ,CYVR,CYVR,CYYC,1757660815,1757679194,2025-09-12T07:06:55+00:00,2025-09-12T12:13:14+00:00,306
c085e0,CYVR,YVR,Vancouver,CYYC,CYVR,CYVR,CYYC,1756778391,1756819094,2025-09-02T01:59:51+00:00,2025-09-02T13:18:14+00:00,678
c085e0,CYVR,YVR,Vancouver,CYEG,CYVR,CYVR,CYEG,1757000385,1757179432,2025-09-04T15:39:45+00:00,2025-09-06T17:23:52+00:00,2984
c08095,CYVR,YVR,Vancouver,CYYZ,CYVR,CYVR,CYEG,1756796466,1756818241,2025-09-02T07:01:06+00:00,2025-09-02T13:04:01+00:00,362
c08095,CYEG,YEG,Edmonton,CYVR,CYEG,CYEG,CYYC,1756822513,1756953683,2025-09-02T14:15:13+00:00,2025-09-04T02:41:23+00:00,2186
c08095,CYYC,YYC,Calgary,CYEG,CYYC,CYYC,CYYZ,1756955517,1757254171,2025-09-04T03:11:57+00:00,2025-09-07T14:09:31+00:00,4977
c08095,CYVR,YVR,Vancouver,CYYC,CYVR,CYVR,CYYC,1757437709,1757445516,2025-09-09T17:08:29+00:00,2025-09-09T19:18:36+00:00,130
c08095,CYYC,YYC,Calgary,CYVR,CYYC,CYYC,CYVR,1757449765,1757647842,2025-09-09T20:29:25+00:00,2025-09-12T03:30:42+00:00,3301
c08095,CYVR,YVR,Vancouver,CYYC,CYVR,CYVR,CYYZ,1757652050,1757683530,2025-09-12T04:40:50+00:00,2025-09-12T13:25:30+00:00,524
c08095,CYYZ,YYZ,Toronto,CYVR,CYYZ,CYYZ,CYYC,1757698670,1757818601,2025-09-12T17:37:50+00:00,2025-09-14T02:56:41+00:00,1998
c08095,CYYC,YYC,Calgary,CYYZ,CYYC,CYYC,CYEG,1757832106,1757881374,2025-09-14T06:41:46+00:00,2025-09-14T20:22:54+00:00,821
c03a5a,CYVR,YVR,Vancouver,CYEG,CYVR,CYVR,CYYC,1756790399,1756814821,2025-09-02T05:19:59+00:00,2025-09-02T12:07:01+00:00,407
c03a5a,CYYC,YYC,Calgary,CYVR,CYYC,CYYC,CYVR,1756818646,1756870970,2025-09-02T13:10:46+00:00,2025-09-03T03:42:50+00:00,872
c03a5a,CYVR,YVR,Vancouver,CYYC,CYVR,CYVR,CYYC,1756874840,1756928460,2025-09-03T04:47:20+00:00,2025-09-03T19:41:00+00:00,893
c03a5a,CYYC,YYC,Calgary,CYVR,CYYC,CYYC,CYVR,1756932460,1757038386,2025-09-03T20:47:40+00:00,2025-09-05T02:13:06+00:00,1765
c03a5a,CYVR,YVR,Vancouver,CYYC,CYVR,CYVR,CYYC,1757042036,1757105374,2025-09-05T03:13:56+00:00,2025-09-05T20:49:34+00:00,1055
c03a5a,CYYC,YYC,Calgary,CYVR,CYYC,CYYC,CYYZ,1757109183,1757359328,2025-09-05T21:53:03+00:00,2025-09-08T19:22:08+00:00,4169
c03a5a,CYYZ,YYZ,Toronto,CYYC,CYYZ,CYYZ,CYVR,1757371466,1757387125,2025-09-08T22:44:26+00:00,2025-09-09T03:05:25+00:00,260
c03a5a,CYVR,YVR,Vancouver,CYYZ,CYVR,CYVR,CYEG,1757404072,1757478310,2025-09-09T07:47:52+00:00,2025-09-10T04:25:10+00:00,1237
c03a5a,CYEG,YEG,Edmonton,CYVR,CYEG,CYEG,CYYC,1757482255,1757513257,2025-09-10T05:30:55+00:00,2025-09-10T14:07:37+00:00,516
c03a5a,CYYC,YYC,Calgary,CYEG,CYYC,CYYC,CYYZ,1757515108,1757521038,2025-09-10T14:38:28+00:00,2025-09-10T16:17:18+00:00,98
c03a5a,CYYZ,YYZ,Toronto,CYYC,CYYZ,CYYZ,CYYC,1757931508,1757941778,2025-09-15T10:18:28+00:00,2025-09-15T13:09:38+00:00,171
c03068,CYVR,YVR,Vancouver,CYYZ,CYVR,CYVR,CYYZ,1756793245,1756799040,2025-09-02T06:07:25+00:00,2025-09-02T07:44:00+00:00,96
c03068,CYYZ,YYZ,Toronto,CYVR,CYYZ,CYYZ,CYUL,1756814398,1756825772,2025-09-02T11:59:58+00:00,2025-09-02T15:09:32+00:00,189
c03068,CYUL,YUL,Montreal,CYYZ,CYUL,CYUL,CYYZ,1756829455,1756835010,2025-09-02T16:10:55+00:00,2025-09-02T17:43:30+00:00,92
c03068,CYYC,YYC,Calgary,CYVR,CYYC,CYYC,CYYZ,1756873408,1756881392,2025-09-03T04:23:28+00:00,2025-09-03T06:36:32+00:00,133
c03068,CYYZ,YYZ,Toronto,CYYC,CYYZ,CYYZ,CYVR,1756893891,1757607370,2025-09-03T10:04:51+00:00,2025-09-11T16:16:10+00:00,11891
c03068,CYVR,YVR,Vancouver,CYYZ,CYVR,CYVR,CYYC,1757624305,1757793810,2025-09-11T20:58:25+00:00,2025-09-13T20:03:30+00:00,2825
c03068,CYYC,YYC,Calgary,CYVR,CYYC,CYYC,CYVR,1757815859,1757855072,2025-09-14T02:10:59+00:00,2025-09-14T13:04:32+00:00,653
c03068,CYVR,YVR,Vancouver,CYYC,CYVR,CYVR,CYYC,1757859078,1757907432,2025-09-14T14:11:18+00:00,2025-09-15T03:37:12+00:00,805
c03068,CYYC,YYC,Calgary,CYVR,CYYC,CYYC,CYUL,1757911319,1757937972,2025-09-15T04:41:59+00:00,2025-09-15T12:06:12+00:00,444
c04cf4,CYYC,YYC,Calgary,CYVR,CYYC,CYYC,CYYZ,1756794329,1756989433,2025-09-02T06:25:29+00:00,2025-09-04T12:37:13+00:00,3251
c04cf4,CYYZ,YYZ,Toronto,CYYC,CYYZ,CYYZ,CYYC,1757001143,1757007427,2025-09-04T15:52:23+00:00,2025-09-04T17:37:07+00:00,104
c04cf4,CYYC,YYC,Calgary,CYYZ,CYYC,CYYC,CYYZ,1757082486,1757088510,2025-09-05T14:28:06+00:00,2025-09-05T16:08:30+00:00,100
c04cf4,CYUL,YUL,Montreal,CYVR,CYUL,CYUL,CYVR,1757674940,1757680771,2025-09-12T11:02:20+00:00,2025-09-12T12:39:31+00:00,97
c04cf4,CYVR,YVR,Vancouver,CYUL,CYVR,CYVR,CYYC,1757698745,1757882713,2025-09-12T17:39:05+00:00,2025-09-14T20:45:13+00:00,3066
c04cf4,CYYC,YYC,Calgary,CYVR,CYYC,CYYC,CYEG,1757886476,1757898415,2025-09-14T21:47:56+00:00,2025-09-15T01:06:55+00:00,198
c0540c,CYVR,YVR,Vancouver,CYEG,CYVR,CYVR,CYEG,1756778221,1756787017,2025-09-02T01:57:01+00:00,2025-09-02T04:23:37+00:00,146
c0540c,CYVR,YVR,Vancouver,CYYC,CYVR,CYVR,CYYC,1757271580,1757277771,2025-09-07T18:59:40+00:00,2025-09-07T20:42:51+00:00,103
c0540c,CYYC,YYC,Calgary,CYVR,CYYC,CYYC,CYYZ,1757299237,1757420706,2025-09-08T02:40:37+00:00,2025-09-09T12:25:06+00:00,2024
c0737c,CYVR,YVR,Vancouver,CYYC,CYVR,CYVR,CYYC,1756780340,1756786270,2025-09-02T02:32:20+00:00,2025-09-02T04:11:10+00:00,98
c0737c,CYYC,YYC,Calgary,CYVR,CYYC,CYYC,CYYZ,1756789900,1757085411,2025-09-02T05:11:40+00:00,2025-09-05T15:16:51+00:00,4925
c0737c,CYYZ,YYZ,Toronto,CYVR,CYYZ,CYYZ,CYEG,1757153596,1757211544,2025-09-06T10:13:16+00:00,2025-09-07T02:19:04+00:00,965
c0737c,CYYC,YYC,Calgary,CYVR,CYYC,CYYC,CYVR,1757344918,1757509926,2025-09-08T15:21:58+00:00,2025-09-10T13:12:06+00:00,2750
c0737c,CYVR,YVR,Vancouver,CYYC,CYVR,CYVR,CYEG,1757513734,1757611321,2025-09-10T14:15:34+00:00,2025-09-11T17:22:01+00:00,1626
c080aa,CYYC,YYC,Calgary,CYVR,CYYC,CYYC,CYYZ,1756781577,1756795050,2025-09-02T02:52:57+00:00,2025-09-02T06:37:30+00:00,224
c080aa,CYYZ,YYZ,Toronto,CYYC,CYYZ,CYYZ,CYYC,1756807949,1756818366,2025-09-02T10:12:29+00:00,2025-09-02T13:06:06+00:00,173
c080aa,CYYC,YYC,Calgary,CYYZ,CYYC,CYYC,CYVR,1756832277,1757339269,2025-09-02T16:57:57+00:00,2025-09-08T13:47:49+00:00,8449
c080aa,CYVR,YVR,Vancouver,CYYC,CYVR,CYVR,CYYC,1757343055,1757378286,2025-09-08T14:50:55+00:00,2025-09-09T00:38:06+00:00,587
c080aa,CYYC,YYC,Calgary,CYVR,CYYC,CYYC,CYVR,1757382487,1757389170,2025-09-09T01:48:07+00:00,2025-09-09T03:39:30+00:00,111
c080aa,CYVR,YVR,Vancouver,CYYC,CYVR,CYVR,CYEG,1757392881,1757438640,2025-09-09T04:41:21+00:00,2025-09-09T17:24:00+00:00,762
c080aa,CYYC,YYC,Calgary,CYVR,CYYC,CYYC,CYUL,1757522750,1757781342,2025-09-10T16:45:50+00:00,2025-09-13T16:35:42+00:00,4309
c080aa,CYVR,YVR,Vancouver,CYYC,CYVR,CYVR,CYYZ,1757832379,1757915737,2025-09-14T06:46:19+00:00,2025-09-15T05:55:37+00:00,1389
c080aa,CYYZ,YYZ,Toronto,CYVR,CYYZ,CYYZ,CYVR,1757931617,1757940660,2025-09-15T10:20:17+00:00,2025-09-15T12:51:00+00:00,150
c080aa,CYVR,YVR,Vancouver,CYYZ,CYVR,CYVR,CYYC,1757956246,1757961785,2025-09-15T17:10:46+00:00,2025-09-15T18:43:05+00:00,92
c080aa,CYYC,YYC,Calgary,CYVR,CYYC,CYYC,CYVR,1757966038,1757970603,2025-09-15T19:53:58+00:00,2025-09-15T21:10:03+00:00,76
c0173e,CYYZ,YYZ,Toronto,CYVR,CYYZ,CYYZ,CYVR,1756789161,1756911198,2025-09-02T04:59:21+00:00,2025-09-03T14:53:18+00:00,2033
c0174f,CYUL,YUL,Montreal,CYVR,CYUL,CYUL,CYVR,1756789302,1756820594,2025-09-02T05:01:42+00:00,2025-09-02T13:43:14+00:00,521
c01b4f,CYYC,YYC,Calgary,CYYZ,CYYC,CYYC,CYEG,1756823595,1756851150,2025-09-02T14:33:15+00:00,2025-09-02T22:12:30+00:00,459
c01b4f,CYYZ,YYZ,Toronto,CYYC,CYYZ,CYYZ,CYYC,1757006699,1757012582,2025-09-04T17:24:59+00:00,2025-09-04T19:03:02+00:00,98
c01b4f,CYYC,YYC,Calgary,CYYZ,CYYC,CYYC,CYVR,1757025962,1757290738,2025-09-04T22:46:02+00:00,2025-09-08T00:18:58+00:00,4412
c01b4f,CYVR,YVR,Vancouver,CYYC,CYVR,CYVR,CYYC,1757294546,1757299249,2025-09-08T01:22:26+00:00,2025-09-08T02:40:49+00:00,78
c01b4f,CYYC,YYC,Calgary,CYVR,CYYC,CYYC,CYVR,1757303061,1757448816,2025-09-08T03:44:21+00:00,2025-09-09T20:13:36+00:00,2429
c01b4f,CYVR,YVR,Vancouver,CYYC,CYVR,CYVR,CYYC,1757452657,1757513258,2025-09-09T21:17:37+00:00,2025-09-10T14:07:38+00:00,1010
c01b4f,CYYC,YYC,Calgary,CYVR,CYYC,CYYC,CYVR,1757517119,1757683199,2025-09-10T15:11:59+00:00,2025-09-12T13:19:59+00:00,2768
c01b4f,CYVR,YVR,Vancouver,CYYC,CYVR,CYVR,CYYC,1757687054,1757691930,2025-09-12T14:24:14+00:00,2025-09-12T15:45:30+00:00,81
c054a0,CYEG,YEG,Edmonton,CYYC,CYEG,CYEG,CYYC,1756864795,1756918489,2025-09-03T01:59:55+00:00,2025-09-03T16:54:49+00:00,894
c023e4,CYVR,YVR,Vancouver,CYYC,CYVR,CYVR,CYYC,1756851184,1757838913,2025-09-02T22:13:04+00:00,2025-09-14T08:35:13+00:00,16462
c04c36,CYVR,YVR,Vancouver,CYYC,CYVR,CYVR,CYYZ,1756844561,1756878133,2025-09-02T20:22:41+00:00,2025-09-03T05:42:13+00:00,559
c04c36,CYYZ,YYZ,Toronto,CYVR,CYYZ,CYYZ,CYYC,1756893688,1756901340,2025-09-03T10:01:28+00:00,2025-09-03T12:09:00+00:00,127
c04c36,CYYC,YYC,Calgary,CYYZ,CYYC,CYYC,CYVR,1756915128,1757011381,2025-09-03T15:58:48+00:00,2025-09-04T18:43:01+00:00,1604
c04c36,CYVR,YVR,Vancouver,CYYC,CYVR,CYVR,CYYC,1757015279,1757020285,2025-09-04T19:47:59+00:00,2025-09-04T21:11:25+00:00,83
c04c36,CYUL,YUL,Montreal,CYYZ,CYUL,CYUL,CYYZ,1757304443,1757329419,2025-09-08T04:07:23+00:00,2025-09-08T11:03:39+00:00,416
c04c36,CYYZ,YYZ,Toronto,CYUL,CYYZ,CYYZ,CYVR,1757332945,1757354743,2025-09-08T12:02:25+00:00,2025-09-08T18:05:43+00:00,363
c04c36,CYVR,YVR,Vancouver,CYYZ,CYVR,CYVR,CYYC,1757371814,1757383323,2025-09-08T22:50:14+00:00,2025-09-09T02:02:03+00:00,191
c04c36,CYYC,YYC,Calgary,CYVR,CYYC,CYYC,CYYZ,1757387253,1757398743,2025-09-09T03:07:33+00:00,2025-09-09T06:19:03+00:00,191
c04c36,CYYZ,YYZ,Toronto,CYYC,CYYZ,CYYZ,CYYC,1757411952,1757422774,2025-09-09T09:59:12+00:00,2025-09-09T12:59:34+00:00,180
c04c36,CYYC,YYC,Calgary,CYYZ,CYYC,CYYC,CYVR,1757436492,1757445774,2025-09-09T16:48:12+00:00,2025-09-09T19:22:54+00:00,154
c04c36,CYVR,YVR,Vancouver,CYYC,CYVR,CYVR,CYYC,1757449553,1757475244,2025-09-09T20:25:53+00:00,2025-09-10T03:34:04+00:00,428
c04c36,CYYC,YYC,Calgary,CYVR,CYYC,CYYC,CYYZ,1757479138,1757507794,2025-09-10T04:38:58+00:00,2025-09-10T12:36:34+00:00,477
c04c36,CYYZ,YYZ,Toronto,CYYC,CYYZ,CYYZ,CYYC,1757520624,1757531520,2025-09-10T16:10:24+00:00,2025-09-10T19:12:00+00:00,181
c04c36,CYYC,YYC,Calgary,CYYZ,CYYC,CYYC,CYEG,1757545073,1757618018,2025-09-10T22:57:53+00:00,2025-09-11T19:13:38+00:00,1215
c04c36,CYVR,YVR,Vancouver,CYYC,CYVR,CYVR,CYYC,1757967208,1757972981,2025-09-15T20:13:28+00:00,2025-09-15T21:49:41+00:00,96
c036b1,CYYZ,YYZ,Toronto,CYYC,CYYZ,CYYZ,CYYC,1756852469,1756857830,2025-09-02T22:34:29+00:00,2025-09-03T00:03:50+00:00,89
c036b1,CYYC,YYC,Calgary,CYYZ,CYYC,CYYC,CYVR,1756871663,1757078314,2025-09-03T03:54:23+00:00,2025-09-05T13:18:34+00:00,3444
c036b1,CYVR,YVR,Vancouver,CYYC,CYVR,CYVR,CYYC,1757081905,1757086956,2025-09-05T14:18:25+00:00,2025-09-05T15:42:36+00:00,84
c036b1,CYYC,YYC,Calgary,CYVR,CYYC,CYYC,CYVR,1757091263,1757095980,2025-09-05T16:54:23+00:00,2025-09-05T18:13:00+00:00,78
c036b1,CYVR,YVR,Vancouver,CYYC,CYVR,CYVR,CYYC,1757099871,1757108905,2025-09-05T19:17:51+00:00,2025-09-05T21:48:25+00:00,150
c0041d,CYEG,YEG,Edmonton,CYYC,CYEG,CYEG,CYYC,1756842755,1756849922,2025-09-02T19:52:35+00:00,2025-09-02T21:52:02+00:00,119
c0041d,CYYC,YYC,Calgary,CYEG,CYYC,CYYC,CYEG,1757025833,1757097506,2025-09-04T22:43:53+00:00,2025-09-05T18:38:26+00:00,1194
c0041d,CYEG,YEG,Edmonton,CYYC,CYEG,CYEG,CYYC,1757100235,1757109885,2025-09-05T19:23:55+00:00,2025-09-05T22:04:45+00:00,160
c0041d,CYYC,YYC,Calgary,CYEG,CYYC,CYYC,CYEG,1757112360,1757443088,2025-09-05T22:46:00+00:00,2025-09-09T18:38:08+00:00,5512
c0041d,CYEG,YEG,Edmonton,CYYC,CYEG,CYEG,CYYC,1757445509,1757541396,2025-09-09T19:18:29+00:00,2025-09-10T21:56:36+00:00,1598
c0041d,CYYC,YYC,Calgary,CYEG,CYYC,CYYC,CYEG,1757544034,1757616215,2025-09-10T22:40:34+00:00,2025-09-11T18:43:35+00:00,1203
c0757a,CYYC,YYC,Calgary,CYYZ,CYYC,CYYC,CYYZ,1756834497,1756839438,2025-09-02T17:34:57+00:00,2025-09-02T18:57:18+00:00,82
c0757a,CYYZ,YYZ,Toronto,CYYC,CYYZ,CYYZ,CYVR,1756851507,1756914651,2025-09-02T22:18:27+00:00,2025-09-03T15:50:51+00:00,1052
c060ba,CYYZ,YYZ,Toronto,CYYC,CYYZ,CYYZ,CYUL,1756851072,1756857676,2025-09-02T22:11:12+00:00,2025-09-03T00:01:16+00:00,110
c060ba,CYUL,YUL,Montreal,CYYZ,CYUL,CYUL,CYYZ,1756861402,1756897862,2025-09-03T01:03:22+00:00,2025-09-03T11:11:02+00:00,607
c060ba,CYYZ,YYZ,Toronto,CYUL,CYYZ,CYYZ,CYEG,1756901150,1757164548,2025-09-03T12:05:50+00:00,2025-09-06T13:15:48+00:00,4389
c060ba,CYUL,YUL,Montreal,CYYZ,CYUL,CYUL,CYYZ,1757206516,1757257832,2025-09-07T00:55:16+00:00,2025-09-07T15:10:32+00:00,855
c060ba,CYYZ,YYZ,Toronto,CYUL,CYYZ,CYYZ,CYVR,1757263077,1757688039,2025-09-07T16:37:57+00:00,2025-09-12T14:40:39+00:00,7082
c060ba,CYUL,YUL,Montreal,CYYZ,CYUL,CYUL,CYYZ,1757737163,1757772904,2025-09-13T04:19:23+00:00,2025-09-13T14:15:04+00:00,595
c013da,CYEG,YEG,Edmonton,CYYC,CYEG,CYEG,CYYC,1756839435,1757298573,2025-09-02T18:57:15+00:00,2025-09-08T02:29:33+00:00,7652
c013da,CYYC,YYC,Calgary,CYEG,CYYC,CYYC,CYEG,1757300514,1757686543,2025-09-08T03:01:54+00:00,2025-09-12T14:15:43+00:00,6433
c0653d,CYYC,YYC,Calgary,CYUL,CYYC,CYYC,CYUL,1756830777,1756837412,2025-09-02T16:32:57+00:00,2025-09-02T18:23:32+00:00,110
c0653d,CYUL,YUL,Montreal,CYYZ,CYUL,CYUL,CYYZ,1756987403,1756992348,2025-09-04T12:03:23+00:00,2025-09-04T13:25:48+00:00,82
c0653d,CYYZ,YYZ,Toronto,CYUL,CYYZ,CYYZ,CYYC,1756996437,1757001292,2025-09-04T14:33:57+00:00,2025-09-04T15:54:52+00:00,80
c0653d,CYVR,YVR,Vancouver,CYYZ,CYVR,CYVR,CYUL,1757054876,1757139941,2025-09-05T06:47:56+00:00,2025-09-06T06:25:41+00:00,1417
c0653d,CYUL,YUL,Montreal,CYVR,CYUL,CYUL,CYEG,1757155678,1757161475,2025-09-06T10:47:58+00:00,2025-09-06T12:24:35+00:00,96
c0653d,CYYC,YYC,Calgary,CYUL,CYYC,CYYC,CYUL,1757263073,1757268695,2025-09-07T16:37:53+00:00,2025-09-07T18:11:35+00:00,93
c0653d,CYUL,YUL,Montreal,CYYC,CYUL,CYUL,CYEG,1757281618,1757334697,2025-09-07T21:46:58+00:00,2025-09-08T12:31:37+00:00,884
c0653d,CYYC,YYC,Calgary,CYVR,CYYC,CYYC,CYVR,1757744499,1757766233,2025-09-13T06:21:39+00:00,2025-09-13T12:23:53+00:00,362
c0653d,CYVR,YVR,Vancouver,CYYC,CYVR,CYVR,CYYC,1757770155,1757916890,2025-09-13T13:29:15+00:00,2025-09-15T06:14:50+00:00,2445
c0653d,CYYC,YYC,Calgary,CYVR,CYYC,CYYC,CYVR,1757920615,1757939208,2025-09-15T07:16:55+00:00,2025-09-15T12:26:48+00:00,309
c0653d,CYVR,YVR,Vancouver,CYYC,CYVR,CYVR,CYUL,1757943175,1757952721,2025-09-15T13:32:55+00:00,2025-09-15T16:12:01+00:00,159
c03b15,CYVR,YVR,Vancouver,CYYC,CYVR,CYVR,CYYC,1756912257,1756921295,2025-09-03T15:10:57+00:00,2025-09-03T17:41:35+00:00,150
c03b15,CYYC,YYC,Calgary,CYVR,CYYC,CYYC,CYUL,1756925204,1756947134,2025-09-03T18:46:44+00:00,2025-09-04T00:52:14+00:00,365
c03b15,CYUL,YUL,Montreal,CYYC,CYUL,CYUL,CYYC,1756960335,1756984548,2025-09-04T04:32:15+00:00,2025-09-04T11:15:48+00:00,403
c03b15,CYYC,YYC,Calgary,CYUL,CYYC,CYYC,CYYZ,1756999005,1757011537,2025-09-04T15:16:45+00:00,2025-09-04T18:45:37+00:00,208
c03b15,CYYZ,YYZ,Toronto,CYYC,CYYZ,CYYZ,CYYC,1757022763,1757030622,2025-09-04T21:52:43+00:00,2025-09-05T00:03:42+00:00,130
c03b15,CYYC,YYC,Calgary,CYYZ,CYYC,CYYC,CYUL,1757044527,1757176660,2025-09-05T03:55:27+00:00,2025-09-06T16:37:40+00:00,2202
c03b15,CYVR,YVR,Vancouver,CYYC,CYVR,CYVR,CYYZ,1757528547,1757596110,2025-09-10T18:22:27+00:00,2025-09-11T13:08:30+00:00,1126
c0807f,CYVR,YVR,Vancouver,CYYC,CYVR,CYVR,CYYC,1756842235,1757002898,2025-09-02T19:43:55+00:00,2025-09-04T16:21:38+00:00,2677
c0807f,CYYC,YYC,Calgary,CYVR,CYYC,CYYC,CYEG,1757015548,1757251200,2025-09-04T19:52:28+00:00,2025-09-07T13:20:00+00:00,3927
c0807f,CYVR,YVR,Vancouver,CYYC,CYVR,CYVR,CYYC,1757531118,1757695086,2025-09-10T19:05:18+00:00,2025-09-12T16:38:06+00:00,2732
c012bd,CYYZ,YYZ,Toronto,CYYC,CYYZ,CYYZ,CYUL,1756839117,1757214493,2025-09-02T18:51:57+00:00,2025-09-07T03:08:13+00:00,6256
c012bd,CYUL,YUL,Montreal,CYYZ,CYUL,CYUL,CYYC,1757217898,1757245503,2025-09-07T04:04:58+00:00,2025-09-07T11:45:03+00:00,460
c012bd,CYYC,YYC,Calgary,CYUL,CYYC,CYYC,CYEG,1757260346,1757396866,2025-09-07T15:52:26+00:00,2025-09-09T05:47:46+00:00,2275
c012bd,CYVR,YVR,Vancouver,CYEG,CYVR,CYVR,CYEG,1757566886,1757595726,2025-09-11T05:01:26+00:00,2025-09-11T13:02:06+00:00,480
c05214,CYEG,YEG,Edmonton,CYYC,CYEG,CYEG,CYYC,1756913869,1756935394,2025-09-03T15:37:49+00:00,2025-09-03T21:36:34+00:00,358
c05214,CYYC,YYC,Calgary,CYEG,CYYC,CYYC,CYEG,1757553221,1757604060,2025-09-11T01:13:41+00:00,2025-09-11T15:21:00+00:00,847
c06174,CYUL,YUL,Montreal,CYYZ,CYUL,CYUL,CYVR,1757025687,1757030668,2025-09-04T22:41:27+00:00,2025-09-05T00:04:28+00:00,83
c06174,CYVR,YVR,Vancouver,CYUL,CYVR,CYVR,CYYZ,1757048184,1757256571,2025-09-05T04:56:24+00:00,2025-09-07T14:49:31+00:00,3473
c06174,CYYZ,YYZ,Toronto,CYVR,CYYZ,CYYZ,CYVR,1757271459,1757290060,2025-09-07T18:57:39+00:00,2025-09-08T00:07:40+00:00,310
c06174,CYVR,YVR,Vancouver,CYYZ,CYVR,CYVR,CYYZ,1757307098,1757516084,2025-09-08T04:51:38+00:00,2025-09-10T14:54:44+00:00,3483
c06174,CYYZ,YYZ,Toronto,CYVR,CYYZ,CYYZ,CYVR,1757531789,1757697545,2025-09-10T19:16:29+00:00,2025-09-12T17:19:05+00:00,2762
c06174,CYUL,YUL,Montreal,CYYZ,CYUL,CYUL,CYYZ,1757811805,1757847933,2025-09-14T01:03:25+00:00,2025-09-14T11:05:33+00:00,602
c06174,CYYZ,YYZ,Toronto,CYUL,CYYZ,CYYZ,CYYC,1757851016,1757856335,2025-09-14T11:56:56+00:00,2025-09-14T13:25:35+00:00,88
c06174,CYYC,YYC,Calgary,CYYZ,CYYC,CYYC,CYYZ,1757870592,1757876289,2025-09-14T17:23:12+00:00,2025-09-14T18:58:09+00:00,94
c021f6,CYEG,YEG,Edmonton,CYYC,CYEG,CYEG,CYVR,1756868812,1756923393,2025-09-03T03:06:52+00:00,2025-09-03T18:16:33+00:00,909
c021f6,CYVR,YVR,Vancouver,CYYC,CYVR,CYVR,CYYC,1757167988,1757193132,2025-09-06T14:13:08+00:00,2025-09-06T21:12:12+00:00,419
c021f6,CYYC,YYC,Calgary,CYVR,CYYC,CYYC,CYYZ,1757197071,1757945477,2025-09-06T22:17:51+00:00,2025-09-15T14:11:17+00:00,12473
c001e4,CYEG,YEG,Edmonton,CYYC,CYEG,CYEG,CYVR,1756823005,1756827224,2025-09-02T14:23:25+00:00,2025-09-02T15:33:44+00:00,70
c05ce2,CYVR,YVR,Vancouver,CYYC,CYVR,CYVR,CYYC,1756927224,1757352966,2025-09-03T19:20:24+00:00,2025-09-08T17:36:06+00:00,7095
c060be,CYYC,YYC,Calgary,CYYZ,CYYC,CYYC,CYYZ,1756791809,1756818585,2025-09-02T05:43:29+00:00,2025-09-02T13:09:45+00:00,446
c060be,CYYZ,YYZ,Toronto,CYYC,CYYZ,CYYZ,CYEG,1756831223,1757078496,2025-09-02T16:40:23+00:00,2025-09-05T13:21:36+00:00,4121
c060be,CYYZ,YYZ,Toronto,CYVR,CYYZ,CYYZ,CYUL,1757324116,1757332173,2025-09-08T09:35:16+00:00,2025-09-08T11:49:33+00:00,134
c060be,CYUL,YUL,Montreal,CYYZ,CYUL,CYUL,CYYZ,1757335585,1757340397,2025-09-08T12:46:25+00:00,2025-09-08T14:06:37+00:00,80
c060be,CYYZ,YYZ,Toronto,CYUL,CYYZ,CYYZ,CYVR,1757343743,1757382572,2025-09-08T15:02:23+00:00,2025-09-09T01:49:32+00:00,647
c060be,CYVR,YVR,Vancouver,CYYZ,CYVR,CYVR,CYYZ,1757399364,1757428911,2025-09-09T06:29:24+00:00,2025-09-09T14:41:51+00:00,492
c060be,CYYZ,YYZ,Toronto,CYVR,CYYZ,CYYZ,CYEG,1757444385,1757683170,2025-09-09T18:59:45+00:00,2025-09-12T13:19:30+00:00,3979
c060be,CYUL,YUL,Montreal,CYYC,CYUL,CYUL,CYYZ,1757959859,1757965171,2025-09-15T18:10:59+00:00,2025-09-15T19:39:31+00:00,88
c07fb1,CYYZ,YYZ,Toronto,CYYC,CYYZ,CYYZ,CYYC,1756828787,1757170983,2025-09-02T15:59:47+00:00,2025-09-06T15:03:03+00:00,5703
c07fb1,CYYC,YYC,Calgary,CYYZ,CYYC,CYYC,CYVR,1757184765,1757189959,2025-09-06T18:52:45+00:00,2025-09-06T20:19:19+00:00,86
c07fb1,CYVR,YVR,Vancouver,CYYC,CYVR,CYVR,CYYC,1757214064,1757220265,2025-09-07T03:01:04+00:00,2025-09-07T04:44:25+00:00,103
c07fb1,CYYC,YYC,Calgary,CYEG,CYYC,CYYC,CYYZ,1757280712,1757464875,2025-09-07T21:31:52+00:00,2025-09-10T00:41:15+00:00,3069
c07fb1,CYYZ,YYZ,Toronto,CYYC,CYYZ,CYYZ,CYYC,1757477362,1757500598,2025-09-10T04:09:22+00:00,2025-09-10T10:36:38+00:00,387
c07fb1,CYEG,YEG,Edmonton,CYYZ,CYEG,CYEG,CYYZ,1757868869,1757955230,2025-09-14T16:54:29+00:00,2025-09-15T16:53:50+00:00,1439
c03003,CYYC,YYC,Calgary,CYYZ,CYYC,CYYC,CYUL,1756791911,1756815290,2025-09-02T05:45:11+00:00,2025-09-02T12:14:50+00:00,389
c03003,CYUL,YUL,Montreal,CYYC,CYUL,CYUL,CYYZ,1756828733,1756894324,2025-09-02T15:58:53+00:00,2025-09-03T10:12:04+00:00,1093
c03003,CYYZ,YYZ,Toronto,CYUL,CYYZ,CYYZ,CYYC,1756897619,1756915984,2025-09-03T11:06:59+00:00,2025-09-03T16:13:04+00:00,306
c03003,CYYC,YYC,Calgary,CYYZ,CYYC,CYYC,CYUL,1756968980,1756988040,2025-09-04T06:56:20+00:00,2025-09-04T12:14:00+00:00,317
c03003,CYUL,YUL,Montreal,CYYC,CYUL,CYUL,CYYZ,1757000926,1757091525,2025-09-04T15:48:46+00:00,2025-09-05T16:58:45+00:00,1509
c03003,CYYZ,YYZ,Toronto,CYUL,CYYZ,CYYZ,CYUL,1757095243,1757162589,2025-09-05T18:00:43+00:00,2025-09-06T12:43:09+00:00,1122
c03003,CYUL,YUL,Montreal,CYYZ,CYUL,CYUL,CYYZ,1757166269,1757170562,2025-09-06T13:44:29+00:00,2025-09-06T14:56:02+00:00,71
c03003,CYYC,YYC,Calgary,CYUL,CYYC,CYYC,CYUL,1757435385,1757441378,2025-09-09T16:29:45+00:00,2025-09-09T18:09:38+00:00,99
c03003,CYUL,YUL,Montreal,CYYC,CYUL,CYUL,CYYZ,1757454591,1757614952,2025-09-09T21:49:51+00:00,2025-09-11T18:22:32+00:00,2672
c03003,CYYC,YYC,Calgary,CYVR,CYYC,CYYC,CYVR,1757649588,1757680028,2025-09-12T03:59:48+00:00,2025-09-12T12:27:08+00:00,507
c03003,CYVR,YVR,Vancouver,CYYC,CYVR,CYVR,CYEG,1757683902,1757737190,2025-09-12T13:31:42+00:00,2025-09-13T04:19:50+00:00,888
c07566,CYEG,YEG,Edmonton,CYYC,CYEG,CYEG,CYYC,1756817519,1756957809,2025-09-02T12:51:59+00:00,2025-09-04T03:50:09+00:00,2338
c07566,CYYC,YYC,Calgary,CYEG,CYYC,CYYC,CYEG,1756960465,1757419944,2025-09-04T04:34:25+00:00,2025-09-09T12:12:24+00:00,7657
c07566,CYEG,YEG,Edmonton,CYYC,CYEG,CYEG,CYYC,1757422216,1757529764,2025-09-09T12:50:16+00:00,2025-09-10T18:42:44+00:00,1792
c01d2d,CYYC,YYC,Calgary,CYYZ,CYYC,CYYC,CYYZ,1756791351,1756797181,2025-09-02T05:35:51+00:00,2025-09-02T07:13:01+00:00,97
c01d2d,CYYZ,YYZ,Toronto,CYYC,CYYZ,CYYZ,CYVR,1756809958,1757038384,2025-09-02T10:45:58+00:00,2025-09-05T02:13:04+00:00,3807
c01d2d,CYVR,YVR,Vancouver,CYYZ,CYVR,CYVR,CYYZ,1757055466,1757060371,2025-09-05T06:57:46+00:00,2025-09-05T08:19:31+00:00,81
c01d2d,CYYZ,YYZ,Toronto,CYVR,CYYZ,CYYZ,CYYC,1757075369,1757082259,2025-09-05T12:29:29+00:00,2025-09-05T14:24:19+00:00,114
c01d2d,CYVR,YVR,Vancouver,CYYZ,CYVR,CYVR,CYYZ,1757138608,1757143120,2025-09-06T06:03:28+00:00,2025-09-06T07:18:40+00:00,75
c01d2d,CYYZ,YYZ,Toronto,CYVR,CYYZ,CYYZ,CYYC,1757158056,1757210701,2025-09-06T11:27:36+00:00,2025-09-07T02:05:01+00:00,877
c01d2d,CYYC,YYC,Calgary,CYYZ,CYYC,CYYC,CYYZ,1757224867,1757229270,2025-09-07T06:01:07+00:00,2025-09-07T07:14:30+00:00,73
c01d2d,CYYZ,YYZ,Toronto,CYYC,CYYZ,CYYZ,CYVR,1757241735,1757253633,2025-09-07T10:42:15+00:00,2025-09-07T14:00:33+00:00,198
c00741,CYVR,YVR,Vancouver,CYYZ,CYVR,CYVR,CYEG,1756853654,1756862519,2025-09-02T22:54:14+00:00,2025-09-03T01:21:59+00:00,147
c00741,CYYC,YYC,Calgary,CYYZ,CYYC,CYYC,CYVR,1756922549,1757041352,2025-09-03T18:02:29+00:00,2025-09-05T03:02:32+00:00,1980
c00741,CYVR,YVR,Vancouver,CYYC,CYVR,CYVR,CYYC,1757045151,1757049163,2025-09-05T04:05:51+00:00,2025-09-05T05:12:43+00:00,66
c00741,CYYC,YYC,Calgary,CYVR,CYYC,CYYC,CYYZ,1757053041,1757258862,2025-09-05T06:17:21+00:00,2025-09-07T15:27:42+00:00,3430
c00741,CYYC,YYC,Calgary,CYVR,CYYC,CYYC,CYVR,1757307446,1757441806,2025-09-08T04:57:26+00:00,2025-09-09T18:16:46+00:00,2239
c00741,CYVR,YVR,Vancouver,CYYC,CYVR,CYVR,CYYC,1757445626,1757450629,2025-09-09T19:20:26+00:00,2025-09-09T20:43:49+00:00,83
c00741,CYYC,YYC,Calgary,CYVR,CYYC,CYYC,CYYZ,1757454802,1757593807,2025-09-09T21:53:22+00:00,2025-09-11T12:30:07+00:00,2316
c00741,CYYC,YYC,Calgary,CYVR,CYYC,CYYC,CYVR,1757945892,1757952375,2025-09-15T14:18:12+00:00,2025-09-15T16:06:15+00:00,108
c045f1,CYVR,YVR,Vancouver,CYYC,CYVR,CYVR,CYYC,1756791670,1756905980,2025-09-02T05:41:10+00:00,2025-09-03T13:26:20+00:00,1905
c045f1,CYYC,YYC,Calgary,CYVR,CYYC,CYYC,CYVR,1756910009,1757000687,2025-09-03T14:33:29+00:00,2025-09-04T15:44:47+00:00,1511
c045f1,CYVR,YVR,Vancouver,CYYC,CYVR,CYVR,CYYC,1757004526,1757012460,2025-09-04T16:48:46+00:00,2025-09-04T19:01:00+00:00,132
c045f1,CYYC,YYC,Calgary,CYVR,CYYC,CYYC,CYVR,1757016524,1757021493,2025-09-04T20:08:44+00:00,2025-09-04T21:31:33+00:00,82
c045f1,CYVR,YVR,Vancouver,CYYC,CYVR,CYVR,CYYC,1757025161,1757030439,2025-09-04T22:32:41+00:00,2025-09-05T00:00:39+00:00,87
c045f1,CYYC,YYC,Calgary,CYVR,CYYC,CYYC,CYUL,1757034777,1757378735,2025-09-05T01:12:57+00:00,2025-09-09T00:45:35+00:00,5732
c045f1,CYUL,YUL,Montreal,CYYC,CYUL,CYUL,CYYC,1757391748,1757416550,2025-09-09T04:22:28+00:00,2025-09-09T11:15:50+00:00,413
c045f1,CYYC,YYC,Calgary,CYUL,CYYC,CYYC,CYVR,1757431234,1757556925,2025-09-09T15:20:34+00:00,2025-09-11T02:15:25+00:00,2094
c045f1,CYVR,YVR,Vancouver,CYYC,CYVR,CYVR,CYYC,1757560559,1757568310,2025-09-11T03:15:59+00:00,2025-09-11T05:25:10+00:00,129
c07fb9,CYVR,YVR,Vancouver,CYYC,CYVR,CYVR,CYYZ,1756783556,1756858344,2025-09-02T03:25:56+00:00,2025-09-03T00:12:24+00:00,1246
c07fb9,CYYZ,YYZ,Toronto,CYVR,CYYZ,CYYZ,CYYC,1756874117,1756895631,2025-09-03T04:35:17+00:00,2025-09-03T10:33:51+00:00,358
c07fb9,CYYC,YYC,Calgary,CYYZ,CYYC,CYYC,CYVR,1756910306,1756916050,2025-09-03T14:38:26+00:00,2025-09-03T16:14:10+00:00,95
c07fb9,CYVR,YVR,Vancouver,CYYC,CYVR,CYVR,CYYC,1756952517,1756963583,2025-09-04T02:21:57+00:00,2025-09-04T05:26:23+00:00,184
c07fb9,CYYC,YYC,Calgary,CYVR,CYYC,CYYC,CYVR,1757053709,1757099742,2025-09-05T06:28:29+00:00,2025-09-05T19:15:42+00:00,767
c07fb9,CYYZ,YYZ,Toronto,CYYC,CYYZ,CYYZ,CYYC,1757414810,1757444614,2025-09-09T10:46:50+00:00,2025-09-09T19:03:34+00:00,496
c07fb9,CYYC,YYC,Calgary,CYYZ,CYYC,CYYC,CYVR,1757457987,1757863156,2025-09-09T22:46:27+00:00,2025-09-14T15:19:16+00:00,6752
c07fb9,CYVR,YVR,Vancouver,CYYC,CYVR,CYVR,CYYC,1757867199,1757871523,2025-09-14T16:26:39+00:00,2025-09-14T17:38:43+00:00,72
c07fb9,CYYC,YYC,Calgary,CYVR,CYYC,CYYC,CYVR,1757875310,1757881122,2025-09-14T18:41:50+00:00,2025-09-14T20:18:42+00:00,96
c07fb9,CYVR,YVR,Vancouver,CYYC,CYVR,CYVR,CYYC,1757903099,1757937810,2025-09-15T02:24:59+00:00,2025-09-15T12:03:30+00:00,578
c01e13,CYVR,YVR,Vancouver,CYYC,CYVR,CYVR,CYYZ,1756779350,1756884535,2025-09-02T02:15:50+00:00,2025-09-03T07:28:55+00:00,1753
c01e13,CYYZ,YYZ,Toronto,CYVR,CYYZ,CYYZ,CYYC,1756900079,1756950010,2025-09-03T11:47:59+00:00,2025-09-04T01:40:10+00:00,832
c01e13,CYYC,YYC,Calgary,CYYZ,CYYC,CYYC,CYYZ,1756964367,1756974292,2025-09-04T05:39:27+00:00,2025-09-04T08:24:52+00:00,165
c01e13,CYYZ,YYZ,Toronto,CYYC,CYYZ,CYYZ,CYVR,1756986179,1756992771,2025-09-04T11:42:59+00:00,2025-09-04T13:32:51+00:00,109
c01e13,CYVR,YVR,Vancouver,CYYZ,CYVR,CYVR,CYEG,1757009819,1757253498,2025-09-04T18:16:59+00:00,2025-09-07T13:58:18+00:00,4061
c01e13,CYEG,YEG,Edmonton,CYVR,CYEG,CYEG,CYVR,1757257661,1757262092,2025-09-07T15:07:41+00:00,2025-09-07T16:21:32+00:00,73
c01e13,CYVR,YVR,Vancouver,CYEG,CYVR,CYVR,CYYC,1757266541,1757272982,2025-09-07T17:35:41+00:00,2025-09-07T19:23:02+00:00,107
c01e13,CYYC,YYC,Calgary,CYVR,CYYC,CYYC,CYVR,1757297839,1757302080,2025-09-08T02:17:19+00:00,2025-09-08T03:28:00+00:00,70
c01e13,CYVR,YVR,Vancouver,CYYC,CYVR,CYVR,CYYZ,1757306512,1757311800,2025-09-08T04:41:52+00:00,2025-09-08T06:10:00+00:00,88
c01e13,CYYZ,YYZ,Toronto,CYVR,CYYZ,CYYZ,CYVR,1757326949,1757381049,2025-09-08T10:22:29+00:00,2025-09-09T01:24:09+00:00,901
c01e13,CYVR,YVR,Vancouver,CYYZ,CYVR,CYVR,CYYZ,1757397859,1757403421,2025-09-09T06:04:19+00:00,2025-09-09T07:37:01+00:00,92
c01e13,CYYZ,YYZ,Toronto,CYVR,CYYZ,CYYZ,CYVR,1757418713,1757613365,2025-09-09T11:51:53+00:00,2025-09-11T17:56:05+00:00,3244
c01e13,CYVR,YVR,Vancouver,CYYZ,CYVR,CYVR,CYYZ,1757630653,1757635556,2025-09-11T22:44:13+00:00,2025-09-12T00:05:56+00:00,81
c01e13,CYYZ,YYZ,Toronto,CYVR,CYYZ,CYYZ,CYEG,1757650888,1757674960,2025-09-12T04:21:28+00:00,2025-09-12T11:02:40+00:00,401
c0440e,CYYZ,YYZ,Toronto,CYYC,CYYZ,CYYZ,CYUL,1756787713,1756844805,2025-09-02T04:35:13+00:00,2025-09-02T20:26:45+00:00,951
c0440e,CYUL,YUL,Montreal,CYYZ,CYUL,CYUL,CYYZ,1756848509,1756951264,2025-09-02T21:28:29+00:00,2025-09-04T02:01:04+00:00,1712
c0440e,CYYZ,YYZ,Toronto,CYUL,CYYZ,CYYZ,CYUL,1756954439,1757110591,2025-09-04T02:53:59+00:00,2025-09-05T22:16:31+00:00,2602
c0440e,CYUL,YUL,Montreal,CYYZ,CYUL,CYUL,CYYZ,1757113192,1757119343,2025-09-05T22:59:52+00:00,2025-09-06T00:42:23+00:00,102
c0440e,CYYZ,YYZ,Toronto,CYUL,CYYZ,CYYZ,CYYC,1757122911,1757294793,2025-09-06T01:41:51+00:00,2025-09-08T01:26:33+00:00,2864
c0440e,CYYC,YYC,Calgary,CYYZ,CYYC,CYYC,CYYZ,1757308689,1757381688,2025-09-08T05:18:09+00:00,2025-09-09T01:34:48+00:00,1216
c0440e,CYYZ,YYZ,Toronto,CYYC,CYYZ,CYYZ,CYUL,1757394128,1757430244,2025-09-09T05:02:08+00:00,2025-09-09T15:04:04+00:00,601
c0440e,CYUL,YUL,Montreal,CYYZ,CYUL,CYUL,CYYZ,1757433674,1757438070,2025-09-09T16:01:14+00:00,2025-09-09T17:14:30+00:00,73
c0440e,CYYZ,YYZ,Toronto,CYUL,CYYZ,CYYZ,CYUL,1757441579,1757450136,2025-09-09T18:12:59+00:00,2025-09-09T20:35:36+00:00,142
c0440e,CYUL,YUL,Montreal,CYYZ,CYUL,CYUL,CYYZ,1757453575,1757555442,2025-09-09T21:32:55+00:00,2025-09-11T01:50:42+00:00,1697
c0440e,CYYZ,YYZ,Toronto,CYUL,CYYZ,CYYZ,CYUL,1757558530,1757622548,2025-09-11T02:42:10+00:00,2025-09-11T20:29:08+00:00,1066
c0440e,CYUL,YUL,Montreal,CYYZ,CYUL,CYUL,CYYZ,1757626128,1757728827,2025-09-11T21:28:48+00:00,2025-09-13T02:00:27+00:00,1711
c0440e,CYYZ,YYZ,Toronto,CYUL,CYYZ,CYYZ,CYUL,1757732033,1757764747,2025-09-13T02:53:53+00:00,2025-09-13T11:59:07+00:00,545
c0440e,CYUL,YUL,Montreal,CYYZ,CYUL,CYUL,CYYZ,1757768114,1757773423,2025-09-13T12:55:14+00:00,2025-09-13T14:23:43+00:00,88
c0440e,CYYZ,YYZ,Toronto,CYUL,CYYZ,CYYZ,CYYC,1757776944,1757783612,2025-09-13T15:22:24+00:00,2025-09-13T17:13:32+00:00,111
c0440e,CYYC,YYC,Calgary,CYYZ,CYYC,CYYC,CYYZ,1757833589,1757898634,2025-09-14T07:06:29+00:00,2025-09-15T01:10:34+00:00,1084
c0440e,CYYZ,YYZ,Toronto,CYYC,CYYZ,CYYZ,CYUL,1757911642,1757948647,2025-09-15T04:47:22+00:00,2025-09-15T15:04:07+00:00,616
c0440e,CYUL,YUL,Montreal,CYYZ,CYUL,CYUL,CYYZ,1757952178,1757957234,2025-09-15T16:02:58+00:00,2025-09-15T17:27:14+00:00,84
c0440e,CYYZ,YYZ,Toronto,CYUL,CYYZ,CYYZ,CYUL,1757960330,1757967605,2025-09-15T18:18:50+00:00,2025-09-15T20:20:05+00:00,121
c08887,CYUL,YUL,Montreal,CYYC,CYUL,CYUL,CYYC,1756788659,1756812465,2025-09-02T04:50:59+00:00,2025-09-02T11:27:45+00:00,396
c08887,CYYC,YYC,Calgary,CYUL,CYYC,CYYC,CYVR,1756826664,1756964974,2025-09-02T15:24:24+00:00,2025-09-04T05:49:34+00:00,2305
c08887,CYVR,YVR,Vancouver,CYYC,CYVR,CYVR,CYYC,1756969047,1757246862,2025-09-04T06:57:27+00:00,2025-09-07T12:07:42+00:00,4630
c08887,CYYC,YYC,Calgary,CYVR,CYYC,CYYC,CYYZ,1757250538,1757963922,2025-09-07T13:08:58+00:00,2025-09-15T19:18:42+00:00,11889
c055f2,CYVR,YVR,Vancouver,CYYC,CYVR,CYVR,CYYC,1756783919,1757120205,2025-09-02T03:31:59+00:00,2025-09-06T00:56:45+00:00,5604
c07ee4,CYYC,YYC,Calgary,CYEG,CYYC,CYYC,CYEG,1756784108,1756871257,2025-09-02T03:35:08+00:00,2025-09-03T03:47:37+00:00,1452
c07ee4,CYYZ,YYZ,Toronto,CYYC,CYYZ,CYYZ,CYVR,1757526080,1757586432,2025-09-10T17:41:20+00:00,2025-09-11T10:27:12+00:00,1005
c07ee4,CYVR,YVR,Vancouver,CYYZ,CYVR,CYVR,CYYC,1757603909,1757612523,2025-09-11T15:18:29+00:00,2025-09-11T17:42:03+00:00,143
c07ee4,CYYC,YYC,Calgary,CYVR,CYYC,CYYC,CYVR,1757616389,1757621507,2025-09-11T18:46:29+00:00,2025-09-11T20:11:47+00:00,85
c07ee4,CYVR,YVR,Vancouver,CYYZ,CYVR,CYVR,CYYC,1757888891,1757896763,2025-09-14T22:28:11+00:00,2025-09-15T00:39:23+00:00,131
c07ee4,CYYC,YYC,Calgary,CYVR,CYYC,CYYC,CYVR,1757900608,1757905483,2025-09-15T01:43:28+00:00,2025-09-15T03:04:43+00:00,81
c01d3c,CYYZ,YYZ,Toronto,CYEG,CYYZ,CYYZ,CYVR,1756787029,1756996563,2025-09-02T04:23:49+00:00,2025-09-04T14:36:03+00:00,3492
c02de7,CYEG,YEG,Edmonton,CYYC,CYEG,CYEG,CYYC,1756914089,1756932720,2025-09-03T15:41:29+00:00,2025-09-03T20:52:00+00:00,310
c02de7,CYYC,YYC,Calgary,CYEG,CYYC,CYYC,CYEG,1756934889,1757579144,2025-09-03T21:28:09+00:00,2025-09-11T08:25:44+00:00,10737
c01624,CYVR,YVR,Vancouver,CYEG,CYVR,CYVR,CYEG,1756775877,1757209683,2025-09-02T01:17:57+00:00,2025-09-07T01:48:03+00:00,7230
c01624,CYEG,YEG,Edmonton,CYVR,CYEG,CYEG,CYVR,1757213690,1757290250,2025-09-07T02:54:50+00:00,2025-09-08T00:10:50+00:00,1276
c01624,CYVR,YVR,Vancouver,CYEG,CYVR,CYVR,CYEG,1757294755,1757636703,2025-09-08T01:25:55+00:00,2025-09-12T00:25:03+00:00,5699
c058c2,CYUL,YUL,Montreal,CYYZ,CYUL,CYUL,CYYZ,1756853686,1756864875,2025-09-02T22:54:46+00:00,2025-09-03T02:01:15+00:00,186
c058c2,CYYZ,YYZ,Toronto,CYUL,CYYZ,CYYZ,CYUL,1757711364,1757881818,2025-09-12T21:09:24+00:00,2025-09-14T20:30:18+00:00,2840
c06aa7,CYUL,YUL,Montreal,CYYZ,CYUL,CYUL,CYYZ,1757366111,1757535722,2025-09-08T21:15:11+00:00,2025-09-10T20:22:02+00:00,2826
c010ea,CYYC,YYC,Calgary,CYYZ,CYYC,CYYC,CYYZ,1756853690,1756859444,2025-09-02T22:54:50+00:00,2025-09-03T00:30:44+00:00,95
c010ea,CYYZ,YYZ,Toronto,CYYC,CYYZ,CYYZ,CYVR,1756872109,1756895536,2025-09-03T04:01:49+00:00,2025-09-03T10:32:16+00:00,390
c010ea,CYVR,YVR,Vancouver,CYYZ,CYVR,CYVR,CYYZ,1756912400,1756920096,2025-09-03T15:13:20+00:00,2025-09-03T17:21:36+00:00,128
c010ea,CYYZ,YYZ,Toronto,CYVR,CYYZ,CYYZ,CYVR,1757047944,1757067453,2025-09-05T04:52:24+00:00,2025-09-05T10:17:33+00:00,325
c010ea,CYVR,YVR,Vancouver,CYYZ,CYVR,CYVR,CYYC,1757084129,1757092892,2025-09-05T14:55:29+00:00,2025-09-05T17:21:32+00:00,146
c010ea,CYYC,YYC,Calgary,CYVR,CYYC,CYYC,CYVR,1757096928,1757101599,2025-09-05T18:28:48+00:00,2025-09-05T19:46:39+00:00,77
c010ea,CYYC,YYC,Calgary,CYYZ,CYYC,CYYC,CYYZ,1757170837,1757177242,2025-09-06T15:00:37+00:00,2025-09-06T16:47:22+00:00,106
c010ea,CYYZ,YYZ,Toronto,CYYC,CYYZ,CYYZ,CYYC,1757266280,1757271485,2025-09-07T17:31:20+00:00,2025-09-07T18:58:05+00:00,86
c010ea,CYYC,YYC,Calgary,CYYZ,CYYC,CYYC,CYYZ,1757285442,1757290266,2025-09-07T22:50:42+00:00,2025-09-08T00:11:06+00:00,80
c010ea,CYYZ,YYZ,Toronto,CYYC,CYYZ,CYYZ,CYYC,1757302040,1757330582,2025-09-08T03:27:20+00:00,2025-09-08T11:23:02+00:00,475
c010ea,CYYC,YYC,Calgary,CYYZ,CYYC,CYYC,CYYZ,1757344127,1757349498,2025-09-08T15:08:47+00:00,2025-09-08T16:38:18+00:00,89
c010ea,CYYZ,YYZ,Toronto,CYYC,CYYZ,CYYZ,CYUL,1757361657,1757412692,2025-09-08T20:00:57+00:00,2025-09-09T10:11:32+00:00,850
c010ea,CYUL,YUL,Montreal,CYYZ,CYUL,CYUL,CYYZ,1757417197,1757424547,2025-09-09T11:26:37+00:00,2025-09-09T13:29:07+00:00,122
c010ea,CYYZ,YYZ,Toronto,CYUL,CYYZ,CYYZ,CYVR,1757427857,1757432162,2025-09-09T14:24:17+00:00,2025-09-09T15:36:02+00:00,71
c010ea,CYVR,YVR,Vancouver,CYYZ,CYVR,CYVR,CYYZ,1757949734,1757957881,2025-09-15T15:22:14+00:00,2025-09-15T17:38:01+00:00,135
a79b80,CYUL,YUL,Montreal,CYYZ,CYUL,CYUL,CYYZ,1756839250,1757009052,2025-09-02T18:54:10+00:00,2025-09-04T18:04:12+00:00,2830
c023ae,CYVR,YVR,Vancouver,CYYZ,CYVR,CYVR,CYYZ,1756850591,1756857910,2025-09-02T22:03:11+00:00,2025-09-03T00:05:10+00:00,121
c023ae,CYYZ,YYZ,Toronto,CYVR,CYYZ,CYYZ,CYVR,1757796564,1757942926,2025-09-13T20:49:24+00:00,2025-09-15T13:28:46+00:00,2439
c078bf,CYYC,YYC,Calgary,CYYZ,CYYC,CYYC,CYVR,1756848156,1756858540,2025-09-02T21:22:36+00:00,2025-09-03T00:15:40+00:00,173
c078bf,CYVR,YVR,Vancouver,CYYC,CYVR,CYVR,CYYZ,1756862214,1756918698,2025-09-03T01:16:54+00:00,2025-09-03T16:58:18+00:00,941
c078bf,CYYZ,YYZ,Toronto,CYEG,CYYZ,CYYZ,CYYC,1757563949,1757964186,2025-09-11T04:12:29+00:00,2025-09-15T19:23:06+00:00,6670
c06177,CYUL,YUL,Montreal,CYYZ,CYUL,CYUL,CYVR,1756873187,1756898220,2025-09-03T04:19:47+00:00,2025-09-03T11:17:00+00:00,417
c06177,CYVR,YVR,Vancouver,CYUL,CYVR,CYVR,CYYZ,1756916157,1756921561,2025-09-03T16:15:57+00:00,2025-09-03T17:46:01+00:00,90
c06177,CYUL,YUL,Montreal,CYEG,CYUL,CYUL,CYYZ,1757008068,1757014054,2025-09-04T17:47:48+00:00,2025-09-04T19:27:34+00:00,99
c06177,CYYZ,YYZ,Toronto,CYUL,CYYZ,CYYZ,CYVR,1757017811,1757515002,2025-09-04T20:30:11+00:00,2025-09-10T14:36:42+00:00,8286
c06177,CYUL,YUL,Montreal,CYYZ,CYUL,CYUL,CYYZ,1757563196,1757588620,2025-09-11T03:59:56+00:00,2025-09-11T11:03:40+00:00,423
c06177,CYYZ,YYZ,Toronto,CYUL,CYYZ,CYYZ,CYEG,1757592268,1757596743,2025-09-11T12:04:28+00:00,2025-09-11T13:19:03+00:00,74
c06177,CYUL,YUL,Montreal,CYYZ,CYUL,CYUL,CYVR,1757726212,1757762253,2025-09-13T01:16:52+00:00,2025-09-13T11:17:33+00:00,600
c06177,CYVR,YVR,Vancouver,CYUL,CYVR,CYVR,CYYZ,1757780362,1757785118,2025-09-13T16:19:22+00:00,2025-09-13T17:38:38+00:00,79
c0616c,CYUL,YUL,Montreal,CYYZ,CYUL,CYUL,CYYZ,1756991176,1756995363,2025-09-04T13:06:16+00:00,2025-09-04T14:16:03+00:00,69
c0616c,CYVR,YVR,Vancouver,CYYZ,CYVR,CYVR,CYUL,1757350938,1757355661,2025-09-08T17:02:18+00:00,2025-09-08T18:21:01+00:00,78
c0616c,CYUL,YUL,Montreal,CYVR,CYUL,CYUL,CYYZ,1757371441,1757377580,2025-09-08T22:44:01+00:00,2025-09-09T00:26:20+00:00,102
c0616c,CYYZ,YYZ,Toronto,CYUL,CYYZ,CYYZ,CYUL,1757380916,1757454661,2025-09-09T01:21:56+00:00,2025-09-09T21:51:01+00:00,1229
c0616c,CYUL,YUL,Montreal,CYYZ,CYUL,CYUL,CYVR,1757458475,1757502974,2025-09-09T22:54:35+00:00,2025-09-10T11:16:14+00:00,741
c0616c,CYVR,YVR,Vancouver,CYUL,CYVR,CYVR,CYYZ,1757520589,1757526907,2025-09-10T16:09:49+00:00,2025-09-10T17:55:07+00:00,105
c05056,CYYC,YYC,Calgary,CYVR,CYYC,CYYC,CYUL,1757130915,1757160260,2025-09-06T03:55:15+00:00,2025-09-06T12:04:20+00:00,489
c05056,CYUL,YUL,Montreal,CYYC,CYUL,CYUL,CYEG,1757173337,1757180829,2025-09-06T15:42:17+00:00,2025-09-06T17:47:09+00:00,124
c05056,CYUL,YUL,Montreal,CYYZ,CYUL,CYUL,CYYZ,1757505748,1757510703,2025-09-10T12:02:28+00:00,2025-09-10T13:25:03+00:00,82
c05056,CYYZ,YYZ,Toronto,CYUL,CYYZ,CYYZ,CYVR,1757514053,1757519885,2025-09-10T14:20:53+00:00,2025-09-10T15:58:05+00:00,97
c05056,CYVR,YVR,Vancouver,CYYZ,CYVR,CYVR,CYYZ,1757536589,1757828013,2025-09-10T20:36:29+00:00,2025-09-14T05:33:33+00:00,4857
c05056,CYYZ,YYZ,Toronto,CYVR,CYYZ,CYYZ,CYUL,1757843124,1757931851,2025-09-14T09:45:24+00:00,2025-09-15T10:24:11+00:00,1478
c05056,CYUL,YUL,Montreal,CYYZ,CYUL,CYUL,CYYZ,1757935965,1757948581,2025-09-15T11:32:45+00:00,2025-09-15T15:03:01+00:00,210
c030a6,CYYC,YYC,Calgary,CYYZ,CYYC,CYYC,CYUL,1756882248,1756903145,2025-09-03T06:50:48+00:00,2025-09-03T12:39:05+00:00,348
c030a6,CYYC,YYC,Calgary,CYYZ,CYYC,CYYC,CYUL,1757407087,1757419782,2025-09-09T08:38:07+00:00,2025-09-09T12:09:42+00:00,211
c030a6,CYUL,YUL,Montreal,CYYC,CYUL,CYUL,CYEG,1757433170,1757439900,2025-09-09T15:52:50+00:00,2025-09-09T17:45:00+00:00,112
c030a6,CYYC,YYC,Calgary,CYVR,CYYC,CYYC,CYYZ,1757736786,1757745693,2025-09-13T04:13:06+00:00,2025-09-13T06:41:33+00:00,148
c030a6,CYYZ,YYZ,Toronto,CYYC,CYYZ,CYYZ,CYUL,1757758342,1757762191,2025-09-13T10:12:22+00:00,2025-09-13T11:16:31+00:00,64
c030a6,CYUL,YUL,Montreal,CYYZ,CYUL,CYUL,CYYZ,1757765608,1757769842,2025-09-13T12:13:28+00:00,2025-09-13T13:24:02+00:00,70
c030a6,CYYZ,YYZ,Toronto,CYUL,CYYZ,CYYZ,CYVR,1757773288,1757779775,2025-09-13T14:21:28+00:00,2025-09-13T16:09:35+00:00,108
c02cfc,CYVR,YVR,Vancouver,CYEG,CYVR,CYVR,CYYZ,1757308940,1757337423,2025-09-08T05:22:20+00:00,2025-09-08T13:17:03+00:00,474
c02cfc,CYYZ,YYZ,Toronto,CYVR,CYYZ,CYYZ,CYEG,1757352807,1757385602,2025-09-08T17:33:27+00:00,2025-09-09T02:40:02+00:00,546
c02cfc,CYUL,YUL,Montreal,CYYC,CYUL,CYUL,CYYC,1757477639,1757502696,2025-09-10T04:13:59+00:00,2025-09-10T11:11:36+00:00,417
c02cfc,CYYC,YYC,Calgary,CYUL,CYYC,CYYC,CYVR,1757517236,1757596664,2025-09-10T15:13:56+00:00,2025-09-11T13:17:44+00:00,1323
c02cfc,CYVR,YVR,Vancouver,CYYC,CYVR,CYVR,CYYC,1757600487,1757859322,2025-09-11T14:21:27+00:00,2025-09-14T14:15:22+00:00,4313
c030ef,CYYC,YYC,Calgary,CYUL,CYYC,CYYC,CYUL,1757138189,1757143929,2025-09-06T05:56:29+00:00,2025-09-06T07:32:09+00:00,95
c030ef,CYUL,YUL,Montreal,CYYC,CYUL,CYUL,CYVR,1757156874,1757210782,2025-09-06T11:07:54+00:00,2025-09-07T02:06:22+00:00,898
c04ed6,CYUL,YUL,Montreal,CYYZ,CYUL,CYUL,CYYZ,1756830408,1756946436,2025-09-02T16:26:48+00:00,2025-09-04T00:40:36+00:00,1933
c04ed6,CYYZ,YYZ,Toronto,CYUL,CYYZ,CYYZ,CYUL,1756949803,1757432948,2025-09-04T01:36:43+00:00,2025-09-09T15:49:08+00:00,8052
c04ed6,CYUL,YUL,Montreal,CYYZ,CYUL,CYUL,CYYZ,1757435833,1757443838,2025-09-09T16:37:13+00:00,2025-09-09T18:50:38+00:00,133
c04ed6,CYYZ,YYZ,Toronto,CYUL,CYYZ,CYYZ,CYUL,1757446934,1757532261,2025-09-09T19:42:14+00:00,2025-09-10T19:24:21+00:00,1422
c04ed6,CYUL,YUL,Montreal,CYYZ,CYUL,CYUL,CYYZ,1757535895,1757538962,2025-09-10T20:24:55+00:00,2025-09-10T21:16:02+00:00,51
c05ee5,CYUL,YUL,Montreal,CYYZ,CYUL,CYUL,CYYZ,1756814562,1756819652,2025-09-02T12:02:42+00:00,2025-09-02T13:27:32+00:00,84
c05ee5,CYYZ,YYZ,Toronto,CYUL,CYYZ,CYYZ,CYEG,1756822857,1756826973,2025-09-02T14:20:57+00:00,2025-09-02T15:29:33+00:00,68
c05ee5,CYUL,YUL,Montreal,CYYZ,CYUL,CYUL,CYYZ,1757363180,1757367781,2025-09-08T20:26:20+00:00,2025-09-08T21:43:01+00:00,76
c05ee5,CYYZ,YYZ,Toronto,CYUL,CYYZ,CYYZ,CYUL,1757371119,1757465355,2025-09-08T22:38:39+00:00,2025-09-10T00:49:15+00:00,1570
c05ee5,CYUL,YUL,Montreal,CYYZ,CYUL,CYUL,CYYZ,1757469053,1757533878,2025-09-10T01:50:53+00:00,2025-09-10T19:51:18+00:00,1080
c05ee5,CYYZ,YYZ,Toronto,CYUL,CYYZ,CYYZ,CYUL,1757537534,1757548848,2025-09-10T20:52:14+00:00,2025-09-11T00:00:48+00:00,188
c05ee5,CYUL,YUL,Montreal,CYYZ,CYUL,CYUL,CYYZ,1757552428,1757879443,2025-09-11T01:00:28+00:00,2025-09-14T19:50:43+00:00,5450
c06be3,CYYZ,YYZ,Toronto,CYEG,CYYZ,CYYZ,CYEG,1757004430,1757077665,2025-09-04T16:47:10+00:00,2025-09-05T13:07:45+00:00,1220
c08863,CYYC,YYC,Calgary,CYYZ,CYYC,CYYC,CYYZ,1757006939,1757011694,2025-09-04T17:28:59+00:00,2025-09-04T18:48:14+00:00,79
c08863,CYYZ,YYZ,Toronto,CYYC,CYYZ,CYYZ,CYUL,1757023839,1757030769,2025-09-04T22:10:39+00:00,2025-09-05T00:06:09+00:00,115
c08863,CYUL,YUL,Montreal,CYYZ,CYUL,CYUL,CYVR,1757034558,1757070730,2025-09-05T01:09:18+00:00,2025-09-05T11:12:10+00:00,602
c08863,CYVR,YVR,Vancouver,CYUL,CYVR,CYVR,CYYZ,1757088325,1757093764,2025-09-05T16:05:25+00:00,2025-09-05T17:36:04+00:00,90
c08863,CYYZ,YYZ,Toronto,CYEG,CYYZ,CYYZ,CYUL,1757542325,1757549381,2025-09-10T22:12:05+00:00,2025-09-11T00:09:41+00:00,117
c08863,CYUL,YUL,Montreal,CYYZ,CYUL,CYUL,CYYZ,1757553169,1757599358,2025-09-11T01:12:49+00:00,2025-09-11T14:02:38+00:00,769
c071d9,CYUL,YUL,Montreal,CYYZ,CYUL,CYUL,CYYZ,1756825358,1756850913,2025-09-02T15:02:38+00:00,2025-09-02T22:08:33+00:00,425
c071d9,CYYZ,YYZ,Toronto,CYUL,CYYZ,CYYZ,CYUL,1757007417,1757442660,2025-09-04T17:36:57+00:00,2025-09-09T18:31:00+00:00,7254
c071d9,CYUL,YUL,Montreal,CYYZ,CYUL,CYUL,CYYZ,1757447109,1757636894,2025-09-09T19:45:09+00:00,2025-09-12T00:28:14+00:00,3163
c060bb,CYEG,YEG,Edmonton,CYYZ,CYEG,CYEG,CYYZ,1756832646,1757012425,2025-09-02T17:04:06+00:00,2025-09-04T19:00:25+00:00,2996
c060bb,CYYZ,YYZ,Toronto,CYYC,CYYZ,CYYZ,CYYC,1757090889,1757095442,2025-09-05T16:48:09+00:00,2025-09-05T18:04:02+00:00,75
c060bb,CYYZ,YYZ,Toronto,CYUL,CYYZ,CYYZ,CYUL,1757813270,1757819761,2025-09-14T01:27:50+00:00,2025-09-14T03:16:01+00:00,108
c060bb,CYUL,YUL,Montreal,CYYZ,CYUL,CYUL,CYVR,1757823568,1757848244,2025-09-14T04:19:28+00:00,2025-09-14T11:10:44+00:00,411
c060bb,CYVR,YVR,Vancouver,CYUL,CYVR,CYVR,CYYZ,1757866210,1757871613,2025-09-14T16:10:10+00:00,2025-09-14T17:40:13+00:00,90
c060bb,CYYZ,YYZ,Toronto,CYVR,CYYZ,CYYZ,CYUL,1757887154,1757968928,2025-09-14T21:59:14+00:00,2025-09-15T20:42:08+00:00,1362
c01755,CYVR,YVR,Vancouver,CYUL,CYVR,CYVR,CYYZ,1756882889,1756909800,2025-09-03T07:01:29+00:00,2025-09-03T14:30:00+00:00,448
c01755,CYYZ,YYZ,Toronto,CYVR,CYYZ,CYYZ,CYUL,1756924145,1757426805,2025-09-03T18:29:05+00:00,2025-09-09T14:06:45+00:00,8377
c0193c,CYYZ,YYZ,Toronto,CYUL,CYYZ,CYYZ,CYEG,1756812079,1756813606,2025-09-02T11:21:19+00:00,2025-09-02T11:46:46+00:00,25
c08852,CYUL,YUL,Montreal,CYYZ,CYUL,CYUL,CYYZ,1756817098,1756822932,2025-09-02T12:44:58+00:00,2025-09-02T14:22:12+00:00,97
c08852,CYUL,YUL,Montreal,CYYC,CYUL,CYUL,CYYZ,1757095469,1757100150,2025-09-05T18:04:29+00:00,2025-09-05T19:22:30+00:00,78
c001eb,CYUL,YUL,Montreal,CYYZ,CYUL,CYUL,CYYZ,1756817274,1756830061,2025-09-02T12:47:54+00:00,2025-09-02T16:21:01+00:00,213
c04687,CYYZ,YYZ,Toronto,CYYC,CYYZ,CYYZ,CYUL,1757433411,1757516686,2025-09-09T15:56:51+00:00,2025-09-10T15:04:46+00:00,1387
c03330,CYUL,YUL,Montreal,CYYZ,CYUL,CYUL,CYYZ,1756790989,1756804334,2025-09-02T05:29:49+00:00,2025-09-02T09:12:14+00:00,222
c066fb,CYUL,YUL,Montreal,CYYZ,CYUL,CYUL,CYYZ,1756786992,1756813474,2025-09-02T04:23:12+00:00,2025-09-02T11:44:34+00:00,441
c066fb,CYYZ,YYZ,Toronto,CYUL,CYYZ,CYYZ,CYUL,1756816914,1757128871,2025-09-02T12:41:54+00:00,2025-09-06T03:21:11+00:00,5199
c066fb,CYUL,YUL,Montreal,CYYZ,CYUL,CYUL,CYYZ,1757132099,1757157032,2025-09-06T04:14:59+00:00,2025-09-06T11:10:32+00:00,415
c066fb,CYYZ,YYZ,Toronto,CYUL,CYYZ,CYYZ,CYUL,1757160749,1757182091,2025-09-06T12:12:29+00:00,2025-09-06T18:08:11+00:00,355
c066fb,CYUL,YUL,Montreal,CYYZ,CYUL,CYUL,CYYZ,1757185686,1757593866,2025-09-06T19:08:06+00:00,2025-09-11T12:31:06+00:00,6803
c066fb,CYYZ,YYZ,Toronto,CYUL,CYYZ,CYYZ,CYYC,1757597483,1757601136,2025-09-11T13:31:23+00:00,2025-09-11T14:32:16+00:00,60
c066fb,CYYC,YYC,Calgary,CYYZ,CYYC,CYYC,CYYZ,1757614854,1757657229,2025-09-11T18:20:54+00:00,2025-09-12T06:07:09+00:00,706
c060c3,CYYZ,YYZ,Toronto,CYYC,CYYZ,CYYZ,CYVR,1757003510,1757037038,2025-09-04T16:31:50+00:00,2025-09-05T01:50:38+00:00,558
c060c3,CYUL,YUL,Montreal,CYYZ,CYUL,CYUL,CYYZ,1757426110,1757431153,2025-09-09T13:55:10+00:00,2025-09-09T15:19:13+00:00,84
c060c3,CYYZ,YYZ,Toronto,CYUL,CYYZ,CYYZ,CYEG,1757434554,1757439307,2025-09-09T16:15:54+00:00,2025-09-09T17:35:07+00:00,79
c060c3,CYYZ,YYZ,Toronto,CYUL,CYYZ,CYYZ,CYUL,1757554208,1757623539,2025-09-11T01:30:08+00:00,2025-09-11T20:45:39+00:00,1155
c060c3,CYYZ,YYZ,Toronto,CYVR,CYYZ,CYYZ,CYUL,1757790712,1757894759,2025-09-13T19:11:52+00:00,2025-09-15T00:05:59+00:00,1734
c060c3,CYUL,YUL,Montreal,CYYZ,CYUL,CYUL,CYYZ,1757898717,1757934062,2025-09-15T01:11:57+00:00,2025-09-15T11:01:02+00:00,589
c060c3,CYYZ,YYZ,Toronto,CYUL,CYYZ,CYYZ,CYYC,1757937526,1757942853,2025-09-15T11:58:46+00:00,2025-09-15T13:27:33+00:00,88
c060c3,CYYC,YYC,Calgary,CYYZ,CYYC,CYYC,CYYZ,1757956328,1757962081,2025-09-15T17:12:08+00:00,2025-09-15T18:48:01+00:00,95
c08866,CYUL,YUL,Montreal,CYYZ,CYUL,CYUL,CYYZ,1756936856,1756983652,2025-09-03T22:00:56+00:00,2025-09-04T11:00:52+00:00,779
c08866,CYYZ,YYZ,Toronto,CYUL,CYYZ,CYYZ,CYVR,1756987544,1756997957,2025-09-04T12:05:44+00:00,2025-09-04T14:59:17+00:00,173
c08851,CYUL,YUL,Montreal,CYYZ,CYUL,CYUL,CYYZ,1756778727,1756810929,2025-09-02T02:05:27+00:00,2025-09-02T11:02:09+00:00,536
c050c5,CYVR,YVR,Vancouver,CYYZ,CYVR,CYVR,CYYZ,1756790181,1757569082,2025-09-02T05:16:21+00:00,2025-09-11T05:38:02+00:00,12981
c050c5,CYYC,YYC,Calgary,CYUL,CYYC,CYYC,CYUL,1757695619,1757700692,2025-09-12T16:46:59+00:00,2025-09-12T18:11:32+00:00,84
c06724,CYUL,YUL,Montreal,CYYZ,CYUL,CYUL,CYYZ,1756777239,1757211415,2025-09-02T01:40:39+00:00,2025-09-07T02:16:55+00:00,7236
c06724,CYYZ,YYZ,Toronto,CYUL,CYYZ,CYYZ,CYYC,1757215098,1757264854,2025-09-07T03:18:18+00:00,2025-09-07T17:07:34+00:00,829
c06724,CYUL,YUL,Montreal,CYYZ,CYUL,CYUL,CYYZ,1757305056,1757333527,2025-09-08T04:17:36+00:00,2025-09-08T12:12:07+00:00,474
c06724,CYYZ,YYZ,Toronto,CYUL,CYYZ,CYYZ,CYYC,1757337109,1757860381,2025-09-08T13:11:49+00:00,2025-09-14T14:33:01+00:00,8721
c06724,CYYC,YYC,Calgary,CYYZ,CYYC,CYYC,CYYZ,1757873457,1757916034,2025-09-14T18:10:57+00:00,2025-09-15T06:00:34+00:00,709
c06709,CYYZ,YYZ,Toronto,CYUL,CYYZ,CYYZ,CYYC,1756852225,1757174794,2025-09-02T22:30:25+00:00,2025-09-06T16:06:34+00:00,5376
c06709,CYUL,YUL,Montreal,CYYZ,CYUL,CYUL,CYVR,1757262681,1757267265,2025-09-07T16:31:21+00:00,2025-09-07T17:47:45+00:00,76
c06709,CYVR,YVR,Vancouver,CYUL,CYVR,CYVR,CYUL,1757285437,1757290049,2025-09-07T22:50:37+00:00,2025-09-08T00:07:29+00:00,76
c06709,CYUL,YUL,Montreal,CYVR,CYUL,CYUL,CYYZ,1757305735,1757326402,2025-09-08T04:28:55+00:00,2025-09-08T10:13:22+00:00,344
c06709,CYYZ,YYZ,Toronto,CYUL,CYYZ,CYYZ,CYUL,1757330032,1757475061,2025-09-08T11:13:52+00:00,2025-09-10T03:31:01+00:00,2417
c06709,CYUL,YUL,Montreal,CYYZ,CYUL,CYUL,CYYZ,1757478524,1757598083,2025-09-10T04:28:44+00:00,2025-09-11T13:41:23+00:00,1992
c06709,CYYZ,YYZ,Toronto,CYUL,CYYZ,CYYZ,CYUL,1757601837,1757674806,2025-09-11T14:43:57+00:00,2025-09-12T11:00:06+00:00,1216
c06709,CYUL,YUL,Montreal,CYYZ,CYUL,CYUL,CYVR,1757678057,1757784754,2025-09-12T11:54:17+00:00,2025-09-13T17:32:34+00:00,1778
c051e4,CYYZ,YYZ,Toronto,CYUL,CYYZ,CYYZ,CYUL,1756849020,1757019754,2025-09-02T21:37:00+00:00,2025-09-04T21:02:34+00:00,2845
c051e4,CYUL,YUL,Montreal,CYYZ,CYUL,CYUL,CYYZ,1757025400,1757191447,2025-09-04T22:36:40+00:00,2025-09-06T20:44:07+00:00,2767
c018db,CYYZ,YYZ,Toronto,CYUL,CYYZ,CYYZ,CYUL,1756836652,1756936503,2025-09-02T18:10:52+00:00,2025-09-03T21:55:03+00:00,1664
c05ed9,CYYC,YYC,Calgary,CYVR,CYYC,CYYC,CYVR,1757172465,1757176839,2025-09-06T15:27:45+00:00,2025-09-06T16:40:39+00:00,72
c05ed9,CYVR,YVR,Vancouver,CYYC,CYVR,CYVR,CYYC,1757180926,1757253900,2025-09-06T17:48:46+00:00,2025-09-07T14:05:00+00:00,1216
c05ed9,CYYC,YYC,Calgary,CYVR,CYYC,CYYC,CYVR,1757257570,1757262482,2025-09-07T15:06:10+00:00,2025-09-07T16:28:02+00:00,81
c05ed9,CYUL,YUL,Montreal,CYYZ,CYUL,CYUL,CYYZ,1757525513,1757531082,2025-09-10T17:31:53+00:00,2025-09-10T19:04:42+00:00,92
c05ed9,CYYZ,YYZ,Toronto,CYUL,CYYZ,CYYZ,CYEG,1757534443,1757774168,2025-09-10T20:00:43+00:00,2025-09-13T14:36:08+00:00,3995
c05ed9,CYUL,YUL,Montreal,CYYZ,CYUL,CYUL,CYYZ,1757860040,1757865212,2025-09-14T14:27:20+00:00,2025-09-14T15:53:32+00:00,86
c07b0a,CYYZ,YYZ,Toronto,CYUL,CYYZ,CYYZ,CYUL,1756815650,1756859099,2025-09-02T12:20:50+00:00,2025-09-03T00:24:59+00:00,724
c07b0a,CYUL,YUL,Montreal,CYYZ,CYUL,CYUL,CYVR,1756862632,1757093431,2025-09-03T01:23:52+00:00,2025-09-05T17:30:31+00:00,3846
c07b0a,CYVR,YVR,Vancouver,CYUL,CYVR,CYVR,CYUL,1757110676,1757116888,2025-09-05T22:17:56+00:00,2025-09-06T00:01:28+00:00,103
c07b0a,CYUL,YUL,Montreal,CYVR,CYUL,CYUL,CYYZ,1757133238,1757153763,2025-09-06T04:33:58+00:00,2025-09-06T10:16:03+00:00,342
c07b0a,CYYZ,YYZ,Toronto,CYUL,CYYZ,CYYZ,CYUL,1757157861,1757333071,2025-09-06T11:24:21+00:00,2025-09-08T12:04:31+00:00,2920
c07b0a,CYUL,YUL,Montreal,CYYZ,CYUL,CYUL,CYYZ,1757381419,1757415995,2025-09-09T01:30:19+00:00,2025-09-09T11:06:35+00:00,576
c07b0a,CYYZ,YYZ,Toronto,CYUL,CYYZ,CYYZ,CYUL,1757419375,1757509743,2025-09-09T12:02:55+00:00,2025-09-10T13:09:03+00:00,1506
c07b0a,CYUL,YUL,Montreal,CYYZ,CYUL,CYUL,CYYZ,1757513333,1757517991,2025-09-10T14:08:53+00:00,2025-09-10T15:26:31+00:00,77
c07b0a,CYYZ,YYZ,Toronto,CYUL,CYYZ,CYYZ,CYUL,1757521375,1757528521,2025-09-10T16:22:55+00:00,2025-09-10T18:22:01+00:00,119
c07b0a,CYUL,YUL,Montreal,CYYZ,CYUL,CYUL,CYYZ,1757531624,1757539804,2025-09-10T19:13:44+00:00,2025-09-10T21:30:04+00:00,136
c07b0a,CYYZ,YYZ,Toronto,CYUL,CYYZ,CYYZ,CYUL,1757543099,1757588444,2025-09-10T22:24:59+00:00,2025-09-11T11:00:44+00:00,755
c07b0a,CYUL,YUL,Montreal,CYYZ,CYUL,CYUL,CYYZ,1757591874,1757596539,2025-09-11T11:57:54+00:00,2025-09-11T13:15:39+00:00,77
c07b0a,CYYZ,YYZ,Toronto,CYUL,CYYZ,CYYZ,CYUL,1757600158,1757606820,2025-09-11T14:15:58+00:00,2025-09-11T16:07:00+00:00,111
c07b0a,CYUL,YUL,Montreal,CYYZ,CYUL,CYUL,CYYZ,1757610172,1757614833,2025-09-11T17:02:52+00:00,2025-09-11T18:20:33+00:00,77
c07b0a,CYYZ,YYZ,Toronto,CYUL,CYYZ,CYYZ,CYUL,1757762609,1757959891,2025-09-13T11:23:29+00:00,2025-09-15T18:11:31+00:00,3288
c029dd,CYYC,YYC,Calgary,CYUL,CYYC,CYYC,CYYZ,1756788124,1756861584,2025-09-02T04:42:04+00:00,2025-09-03T01:06:24+00:00,1224
c029dd,CYYZ,YYZ,Toronto,CYYC,CYYZ,CYYZ,CYYC,1756873728,1756949504,2025-09-03T04:28:48+00:00,2025-09-04T01:31:44+00:00,1262
c051da,CYYZ,YYZ,Toronto,CYUL,CYYZ,CYYZ,CYUL,1756775816,1756937370,2025-09-02T01:16:56+00:00,2025-09-03T22:09:30+00:00,2692
c051da,CYUL,YUL,Montreal,CYYZ,CYUL,CYUL,CYYZ,1756940392,1757276700,2025-09-03T22:59:52+00:00,2025-09-07T20:25:00+00:00,5605
c051da,CYYZ,YYZ,Toronto,CYUL,CYYZ,CYYZ,CYUL,1757280228,1757542142,2025-09-07T21:23:48+00:00,2025-09-10T22:09:02+00:00,4365
c07ee0,CYVR,YVR,Vancouver,CYYC,CYVR,CYVR,CYYC,1756924255,1756936219,2025-09-03T18:30:55+00:00,2025-09-03T21:50:19+00:00,199
c07ee0,CYYC,YYC,Calgary,CYVR,CYYC,CYYC,CYVR,1756939998,1756944968,2025-09-03T22:53:18+00:00,2025-09-04T00:16:08+00:00,82
c07ee0,CYVR,YVR,Vancouver,CYYC,CYVR,CYVR,CYYC,1756948943,1756991191,2025-09-04T01:22:23+00:00,2025-09-04T13:06:31+00:00,704
c07ee0,CYYC,YYC,Calgary,CYVR,CYYC,CYYC,CYVR,1756995041,1757001721,2025-09-04T14:10:41+00:00,2025-09-04T16:02:01+00:00,111
c07ee0,CYVR,YVR,Vancouver,CYYC,CYVR,CYVR,CYYC,1757005423,1757011754,2025-09-04T17:03:43+00:00,2025-09-04T18:49:14+00:00,105
c080a3,CYVR,YVR,Vancouver,CYYZ,CYVR,CYVR,CYYC,1756913172,1756932362,2025-09-03T15:26:12+00:00,2025-09-03T20:46:02+00:00,319
c080a3,CYYC,YYC,Calgary,CYVR,CYYC,CYYC,CYVR,1756936477,1757131002,2025-09-03T21:54:37+00:00,2025-09-06T03:56:42+00:00,3242
c080a3,CYVR,YVR,Vancouver,CYYC,CYVR,CYVR,CYEG,1757134646,1757172071,2025-09-06T04:57:26+00:00,2025-09-06T15:21:11+00:00,623
c080a3,CYYZ,YYZ,Toronto,CYVR,CYYZ,CYYZ,CYEG,1757276981,1757422410,2025-09-07T20:29:41+00:00,2025-09-09T12:53:30+00:00,2423
c080a3,CYEG,YEG,Edmonton,CYYZ,CYEG,CYEG,CYYC,1757438180,1757473248,2025-09-09T17:16:20+00:00,2025-09-10T03:00:48+00:00,584
c080a3,CYYC,YYC,Calgary,CYEG,CYYC,CYYC,CYVR,1757474892,1757535123,2025-09-10T03:28:12+00:00,2025-09-10T20:12:03+00:00,1003
c080a3,CYVR,YVR,Vancouver,CYYC,CYVR,CYVR,CYYC,1757538890,1757551455,2025-09-10T21:14:50+00:00,2025-09-11T00:44:15+00:00,209
c080a3,CYYC,YYC,Calgary,CYVR,CYYC,CYYC,CYEG,1757555445,1757879207,2025-09-11T01:50:45+00:00,2025-09-14T19:46:47+00:00,5396
c080a3,CYEG,YEG,Edmonton,CYYC,CYEG,CYEG,CYVR,1757909754,1757946128,2025-09-15T04:15:54+00:00,2025-09-15T14:22:08+00:00,606
c050c0,CYYC,YYC,Calgary,CYVR,CYYC,CYYC,CYVR,1756952004,1756996665,2025-09-04T02:13:24+00:00,2025-09-04T14:37:45+00:00,744
c050c0,CYVR,YVR,Vancouver,CYYC,CYVR,CYVR,CYYC,1757000471,1757006402,2025-09-04T15:41:11+00:00,2025-09-04T17:20:02+00:00,98
c050c0,CYYC,YYC,Calgary,CYVR,CYYC,CYYC,CYVR,1757010221,1757014952,2025-09-04T18:23:41+00:00,2025-09-04T19:42:32+00:00,78
c050c0,CYVR,YVR,Vancouver,CYYC,CYVR,CYVR,CYYC,1757037194,1757049600,2025-09-05T01:53:14+00:00,2025-09-05T05:20:00+00:00,206
c050c0,CYYC,YYC,Calgary,CYVR,CYYC,CYYC,CYVR,1757053364,1757074689,2025-09-05T06:22:44+00:00,2025-09-05T12:18:09+00:00,355
c050c0,CYVR,YVR,Vancouver,CYYC,CYVR,CYVR,CYEG,1757078299,1757172515,2025-09-05T13:18:19+00:00,2025-09-06T15:28:35+00:00,1570
c050c0,CYYC,YYC,Calgary,CYYZ,CYYC,CYYC,CYVR,1757229149,1757247738,2025-09-07T07:12:29+00:00,2025-09-07T12:22:18+00:00,309
c050c0,CYYZ,YYZ,Toronto,CYUL,CYYZ,CYYZ,CYYC,1757509971,1757524142,2025-09-10T13:12:51+00:00,2025-09-10T17:09:02+00:00,236
c050c0,CYUL,YUL,Montreal,CYYZ,CYUL,CYUL,CYYZ,1757595837,1757600851,2025-09-11T13:03:57+00:00,2025-09-11T14:27:31+00:00,83
c050c0,CYYZ,YYZ,Toronto,CYUL,CYYZ,CYYZ,CYYC,1757604533,1757611772,2025-09-11T15:28:53+00:00,2025-09-11T17:29:32+00:00,120
c050c0,CYYC,YYC,Calgary,CYYZ,CYYC,CYYC,CYVR,1757661038,1757682226,2025-09-12T07:10:38+00:00,2025-09-12T13:03:46+00:00,353
c050c0,CYVR,YVR,Vancouver,CYYC,CYVR,CYVR,CYUL,1757686073,1757744082,2025-09-12T14:07:53+00:00,2025-09-13T06:14:42+00:00,966
c050c0,CYUL,YUL,Montreal,CYVR,CYUL,CYUL,CYYZ,1757759659,1757765205,2025-09-13T10:34:19+00:00,2025-09-13T12:06:45+00:00,92
c05bcb,CYVR,YVR,Vancouver,CYYZ,CYVR,CYVR,CYYZ,1756919212,1756925211,2025-09-03T17:06:52+00:00,2025-09-03T18:46:51+00:00,99
c05bcb,CYYZ,YYZ,Toronto,CYVR,CYYZ,CYYZ,CYVR,1756940350,1756944592,2025-09-03T22:59:10+00:00,2025-09-04T00:09:52+00:00,70
c05bcb,CYVR,YVR,Vancouver,CYYZ,CYVR,CYVR,CYYZ,1756961167,1756968100,2025-09-04T04:46:07+00:00,2025-09-04T06:41:40+00:00,115
c05bcb,CYYZ,YYZ,Toronto,CYVR,CYYZ,CYYZ,CYVR,1756982476,1756991374,2025-09-04T10:41:16+00:00,2025-09-04T13:09:34+00:00,148
c05bcb,CYVR,YVR,Vancouver,CYYZ,CYVR,CYVR,CYYZ,1757051375,1757057205,2025-09-05T05:49:35+00:00,2025-09-05T07:26:45+00:00,97
c05bcb,CYYZ,YYZ,Toronto,CYVR,CYYZ,CYYZ,CYVR,1757071334,1757075822,2025-09-05T11:22:14+00:00,2025-09-05T12:37:02+00:00,74
c05bcb,CYVR,YVR,Vancouver,CYYZ,CYVR,CYVR,CYYZ,1757091868,1757097991,2025-09-05T17:04:28+00:00,2025-09-05T18:46:31+00:00,102
c05bcb,CYYZ,YYZ,Toronto,CYVR,CYYZ,CYYZ,CYVR,1757113075,1757122454,2025-09-05T22:57:55+00:00,2025-09-06T01:34:14+00:00,156
c05bcb,CYVR,YVR,Vancouver,CYYZ,CYVR,CYVR,CYYZ,1757138708,1757144341,2025-09-06T06:05:08+00:00,2025-09-06T07:39:01+00:00,93
c05bcb,CYYZ,YYZ,Toronto,CYVR,CYYZ,CYYZ,CYYC,1757159248,1757164190,2025-09-06T11:47:28+00:00,2025-09-06T13:09:50+00:00,82
c05bcb,CYYC,YYC,Calgary,CYYZ,CYYC,CYYC,CYYZ,1757177680,1757184339,2025-09-06T16:54:40+00:00,2025-09-06T18:45:39+00:00,110
c05bcb,CYYZ,YYZ,Toronto,CYYC,CYYZ,CYYZ,CYVR,1757196375,1757203557,2025-09-06T22:06:15+00:00,2025-09-07T00:05:57+00:00,119
c05bcb,CYVR,YVR,Vancouver,CYYZ,CYVR,CYVR,CYYZ,1757219639,1757227470,2025-09-07T04:33:59+00:00,2025-09-07T06:44:30+00:00,130
c05bcb,CYYZ,YYZ,Toronto,CYVR,CYYZ,CYYZ,CYVR,1757243034,1757248604,2025-09-07T11:03:54+00:00,2025-09-07T12:36:44+00:00,92
c05bcb,CYVR,YVR,Vancouver,CYYZ,CYVR,CYVR,CYYZ,1757265478,1757271126,2025-09-07T17:17:58+00:00,2025-09-07T18:52:06+00:00,94
c05bcb,CYYZ,YYZ,Toronto,CYVR,CYYZ,CYYZ,CYVR,1757285934,1757291212,2025-09-07T22:58:54+00:00,2025-09-08T00:26:52+00:00,87
c05bcb,CYVR,YVR,Vancouver,CYYZ,CYVR,CYVR,CYYZ,1757307948,1757313090,2025-09-08T05:05:48+00:00,2025-09-08T06:31:30+00:00,85
c05bcb,CYYZ,YYZ,Toronto,CYVR,CYYZ,CYYZ,CYEG,1757328327,1757333831,2025-09-08T10:45:27+00:00,2025-09-08T12:17:11+00:00,91
c05bcb,CYYZ,YYZ,Toronto,CYVR,CYYZ,CYYZ,CYVR,1757444639,1757507737,2025-09-09T19:03:59+00:00,2025-09-10T12:35:37+00:00,1051
c05bcb,CYVR,YVR,Vancouver,CYYZ,CYVR,CYVR,CYYZ,1757570866,1757576040,2025-09-11T06:07:46+00:00,2025-09-11T07:34:00+00:00,86
c05bcb,CYYZ,YYZ,Toronto,CYVR,CYYZ,CYYZ,CYYC,1757591368,1757596274,2025-09-11T11:49:28+00:00,2025-09-11T13:11:14+00:00,81
c05bcb,CYYC,YYC,Calgary,CYYZ,CYYC,CYYC,CYYZ,1757610017,1757615495,2025-09-11T17:00:17+00:00,2025-09-11T18:31:35+00:00,91
c05bcb,CYYZ,YYZ,Toronto,CYYC,CYYZ,CYYZ,CYVR,1757627690,1757635370,2025-09-11T21:54:50+00:00,2025-09-12T00:02:50+00:00,128
c05bcb,CYVR,YVR,Vancouver,CYYZ,CYVR,CYVR,CYYZ,1757652385,1757659244,2025-09-12T04:46:25+00:00,2025-09-12T06:40:44+00:00,114
c05bcb,CYYZ,YYZ,Toronto,CYVR,CYYZ,CYYZ,CYEG,1757674466,1757679861,2025-09-12T10:54:26+00:00,2025-09-12T12:24:21+00:00,89
c05bcb,CYYZ,YYZ,Toronto,CYYC,CYYZ,CYYZ,CYVR,1757782396,1757786671,2025-09-13T16:53:16+00:00,2025-09-13T18:04:31+00:00,71
c05bcb,CYVR,YVR,Vancouver,CYYZ,CYVR,CYVR,CYYZ,1757802949,1757810945,2025-09-13T22:35:49+00:00,2025-09-14T00:49:05+00:00,133
c05bcb,CYYZ,YYZ,Toronto,CYVR,CYYZ,CYYZ,CYEG,1757826416,1757852044,2025-09-14T05:06:56+00:00,2025-09-14T12:14:04+00:00,427
c05bcb,CYYZ,YYZ,Toronto,CYYC,CYYZ,CYYZ,CYYC,1757958322,1757963011,2025-09-15T17:45:22+00:00,2025-09-15T19:03:31+00:00,78
c04ff4,CYVR,YVR,Vancouver,CYYZ,CYVR,CYVR,CYYC,1756919058,1756925014,2025-09-03T17:04:18+00:00,2025-09-03T18:43:34+00:00,99
c04ff4,CYYC,YYC,Calgary,CYVR,CYYC,CYYC,CYYZ,1756928950,1757013334,2025-09-03T19:49:10+00:00,2025-09-04T19:15:34+00:00,1406
c04ff4,CYYZ,YYZ,Toronto,CYYC,CYYZ,CYYZ,CYEG,1757024796,1757242037,2025-09-04T22:26:36+00:00,2025-09-07T10:47:17+00:00,3620
c04ff4,CYEG,YEG,Edmonton,CYYZ,CYEG,CYEG,CYYZ,1757255666,1757261466,2025-09-07T14:34:26+00:00,2025-09-07T16:11:06+00:00,96
c060c0,CYVR,YVR,Vancouver,CYYZ,CYVR,CYVR,CYUL,1756919559,1756924235,2025-09-03T17:12:39+00:00,2025-09-03T18:30:35+00:00,77
c060c0,CYUL,YUL,Montreal,CYVR,CYUL,CYUL,CYVR,1756940392,1756948289,2025-09-03T22:59:52+00:00,2025-09-04T01:11:29+00:00,131
c060c0,CYVR,YVR,Vancouver,CYUL,CYVR,CYVR,CYUL,1756966334,1757086054,2025-09-04T06:12:14+00:00,2025-09-05T15:27:34+00:00,1995
c060c0,CYUL,YUL,Montreal,CYVR,CYUL,CYUL,CYYZ,1757102503,1757108310,2025-09-05T20:01:43+00:00,2025-09-05T21:38:30+00:00,96
c060c0,CYYZ,YYZ,Toronto,CYUL,CYYZ,CYYZ,CYYC,1757112002,1757116813,2025-09-05T22:40:02+00:00,2025-09-06T00:00:13+00:00,80
c060c0,CYYC,YYC,Calgary,CYYZ,CYYC,CYYC,CYYZ,1757130322,1757769139,2025-09-06T03:45:22+00:00,2025-09-13T13:12:19+00:00,10646
c060c0,CYYZ,YYZ,Toronto,CYYC,CYYZ,CYYZ,CYEG,1757781818,1757856494,2025-09-13T16:43:38+00:00,2025-09-14T13:28:14+00:00,1244
c060c0,CYYZ,YYZ,Toronto,CYVR,CYYZ,CYYZ,CYUL,1757929878,1757936712,2025-09-15T09:51:18+00:00,2025-09-15T11:45:12+00:00,113
c060c0,CYUL,YUL,Montreal,CYYZ,CYUL,CYUL,CYYZ,1757940057,1757944940,2025-09-15T12:40:57+00:00,2025-09-15T14:02:20+00:00,81
c02032,CYYC,YYC,Calgary,CYYZ,CYYC,CYYC,CYVR,1756891465,1756895790,2025-09-03T09:24:25+00:00,2025-09-03T10:36:30+00:00,72
c02032,CYVR,YVR,Vancouver,CYYC,CYVR,CYVR,CYYZ,1756899384,1756920630,2025-09-03T11:36:24+00:00,2025-09-03T17:30:30+00:00,354
c02032,CYYZ,YYZ,Toronto,CYVR,CYYZ,CYYZ,CYVR,1756935360,1757434416,2025-09-03T21:36:00+00:00,2025-09-09T16:13:36+00:00,8317
c02032,CYVR,YVR,Vancouver,CYYZ,CYVR,CYVR,CYYZ,1757449751,1757470043,2025-09-09T20:29:11+00:00,2025-09-10T02:07:23+00:00,338
c06539,CYYC,YYC,Calgary,CYVR,CYYC,CYYC,CYVR,1756923926,1756928888,2025-09-03T18:25:26+00:00,2025-09-03T19:48:08+00:00,82
c06539,CYVR,YVR,Vancouver,CYEG,CYVR,CYVR,CYUL,1756953237,1757053603,2025-09-04T02:33:57+00:00,2025-09-05T06:26:43+00:00,1672
c06539,CYUL,YUL,Montreal,CYVR,CYUL,CYUL,CYEG,1757069278,1757074535,2025-09-05T10:47:58+00:00,2025-09-05T12:15:35+00:00,87
c06539,CYYZ,YYZ,Toronto,CYUL,CYYZ,CYYZ,CYYC,1757243404,1757301211,2025-09-07T11:10:04+00:00,2025-09-08T03:13:31+00:00,963
c06539,CYYC,YYC,Calgary,CYYZ,CYYC,CYYC,CYUL,1757314736,1757333282,2025-09-08T06:58:56+00:00,2025-09-08T12:08:02+00:00,309
c06539,CYUL,YUL,Montreal,CYYC,CYUL,CYUL,CYEG,1757346379,1757353471,2025-09-08T15:46:19+00:00,2025-09-08T17:44:31+00:00,118
c0541c,CYYZ,YYZ,Toronto,CYVR,CYYZ,CYYZ,CYVR,1756934652,1757553280,2025-09-03T21:24:12+00:00,2025-09-11T01:14:40+00:00,10310
c032a2,CYYC,YYC,Calgary,CYVR,CYYC,CYYC,CYEG,1756927574,1757695710,2025-09-03T19:26:14+00:00,2025-09-12T16:48:30+00:00,12802
c07e33,CYYC,YYC,Calgary,CYVR,CYYC,CYYC,CYVR,1756913331,1756918335,2025-09-03T15:28:51+00:00,2025-09-03T16:52:15+00:00,83
c07e33,CYUL,YUL,Montreal,CYYZ,CYUL,CYUL,CYYZ,1757294577,1757299202,2025-09-08T01:22:57+00:00,2025-09-08T02:40:02+00:00,77
c07e33,CYYZ,YYZ,Toronto,CYUL,CYYZ,CYYZ,CYVR,1757302676,1757351980,2025-09-08T03:37:56+00:00,2025-09-08T17:19:40+00:00,821
c07e33,CYVR,YVR,Vancouver,CYYZ,CYVR,CYVR,CYUL,1757368487,1757398720,2025-09-08T21:54:47+00:00,2025-09-09T06:18:40+00:00,503
c07e33,CYUL,YUL,Montreal,CYVR,CYUL,CYUL,CYYZ,1757415118,1757441984,2025-09-09T10:51:58+00:00,2025-09-09T18:19:44+00:00,447
c07e33,CYYZ,YYZ,Toronto,CYUL,CYYZ,CYYZ,CYUL,1757445415,1757451361,2025-09-09T19:16:55+00:00,2025-09-09T20:56:01+00:00,99
c07e33,CYUL,YUL,Montreal,CYYZ,CYUL,CYUL,CYYZ,1757454989,1757705670,2025-09-09T21:56:29+00:00,2025-09-12T19:34:30+00:00,4178
c07e33,CYYZ,YYZ,Toronto,CYUL,CYYZ,CYYZ,CYUL,1757708848,1757768942,2025-09-12T20:27:28+00:00,2025-09-13T13:09:02+00:00,1001
c07e33,CYUL,YUL,Montreal,CYYZ,CYUL,CYUL,CYYZ,1757772778,1757776530,2025-09-13T14:12:58+00:00,2025-09-13T15:15:30+00:00,62
c07e33,CYYZ,YYZ,Toronto,CYUL,CYYZ,CYYZ,CYUL,1757779859,1757786719,2025-09-13T16:10:59+00:00,2025-09-13T18:05:19+00:00,114
c064d8,CYVR,YVR,Vancouver,CYUL,CYVR,CYVR,CYYZ,1756884217,1756905519,2025-09-03T07:23:37+00:00,2025-09-03T13:18:39+00:00,355
c064d8,CYYZ,YYZ,Toronto,CYEG,CYYZ,CYYZ,CYUL,1756956294,1756981243,2025-09-04T03:24:54+00:00,2025-09-04T10:20:43+00:00,415
c064d8,CYYC,YYC,Calgary,CYVR,CYYC,CYYC,CYVR,1757215904,1757250870,2025-09-07T03:31:44+00:00,2025-09-07T13:14:30+00:00,582
c064d8,CYVR,YVR,Vancouver,CYYC,CYVR,CYVR,CYUL,1757254882,1757404269,2025-09-07T14:21:22+00:00,2025-09-09T07:51:09+00:00,2489
c07e62,CYYZ,YYZ,Toronto,CYVR,CYYZ,CYYZ,CYYC,1756920851,1756994087,2025-09-03T17:34:11+00:00,2025-09-04T13:54:47+00:00,1220
c07e62,CYYC,YYC,Calgary,CYYZ,CYYC,CYYC,CYYZ,1757007480,1757099815,2025-09-04T17:38:00+00:00,2025-09-05T19:16:55+00:00,1538
c07e62,CYVR,YVR,Vancouver,CYYC,CYVR,CYVR,CYYC,1757298168,1757352738,2025-09-08T02:22:48+00:00,2025-09-08T17:32:18+00:00,909
c07e62,CYYC,YYC,Calgary,CYVR,CYYC,CYYC,CYVR,1757356550,1757361841,2025-09-08T18:35:50+00:00,2025-09-08T20:04:01+00:00,88
c07e62,CYVR,YVR,Vancouver,CYYC,CYVR,CYVR,CYEG,1757365360,1757444384,2025-09-08T21:02:40+00:00,2025-09-09T18:59:44+00:00,1317
c05004,CYYZ,YYZ,Toronto,CYYC,CYYZ,CYYZ,CYYC,1756979215,1757006234,2025-09-04T09:46:55+00:00,2025-09-04T17:17:14+00:00,450
c05004,CYYC,YYC,Calgary,CYVR,CYYC,CYYC,CYYZ,1757040878,1757054822,2025-09-05T02:54:38+00:00,2025-09-05T06:47:02+00:00,232
c05004,CYYZ,YYZ,Toronto,CYYC,CYYZ,CYYZ,CYVR,1757066818,1757174850,2025-09-05T10:06:58+00:00,2025-09-06T16:07:30+00:00,1800
c05004,CYVR,YVR,Vancouver,CYYZ,CYVR,CYVR,CYYC,1757358588,1757536146,2025-09-08T19:09:48+00:00,2025-09-10T20:29:06+00:00,2959
c05004,CYYC,YYC,Calgary,CYVR,CYYC,CYYC,CYYZ,1757563016,1757572339,2025-09-11T03:56:56+00:00,2025-09-11T06:32:19+00:00,155
c0653f,CYVR,YVR,Vancouver,CYUL,CYVR,CYVR,CYYC,1756969469,1757122917,2025-09-04T07:04:29+00:00,2025-09-06T01:41:57+00:00,2557
c0653f,CYYC,YYC,Calgary,CYVR,CYYC,CYYC,CYVR,1757126816,1757169530,2025-09-06T02:46:56+00:00,2025-09-06T14:38:50+00:00,711
c0653f,CYVR,YVR,Vancouver,CYYC,CYVR,CYVR,CYYZ,1757173379,1757396921,2025-09-06T15:42:59+00:00,2025-09-09T05:48:41+00:00,3725
c0653f,CYYZ,YYZ,Toronto,CYVR,CYYZ,CYYZ,CYUL,1757412234,1757420162,2025-09-09T10:03:54+00:00,2025-09-09T12:16:02+00:00,132
c07eef,CYVR,YVR,Vancouver,CYYC,CYVR,CYVR,CYYC,1756869838,1756876653,2025-09-03T03:23:58+00:00,2025-09-03T05:17:33+00:00,113
c07eef,CYYC,YYC,Calgary,CYVR,CYYC,CYYC,CYVR,1756880277,1757723275,2025-09-03T06:17:57+00:00,2025-09-13T00:27:55+00:00,14049
c07eef,CYVR,YVR,Vancouver,CYYC,CYVR,CYVR,CYYC,1757727194,1757734741,2025-09-13T01:33:14+00:00,2025-09-13T03:39:01+00:00,125
c07eef,CYYC,YYC,Calgary,CYVR,CYYC,CYYC,CYVR,1757738543,1757798293,2025-09-13T04:42:23+00:00,2025-09-13T21:18:13+00:00,995
c07eef,CYVR,YVR,Vancouver,CYYC,CYVR,CYVR,CYYC,1757819455,1757827564,2025-09-14T03:10:55+00:00,2025-09-14T05:26:04+00:00,135
c07eef,CYYC,YYC,Calgary,CYVR,CYYC,CYYC,CYVR,1757831158,1757909687,2025-09-14T06:25:58+00:00,2025-09-15T04:14:47+00:00,1308
c05ebb,CYEG,YEG,Edmonton,CYVR,CYEG,CYEG,CYVR,1756877725,1756961338,2025-09-03T05:35:25+00:00,2025-09-04T04:48:58+00:00,1393
c05ebb,CYVR,YVR,Vancouver,CYEG,CYVR,CYVR,CYYC,1756965626,1757122828,2025-09-04T06:00:26+00:00,2025-09-06T01:40:28+00:00,2620
c05ebb,CYYC,YYC,Calgary,CYVR,CYYC,CYYC,CYYZ,1757126684,1757249101,2025-09-06T02:44:44+00:00,2025-09-07T12:45:01+00:00,2040
c05ebb,CYYZ,YYZ,Toronto,CYYC,CYYZ,CYYZ,CYYC,1757261111,1757266535,2025-09-07T16:05:11+00:00,2025-09-07T17:35:35+00:00,90
c05ebb,CYYZ,YYZ,Toronto,CYEG,CYYZ,CYYZ,CYYC,1757541280,1757596081,2025-09-10T21:54:40+00:00,2025-09-11T13:08:01+00:00,913
c05ebb,CYYC,YYC,Calgary,CYYZ,CYYC,CYYC,CYVR,1757609923,1757701274,2025-09-11T16:58:43+00:00,2025-09-12T18:21:14+00:00,1522
c05ebb,CYVR,YVR,Vancouver,CYYC,CYVR,CYVR,CYYC,1757705091,1757711493,2025-09-12T19:24:51+00:00,2025-09-12T21:11:33+00:00,106
c05ebb,CYYC,YYC,Calgary,CYVR,CYYC,CYYC,CYVR,1757735214,1757769667,2025-09-13T03:46:54+00:00,2025-09-13T13:21:07+00:00,574
c05ebb,CYVR,YVR,Vancouver,CYYC,CYVR,CYVR,CYYC,1757773488,1757778728,2025-09-13T14:24:48+00:00,2025-09-13T15:52:08+00:00,87
c05ebb,CYYC,YYC,Calgary,CYVR,CYYC,CYYC,CYVR,1757782349,1757787968,2025-09-13T16:52:29+00:00,2025-09-13T18:26:08+00:00,93
c05ebb,CYYZ,YYZ,Toronto,CYYC,CYYZ,CYYZ,CYYC,1757864783,1757871240,2025-09-14T15:46:23+00:00,2025-09-14T17:34:00+00:00,107
c05ebb,CYYC,YYC,Calgary,CYYZ,CYYC,CYYC,CYEG,1757885549,1757903869,2025-09-14T21:32:29+00:00,2025-09-15T02:37:49+00:00,305
c0517e,CYYC,YYC,Calgary,CYVR,CYYC,CYYC,CYUL,1756872337,1757033675,2025-09-03T04:05:37+00:00,2025-09-05T00:54:35+00:00,2688
c0517e,CYUL,YUL,Montreal,CYYC,CYUL,CYUL,CYYC,1757047044,1757071144,2025-09-05T04:37:24+00:00,2025-09-05T11:19:04+00:00,401
c0517e,CYYC,YYC,Calgary,CYUL,CYYC,CYYC,CYYZ,1757085248,1757227322,2025-09-05T15:14:08+00:00,2025-09-07T06:42:02+00:00,2367
c0517e,CYYZ,YYZ,Toronto,CYYC,CYYZ,CYYZ,CYYC,1757240179,1757246521,2025-09-07T10:16:19+00:00,2025-09-07T12:02:01+00:00,105
c0517e,CYYC,YYC,Calgary,CYYZ,CYYC,CYYC,CYYZ,1757260872,1757346794,2025-09-07T16:01:12+00:00,2025-09-08T15:53:14+00:00,1432
c0517e,CYYZ,YYZ,Toronto,CYYC,CYYZ,CYYZ,CYYC,1757358919,1757419814,2025-09-08T19:15:19+00:00,2025-09-09T12:10:14+00:00,1014
c0517e,CYYC,YYC,Calgary,CYYZ,CYYC,CYYC,CYVR,1757433719,1757519822,2025-09-09T16:01:59+00:00,2025-09-10T15:57:02+00:00,1435
c0517e,CYVR,YVR,Vancouver,CYYC,CYVR,CYVR,CYYC,1757523464,1757529690,2025-09-10T16:57:44+00:00,2025-09-10T18:41:30+00:00,103
c0517e,CYYC,YYC,Calgary,CYVR,CYYC,CYYC,CYYZ,1757533618,1757772855,2025-09-10T19:46:58+00:00,2025-09-13T14:14:15+00:00,3987
c0517e,CYYZ,YYZ,Toronto,CYYC,CYYZ,CYYZ,CYEG,1757785918,1757815803,2025-09-13T17:51:58+00:00,2025-09-14T02:10:03+00:00,498
c06aa4,CYEG,YEG,Edmonton,CYVR,CYEG,CYEG,CYVR,1756862204,1756988298,2025-09-03T01:16:44+00:00,2025-09-04T12:18:18+00:00,2101
c06aa4,CYVR,YVR,Vancouver,CYEG,CYVR,CYVR,CYEG,1756992748,1757176757,2025-09-04T13:32:28+00:00,2025-09-06T16:39:17+00:00,3066
c06c9c,CYVR,YVR,Vancouver,CYYC,CYVR,CYVR,CYYC,1756939511,1757129052,2025-09-03T22:45:11+00:00,2025-09-06T03:24:12+00:00,3159
c01ee6,CYYC,YYC,Calgary,CYYZ,CYYC,CYYC,CYYZ,1756919347,1756927245,2025-09-03T17:09:07+00:00,2025-09-03T19:20:45+00:00,131
c03c04,CYVR,YVR,Vancouver,CYYC,CYVR,CYVR,CYYZ,1756928158,1756945075,2025-09-03T19:35:58+00:00,2025-09-04T00:17:55+00:00,281
c03c04,CYYZ,YYZ,Toronto,CYVR,CYYZ,CYYZ,CYVR,1756960946,1756981745,2025-09-04T04:42:26+00:00,2025-09-04T10:29:05+00:00,346
c03c04,CYVR,YVR,Vancouver,CYYZ,CYVR,CYVR,CYYZ,1757000159,1757005848,2025-09-04T15:35:59+00:00,2025-09-04T17:10:48+00:00,94
c03c04,CYVR,YVR,Vancouver,CYYC,CYVR,CYVR,CYYC,1757088926,1757094041,2025-09-05T16:15:26+00:00,2025-09-05T17:40:41+00:00,85
c03c04,CYYC,YYC,Calgary,CYVR,CYYC,CYYC,CYVR,1757098190,1757103532,2025-09-05T18:49:50+00:00,2025-09-05T20:18:52+00:00,89
c03c04,CYVR,YVR,Vancouver,CYYC,CYVR,CYVR,CYYZ,1757107277,1757117507,2025-09-05T21:21:17+00:00,2025-09-06T00:11:47+00:00,170
c03c04,CYYZ,YYZ,Toronto,CYVR,CYYZ,CYYZ,CYEG,1757132352,1757155399,2025-09-06T04:19:12+00:00,2025-09-06T10:43:19+00:00,384
c03c04,CYYZ,YYZ,Toronto,CYVR,CYYZ,CYYZ,CYYC,1757308555,1757333110,2025-09-08T05:15:55+00:00,2025-09-08T12:05:10+00:00,409
c03c04,CYYC,YYC,Calgary,CYVR,CYYC,CYYC,CYVR,1757702685,1757708177,2025-09-12T18:44:45+00:00,2025-09-12T20:16:17+00:00,91
c03c04,CYVR,YVR,Vancouver,CYYC,CYVR,CYVR,CYEG,1757711939,1757899611,2025-09-12T21:18:59+00:00,2025-09-15T01:26:51+00:00,3127
c030bb,CYYC,YYC,Calgary,CYUL,CYYC,CYYC,CYUL,1756916848,1756922770,2025-09-03T16:27:28+00:00,2025-09-03T18:06:10+00:00,98
c030bb,CYUL,YUL,Montreal,CYEG,CYUL,CYUL,CYYC,1756984248,1756989153,2025-09-04T11:10:48+00:00,2025-09-04T12:32:33+00:00,81
c030bb,CYYC,YYC,Calgary,CYUL,CYYC,CYYC,CYUL,1757003129,1757009626,2025-09-04T16:25:29+00:00,2025-09-04T18:13:46+00:00,108
c030bb,CYUL,YUL,Montreal,CYYC,CYUL,CYUL,CYYC,1757024333,1757075038,2025-09-04T22:18:53+00:00,2025-09-05T12:23:58+00:00,845
c030bb,CYYC,YYC,Calgary,CYUL,CYYC,CYYC,CYUL,1757089168,1757095632,2025-09-05T16:19:28+00:00,2025-09-05T18:07:12+00:00,107
c030bb,CYUL,YUL,Montreal,CYYC,CYUL,CYUL,CYYC,1757108618,1757161741,2025-09-05T21:43:38+00:00,2025-09-06T12:29:01+00:00,885
c030bb,CYYC,YYC,Calgary,CYUL,CYYC,CYYC,CYUL,1757176156,1757182073,2025-09-06T16:29:16+00:00,2025-09-06T18:07:53+00:00,98
c030bb,CYVR,YVR,Vancouver,CYYC,CYVR,CYVR,CYYC,1757346412,1757448335,2025-09-08T15:46:52+00:00,2025-09-09T20:05:35+00:00,1698
c030bb,CYYC,YYC,Calgary,CYVR,CYYC,CYYC,CYVR,1757470749,1757506955,2025-09-10T02:19:09+00:00,2025-09-10T12:22:35+00:00,603
c03c44,CYVR,YVR,Vancouver,CYYC,CYVR,CYVR,CYYC,1757395069,1757510021,2025-09-09T05:17:49+00:00,2025-09-10T13:13:41+00:00,1915
c03c44,CYYC,YYC,Calgary,CYVR,CYYC,CYYC,CYVR,1757513888,1757736613,2025-09-10T14:18:08+00:00,2025-09-13T04:10:13+00:00,3712
c03c44,CYVR,YVR,Vancouver,CYYC,CYVR,CYVR,CYEG,1757740492,1757769991,2025-09-13T05:14:52+00:00,2025-09-13T13:26:31+00:00,491
c004ea,CYYZ,YYZ,Toronto,CYYC,CYYZ,CYYZ,CYEG,1756929212,1757336722,2025-09-03T19:53:32+00:00,2025-09-08T13:05:22+00:00,6791
c004ea,CYYC,YYC,Calgary,CYYZ,CYYC,CYYC,CYUL,1757398947,1757608392,2025-09-09T06:22:27+00:00,2025-09-11T16:33:12+00:00,3490
c03a97,CYVR,YVR,Vancouver,CYYC,CYVR,CYVR,CYYC,1756927533,1756964533,2025-09-03T19:25:33+00:00,2025-09-04T05:42:13+00:00,616
c03a97,CYYC,YYC,Calgary,CYVR,CYYC,CYYC,CYEG,1756968864,1757337827,2025-09-04T06:54:24+00:00,2025-09-08T13:23:47+00:00,6149
c0121e,CYYZ,YYZ,Toronto,CYYC,CYYZ,CYYZ,CYYC,1757452890,1757471262,2025-09-09T21:21:30+00:00,2025-09-10T02:27:42+00:00,306
c0576b,CYEG,YEG,Edmonton,CYYC,CYEG,CYEG,CYYC,1756914449,1756932009,2025-09-03T15:47:29+00:00,2025-09-03T20:40:09+00:00,292
c03e07,CYYZ,YYZ,Toronto,CYYC,CYYZ,CYYZ,CYYC,1756920696,1756926120,2025-09-03T17:31:36+00:00,2025-09-03T19:02:00+00:00,90
c03e07,CYYC,YYC,Calgary,CYYZ,CYYC,CYYC,CYVR,1756939901,1756951439,2025-09-03T22:51:41+00:00,2025-09-04T02:03:59+00:00,192
c03e07,CYVR,YVR,Vancouver,CYYC,CYVR,CYVR,CYYC,1756955219,1757032871,2025-09-04T03:06:59+00:00,2025-09-05T00:41:11+00:00,1294
c03e07,CYYC,YYC,Calgary,CYVR,CYYC,CYYC,CYVR,1757036879,1757088439,2025-09-05T01:47:59+00:00,2025-09-05T16:07:19+00:00,859
c03e07,CYVR,YVR,Vancouver,CYYC,CYVR,CYVR,CYYC,1757092349,1757098081,2025-09-05T17:12:29+00:00,2025-09-05T18:48:01+00:00,95
c03e07,CYYC,YYC,Calgary,CYVR,CYYC,CYYC,CYVR,1757102026,1757107892,2025-09-05T19:53:46+00:00,2025-09-05T21:31:32+00:00,97
c03e07,CYVR,YVR,Vancouver,CYYC,CYVR,CYVR,CYEG,1757129866,1757431116,2025-09-06T03:37:46+00:00,2025-09-09T15:18:36+00:00,5020
c03e07,CYEG,YEG,Edmonton,CYVR,CYEG,CYEG,CYYC,1757435128,1757509850,2025-09-09T16:25:28+00:00,2025-09-10T13:10:50+00:00,1245
c03e07,CYYC,YYC,Calgary,CYEG,CYYC,CYYC,CYVR,1757511833,1757517008,2025-09-10T13:43:53+00:00,2025-09-10T15:10:08+00:00,86
c03e07,CYVR,YVR,Vancouver,CYYC,CYVR,CYVR,CYYC,1757520793,1757525554,2025-09-10T16:13:13+00:00,2025-09-10T17:32:34+00:00,79
c04fae,CYEG,YEG,Edmonton,CYYC,CYEG,CYEG,CYYC,1756908266,1757000336,2025-09-03T14:04:26+00:00,2025-09-04T15:38:56+00:00,1534
c03064,CYVR,YVR,Vancouver,CYYC,CYVR,CYVR,CYYC,1756908269,1756963358,2025-09-03T14:04:29+00:00,2025-09-04T05:22:38+00:00,918
c03064,CYYC,YYC,Calgary,CYVR,CYYC,CYYC,CYVR,1756967021,1756988839,2025-09-04T06:23:41+00:00,2025-09-04T12:27:19+00:00,363
c03064,CYVR,YVR,Vancouver,CYYC,CYVR,CYVR,CYYC,1756992892,1757553650,2025-09-04T13:34:52+00:00,2025-09-11T01:20:50+00:00,9345
c03064,CYYC,YYC,Calgary,CYVR,CYYC,CYYC,CYVR,1757557584,1757602451,2025-09-11T02:26:24+00:00,2025-09-11T14:54:11+00:00,747
c03064,CYVR,YVR,Vancouver,CYYC,CYVR,CYVR,CYUL,1757606362,1757657616,2025-09-11T15:59:22+00:00,2025-09-12T06:13:36+00:00,854
c03064,CYUL,YUL,Montreal,CYVR,CYUL,CYUL,CYEG,1757673679,1757680235,2025-09-12T10:41:19+00:00,2025-09-12T12:30:35+00:00,109
c019eb,CYYC,YYC,Calgary,CYYZ,CYYC,CYYC,CYYZ,1756880048,1756903022,2025-09-03T06:14:08+00:00,2025-09-03T12:37:02+00:00,382
c019eb,CYYZ,YYZ,Toronto,CYYC,CYYZ,CYYZ,CYYC,1756915426,1756998364,2025-09-03T16:03:46+00:00,2025-09-04T15:06:04+00:00,1382
c019eb,CYYZ,YYZ,Toronto,CYVR,CYYZ,CYYZ,CYVR,1757190812,1757334161,2025-09-06T20:33:32+00:00,2025-09-08T12:22:41+00:00,2389
c019eb,CYYC,YYC,Calgary,CYYZ,CYYC,CYYC,CYUL,1757391894,1757435772,2025-09-09T04:24:54+00:00,2025-09-09T16:36:12+00:00,731
c019eb,CYYZ,YYZ,Toronto,CYYC,CYYZ,CYYZ,CYVR,1757498699,1757593029,2025-09-10T10:04:59+00:00,2025-09-11T12:17:09+00:00,1572
c019eb,CYVR,YVR,Vancouver,CYYZ,CYVR,CYVR,CYYZ,1757609873,1757615973,2025-09-11T16:57:53+00:00,2025-09-11T18:39:33+00:00,101
c083f2,CYYC,YYC,Calgary,CYUL,CYYC,CYYC,CYUL,1756875024,1756884491,2025-09-03T04:50:24+00:00,2025-09-03T07:28:11+00:00,157
c083f2,CYUL,YUL,Montreal,CYYC,CYUL,CYUL,CYYC,1756897817,1757299915,2025-09-03T11:10:17+00:00,2025-09-08T02:51:55+00:00,6701
c083f2,CYYC,YYC,Calgary,CYUL,CYYC,CYYC,CYUL,1757314019,1757318884,2025-09-08T06:46:59+00:00,2025-09-08T08:08:04+00:00,81
c083f2,CYUL,YUL,Montreal,CYYC,CYUL,CYUL,CYVR,1757331182,1757676864,2025-09-08T11:33:02+00:00,2025-09-12T11:34:24+00:00,5761
c07193,CYVR,YVR,Vancouver,CYYC,CYVR,CYVR,CYYZ,1756883634,1756991881,2025-09-03T07:13:54+00:00,2025-09-04T13:18:01+00:00,1804
c07193,CYYZ,YYZ,Toronto,CYVR,CYYZ,CYYZ,CYUL,1757006009,1757646436,2025-09-04T17:13:29+00:00,2025-09-12T03:07:16+00:00,10673
c07193,CYUL,YUL,Montreal,CYYZ,CYUL,CYUL,CYYZ,1757650229,1757674846,2025-09-12T04:10:29+00:00,2025-09-12T11:00:46+00:00,410
c05403,CYUL,YUL,Montreal,CYYC,CYUL,CYUL,CYYC,1756873791,1756898716,2025-09-03T04:29:51+00:00,2025-09-03T11:25:16+00:00,415
c05403,CYYC,YYC,Calgary,CYUL,CYYC,CYYC,CYYZ,1756913181,1757168234,2025-09-03T15:26:21+00:00,2025-09-06T14:17:14+00:00,4250
c05403,CYYZ,YYZ,Toronto,CYYC,CYYZ,CYYZ,CYYC,1757180235,1757516312,2025-09-06T17:37:15+00:00,2025-09-10T14:58:32+00:00,5601
c05403,CYVR,YVR,Vancouver,CYYZ,CYVR,CYVR,CYYZ,1757710206,1757722923,2025-09-12T20:50:06+00:00,2025-09-13T00:22:03+00:00,211
c048cb,CYEG,YEG,Edmonton,CYYC,CYEG,CYEG,CYYC,1756860119,1756871934,2025-09-03T00:41:59+00:00,2025-09-03T03:58:54+00:00,196
c048cb,CYYC,YYC,Calgary,CYEG,CYYC,CYYC,CYEG,1756874261,1757431431,2025-09-03T04:37:41+00:00,2025-09-09T15:23:51+00:00,9286
c048cb,CYEG,YEG,Edmonton,CYYC,CYEG,CYEG,CYYC,1757433837,1757475138,2025-09-09T16:03:57+00:00,2025-09-10T03:32:18+00:00,688
c02966,CYYC,YYC,Calgary,CYEG,CYYC,CYYC,CYYZ,1756939609,1756946605,2025-09-03T22:46:49+00:00,2025-09-04T00:43:25+00:00,116
c02966,CYYZ,YYZ,Toronto,CYYC,CYYZ,CYYZ,CYVR,1756958698,1757673366,2025-09-04T04:04:58+00:00,2025-09-12T10:36:06+00:00,11911
c02966,CYVR,YVR,Vancouver,CYYZ,CYVR,CYVR,CYYZ,1757690842,1757696921,2025-09-12T15:27:22+00:00,2025-09-12T17:08:41+00:00,101
c0202b,CYYC,YYC,Calgary,CYEG,CYYC,CYYC,CYEG,1756997259,1757132169,2025-09-04T14:47:39+00:00,2025-09-06T04:16:09+00:00,2248
c0202b,CYEG,YEG,Edmonton,CYYC,CYEG,CYEG,CYYC,1757134123,1757302435,2025-09-06T04:48:43+00:00,2025-09-08T03:33:55+00:00,2805
c0202b,CYYC,YYC,Calgary,CYEG,CYYC,CYYC,CYEG,1757304506,1757334665,2025-09-08T04:08:26+00:00,2025-09-08T12:31:05+00:00,502
c0202b,CYEG,YEG,Edmonton,CYYC,CYEG,CYEG,CYYC,1757621247,1757947041,2025-09-11T20:07:27+00:00,2025-09-15T14:37:21+00:00,5429
c082f1,CYYC,YYC,Calgary,CYEG,CYYC,CYYC,CYEG,1756936899,1757608706,2025-09-03T22:01:39+00:00,2025-09-11T16:38:26+00:00,11196
c05416,CYEG,YEG,Edmonton,CYYZ,CYEG,CYEG,CYYZ,1756910532,1756916323,2025-09-03T14:42:12+00:00,2025-09-03T16:18:43+00:00,96
c05416,CYYZ,YYZ,Toronto,CYEG,CYYZ,CYYZ,CYUL,1756928108,1757041307,2025-09-03T19:35:08+00:00,2025-09-05T03:01:47+00:00,1886
c069f0,CYUL,YUL,Montreal,CYYZ,CYUL,CYUL,CYYZ,1756938197,1757082858,2025-09-03T22:23:17+00:00,2025-09-05T14:34:18+00:00,2411
c069f0,CYYZ,YYZ,Toronto,CYUL,CYYZ,CYYZ,CYUL,1757086192,1757329864,2025-09-05T15:29:52+00:00,2025-09-08T11:11:04+00:00,4061
c069f0,CYUL,YUL,Montreal,CYYZ,CYUL,CYUL,CYYZ,1757332985,1757705887,2025-09-08T12:03:05+00:00,2025-09-12T19:38:07+00:00,6215
c0611f,CYUL,YUL,Montreal,CYYZ,CYUL,CYUL,CYYC,1756937459,1756947288,2025-09-03T22:10:59+00:00,2025-09-04T00:54:48+00:00,163
c0611f,CYYC,YYC,Calgary,CYUL,CYYC,CYYC,CYUL,1756961399,1756970923,2025-09-04T04:49:59+00:00,2025-09-04T07:28:43+00:00,158
c0611f,CYUL,YUL,Montreal,CYYC,CYUL,CYUL,CYVR,1756983904,1757331695,2025-09-04T11:05:04+00:00,2025-09-08T11:41:35+00:00,5796
c0611f,CYYZ,YYZ,Toronto,CYUL,CYYZ,CYYZ,CYUL,1757541214,1757884295,2025-09-10T21:53:34+00:00,2025-09-14T21:11:35+00:00,5718
c0611f,CYUL,YUL,Montreal,CYYZ,CYUL,CYUL,CYVR,1757888160,1757937291,2025-09-14T22:16:00+00:00,2025-09-15T11:54:51+00:00,818
c06e87,CYUL,YUL,Montreal,CYYZ,CYUL,CYUL,CYYZ,1756872893,1756898134,2025-09-03T04:14:53+00:00,2025-09-03T11:15:34+00:00,420
c06e87,CYYZ,YYZ,Toronto,CYUL,CYYZ,CYYZ,CYUL,1756901428,1756930789,2025-09-03T12:10:28+00:00,2025-09-03T20:19:49+00:00,489
c06e87,CYUL,YUL,Montreal,CYYZ,CYUL,CYUL,CYYC,1756934181,1757039543,2025-09-03T21:16:21+00:00,2025-09-05T02:32:23+00:00,1756
c06e87,CYYC,YYC,Calgary,CYUL,CYYC,CYYC,CYUL,1757054150,1757058880,2025-09-05T06:35:50+00:00,2025-09-05T07:54:40+00:00,78
c06e87,CYUL,YUL,Montreal,CYYC,CYUL,CYUL,CYYZ,1757071847,1757077992,2025-09-05T11:30:47+00:00,2025-09-05T13:13:12+00:00,102
c06e87,CYYZ,YYZ,Toronto,CYUL,CYYZ,CYYZ,CYUL,1757081259,1757085830,2025-09-05T14:07:39+00:00,2025-09-05T15:23:50+00:00,76
c06e87,CYUL,YUL,Montreal,CYYZ,CYUL,CYUL,CYYZ,1757089375,1757094395,2025-09-05T16:22:55+00:00,2025-09-05T17:46:35+00:00,83
c06e87,CYYZ,YYZ,Toronto,CYUL,CYYZ,CYYZ,CYUL,1757098276,1757102132,2025-09-05T18:51:16+00:00,2025-09-05T19:55:32+00:00,64
c06e87,CYUL,YUL,Montreal,CYYZ,CYUL,CYUL,CYYC,1757105966,1757206480,2025-09-05T20:59:26+00:00,2025-09-07T00:54:40+00:00,1675
c06e87,CYYC,YYC,Calgary,CYUL,CYYC,CYYC,CYUL,1757220599,1757232963,2025-09-07T04:49:59+00:00,2025-09-07T08:16:03+00:00,206
c06e87,CYUL,YUL,Montreal,CYYC,CYUL,CYUL,CYYZ,1757246026,1757250249,2025-09-07T11:53:46+00:00,2025-09-07T13:04:09+00:00,70
c06e87,CYYZ,YYZ,Toronto,CYUL,CYYZ,CYYZ,CYEG,1757253626,1757379747,2025-09-07T14:00:26+00:00,2025-09-09T01:02:27+00:00,2102
c06e87,CYYZ,YYZ,Toronto,CYUL,CYYZ,CYYZ,CYYC,1757640440,1757699463,2025-09-12T01:27:20+00:00,2025-09-12T17:51:03+00:00,983
c06e87,CYEG,YEG,Edmonton,CYVR,CYEG,CYEG,CYVR,1757906480,1757937970,2025-09-15T03:21:20+00:00,2025-09-15T12:06:10+00:00,524
c0202d,CYVR,YVR,Vancouver,CYYZ,CYVR,CYVR,CYYZ,1756931472,1756952373,2025-09-03T20:31:12+00:00,2025-09-04T02:19:33+00:00,348
c0202d,CYYZ,YYZ,Toronto,CYVR,CYYZ,CYYZ,CYYC,1756966853,1757395035,2025-09-04T06:20:53+00:00,2025-09-09T05:17:15+00:00,7136
c0202d,CYYC,YYC,Calgary,CYYZ,CYYC,CYYC,CYVR,1757408339,1757413051,2025-09-09T08:58:59+00:00,2025-09-09T10:17:31+00:00,78
c0202d,CYVR,YVR,Vancouver,CYYC,CYVR,CYVR,CYYZ,1757416617,1757437876,2025-09-09T11:16:57+00:00,2025-09-09T17:11:16+00:00,354
c0202d,CYYZ,YYZ,Toronto,CYVR,CYYZ,CYYZ,CYYC,1757453157,1757481830,2025-09-09T21:25:57+00:00,2025-09-10T05:23:50+00:00,477
c0202d,CYYC,YYC,Calgary,CYYZ,CYYC,CYYC,CYVR,1757494368,1757499156,2025-09-10T08:52:48+00:00,2025-09-10T10:12:36+00:00,79
c0202d,CYVR,YVR,Vancouver,CYYC,CYVR,CYVR,CYYZ,1757502824,1757524292,2025-09-10T11:13:44+00:00,2025-09-10T17:11:32+00:00,357
c0202d,CYYC,YYC,Calgary,CYVR,CYYC,CYYC,CYYZ,1757646225,1757651574,2025-09-12T03:03:45+00:00,2025-09-12T04:32:54+00:00,89
c0671b,CYUL,YUL,Montreal,CYYZ,CYUL,CYUL,CYYZ,1756918829,1756923246,2025-09-03T17:00:29+00:00,2025-09-03T18:14:06+00:00,73
c0671b,CYYZ,YYZ,Toronto,CYUL,CYYZ,CYYZ,CYUL,1756926789,1756956243,2025-09-03T19:13:09+00:00,2025-09-04T03:24:03+00:00,490
c0671b,CYUL,YUL,Montreal,CYYZ,CYUL,CYUL,CYYZ,1756959508,1756984336,2025-09-04T04:18:28+00:00,2025-09-04T11:12:16+00:00,413
c0671b,CYYC,YYC,Calgary,CYVR,CYYC,CYYC,CYVR,1757431510,1757435536,2025-09-09T15:25:10+00:00,2025-09-09T16:32:16+00:00,67
740821,CYYZ,YYZ,Toronto,CYUL,CYYZ,CYYZ,CYUL,1756905114,1756915024,2025-09-03T13:11:54+00:00,2025-09-03T15:57:04+00:00,165
740821,CYUL,YUL,Montreal,CYYZ,CYUL,CYUL,CYYZ,1756918468,1757074644,2025-09-03T16:54:28+00:00,2025-09-05T12:17:24+00:00,2602
740821,CYYZ,YYZ,Toronto,CYUL,CYYZ,CYYZ,CYUL,1757077940,1757086622,2025-09-05T13:12:20+00:00,2025-09-05T15:37:02+00:00,144
c05c0e,CYYC,YYC,Calgary,CYYZ,CYYC,CYYC,CYVR,1756925737,1756991798,2025-09-03T18:55:37+00:00,2025-09-04T13:16:38+00:00,1101
c05c0e,CYVR,YVR,Vancouver,CYYC,CYVR,CYVR,CYYC,1756995554,1757209851,2025-09-04T14:19:14+00:00,2025-09-07T01:50:51+00:00,3571
c05c0e,CYYC,YYC,Calgary,CYVR,CYYC,CYYC,CYVR,1757213759,1757345674,2025-09-07T02:55:59+00:00,2025-09-08T15:34:34+00:00,2198
c05c0e,CYVR,YVR,Vancouver,CYYC,CYVR,CYVR,CYYC,1757349296,1757468053,2025-09-08T16:34:56+00:00,2025-09-10T01:34:13+00:00,1979
c05c0e,CYYC,YYC,Calgary,CYVR,CYYC,CYYC,CYUL,1757471872,1757724402,2025-09-10T02:37:52+00:00,2025-09-13T00:46:42+00:00,4208
c05c0e,CYUL,YUL,Montreal,CYYC,CYUL,CYUL,CYYZ,1757737276,1757762166,2025-09-13T04:21:16+00:00,2025-09-13T11:16:06+00:00,414
c05c0e,CYYZ,YYZ,Toronto,CYUL,CYYZ,CYYZ,CYYC,1757765687,1757903700,2025-09-13T12:14:47+00:00,2025-09-15T02:35:00+00:00,2300
c08859,CYVR,YVR,Vancouver,CYYZ,CYVR,CYVR,CYYZ,1756927079,1757169873,2025-09-03T19:17:59+00:00,2025-09-06T14:44:33+00:00,4046
c08859,CYYZ,YYZ,Toronto,CYVR,CYYZ,CYYZ,CYUL,1757184655,1757387651,2025-09-06T18:50:55+00:00,2025-09-09T03:14:11+00:00,3383
c08859,CYUL,YUL,Montreal,CYYZ,CYUL,CYUL,CYYZ,1757391247,1757816786,2025-09-09T04:14:07+00:00,2025-09-14T02:26:26+00:00,7092
c08859,CYYZ,YYZ,Toronto,CYUL,CYYZ,CYYZ,CYEG,1757819938,1757871381,2025-09-14T03:18:58+00:00,2025-09-14T17:36:21+00:00,857
c08536,CYYZ,YYZ,Toronto,CYUL,CYYZ,CYYZ,CYVR,1756900706,1756909299,2025-09-03T11:58:26+00:00,2025-09-03T14:21:39+00:00,143
c08536,CYYZ,YYZ,Toronto,CYYC,CYYZ,CYYZ,CYUL,1757500966,1757905829,2025-09-10T10:42:46+00:00,2025-09-15T03:10:29+00:00,6747
c01c02,CYUL,YUL,Montreal,CYYZ,CYUL,CYUL,CYYZ,1756909078,1756912844,2025-09-03T14:17:58+00:00,2025-09-03T15:20:44+00:00,62
c01c02,CYYZ,YYZ,Toronto,CYUL,CYYZ,CYYZ,CYUL,1756916126,1757453692,2025-09-03T16:15:26+00:00,2025-09-09T21:34:52+00:00,8959
c03d67,CYUL,YUL,Montreal,CYYZ,CYUL,CYUL,CYYZ,1756902070,1757276942,2025-09-03T12:21:10+00:00,2025-09-07T20:29:02+00:00,6247
c001e5,CYUL,YUL,Montreal,CYYZ,CYUL,CYUL,CYYZ,1756900798,1756905460,2025-09-03T11:59:58+00:00,2025-09-03T13:17:40+00:00,77
c01860,CYUL,YUL,Montreal,CYYZ,CYUL,CYUL,CYYZ,1756877987,1756891143,2025-09-03T05:39:47+00:00,2025-09-03T09:19:03+00:00,219
c00926,CYEG,YEG,Edmonton,CYYZ,CYEG,CYEG,CYVR,1756880065,1756946000,2025-09-03T06:14:25+00:00,2025-09-04T00:33:20+00:00,1098
c00926,CYYC,YYC,Calgary,CYEG,CYYC,CYYC,CYVR,1756989197,1757636066,2025-09-04T12:33:17+00:00,2025-09-12T00:14:26+00:00,10781
c00926,CYVR,YVR,Vancouver,CYYC,CYVR,CYVR,CYYC,1757639718,1757644455,2025-09-12T01:15:18+00:00,2025-09-12T02:34:15+00:00,78
c00926,CYYC,YYC,Calgary,CYVR,CYYC,CYYC,CYVR,1757648549,1757691524,2025-09-12T03:42:29+00:00,2025-09-12T15:38:44+00:00,716
c00926,CYVR,YVR,Vancouver,CYYC,CYVR,CYVR,CYEG,1757695169,1757704113,2025-09-12T16:39:29+00:00,2025-09-12T19:08:33+00:00,149
c010e4,CYYC,YYC,Calgary,CYYZ,CYYC,CYYC,CYYZ,1756876931,1756948294,2025-09-03T05:22:11+00:00,2025-09-04T01:11:34+00:00,1189
c010e4,CYYZ,YYZ,Toronto,CYYC,CYYZ,CYYZ,CYUL,1756960375,1756998960,2025-09-04T04:32:55+00:00,2025-09-04T15:16:00+00:00,643
c010e4,CYUL,YUL,Montreal,CYYZ,CYUL,CYUL,CYYZ,1757002665,1757006305,2025-09-04T16:17:45+00:00,2025-09-04T17:18:25+00:00,60
c010e4,CYYZ,YYZ,Toronto,CYUL,CYYZ,CYYZ,CYUL,1757009728,1757016240,2025-09-04T18:15:28+00:00,2025-09-04T20:04:00+00:00,108
c010e4,CYUL,YUL,Montreal,CYYZ,CYUL,CYUL,CYYZ,1757019675,1757124238,2025-09-04T21:01:15+00:00,2025-09-06T02:03:58+00:00,1742
c010e4,CYYZ,YYZ,Toronto,CYUL,CYYZ,CYYZ,CYUL,1757127808,1757172330,2025-09-06T03:03:28+00:00,2025-09-06T15:25:30+00:00,742
c010e4,CYUL,YUL,Montreal,CYYZ,CYUL,CYUL,CYYZ,1757175477,1757181316,2025-09-06T16:17:57+00:00,2025-09-06T17:55:16+00:00,97
c010e4,CYYZ,YYZ,Toronto,CYUL,CYYZ,CYYZ,CYUL,1757184897,1757188741,2025-09-06T18:54:57+00:00,2025-09-06T19:59:01+00:00,64
c010e4,CYUL,YUL,Montreal,CYYZ,CYUL,CYUL,CYYZ,1757192398,1757269303,2025-09-06T20:59:58+00:00,2025-09-07T18:21:43+00:00,1281
c010e4,CYYZ,YYZ,Toronto,CYUL,CYYZ,CYYZ,CYUL,1757272948,1757276940,2025-09-07T19:22:28+00:00,2025-09-07T20:29:00+00:00,66
c010e4,CYUL,YUL,Montreal,CYYZ,CYUL,CYUL,CYYZ,1757280598,1757382843,2025-09-07T21:29:58+00:00,2025-09-09T01:54:03+00:00,1704
c010e4,CYYZ,YYZ,Toronto,CYUL,CYYZ,CYYZ,CYYC,1757385897,1757468791,2025-09-09T02:44:57+00:00,2025-09-10T01:46:31+00:00,1381
c010e4,CYYC,YYC,Calgary,CYYZ,CYYC,CYYC,CYYZ,1757481884,1757552465,2025-09-10T05:24:44+00:00,2025-09-11T01:01:05+00:00,1176
c010e4,CYYZ,YYZ,Toronto,CYYC,CYYZ,CYYZ,CYYC,1757564725,1757639577,2025-09-11T04:25:25+00:00,2025-09-12T01:12:57+00:00,1247
c010e4,CYYC,YYC,Calgary,CYYZ,CYYC,CYYC,CYYZ,1757653215,1757726442,2025-09-12T05:00:15+00:00,2025-09-13T01:20:42+00:00,1220
c010e4,CYYZ,YYZ,Toronto,CYYC,CYYZ,CYYZ,CYUL,1757738609,1757775813,2025-09-13T04:43:29+00:00,2025-09-13T15:03:33+00:00,620
c010e4,CYUL,YUL,Montreal,CYYZ,CYUL,CYUL,CYYZ,1757779169,1757784486,2025-09-13T15:59:29+00:00,2025-09-13T17:28:06+00:00,88
c010e4,CYYZ,YYZ,Toronto,CYUL,CYYZ,CYYZ,CYUL,1757787826,1757795823,2025-09-13T18:23:46+00:00,2025-09-13T20:37:03+00:00,133
c010e4,CYUL,YUL,Montreal,CYYZ,CYUL,CYUL,CYYZ,1757799080,1757901462,2025-09-13T21:31:20+00:00,2025-09-15T01:57:42+00:00,1706
c05190,CYUL,YUL,Montreal,CYYZ,CYUL,CYUL,CYYZ,1756862201,1757967141,2025-09-03T01:16:41+00:00,2025-09-15T20:12:21+00:00,18415
c0853f,CYYZ,YYZ,Toronto,CYUL,CYYZ,CYYZ,CYUL,1756933522,1757700371,2025-09-03T21:05:22+00:00,2025-09-12T18:06:11+00:00,12780
c0853f,CYUL,YUL,Montreal,CYYZ,CYUL,CYUL,CYYZ,1757704124,1757808225,2025-09-12T19:08:44+00:00,2025-09-14T00:03:45+00:00,1735
c043b7,CYYZ,YYZ,Toronto,CYUL,CYYZ,CYYZ,CYEG,1757041163,1757120456,2025-09-05T02:59:23+00:00,2025-09-06T01:00:56+00:00,1321
c043b7,CYYZ,YYZ,Toronto,CYUL,CYYZ,CYYZ,CYUL,1757472766,1757517156,2025-09-10T02:52:46+00:00,2025-09-10T15:12:36+00:00,739
c043b7,CYUL,YUL,Montreal,CYYZ,CYUL,CYUL,CYYZ,1757521072,1757525799,2025-09-10T16:17:52+00:00,2025-09-10T17:36:39+00:00,78
c043b7,CYYZ,YYZ,Toronto,CYUL,CYYZ,CYYZ,CYUL,1757529069,1757535648,2025-09-10T18:31:09+00:00,2025-09-10T20:20:48+00:00,109
c043b7,CYUL,YUL,Montreal,CYYZ,CYUL,CYUL,CYYZ,1757538645,1757642103,2025-09-10T21:10:45+00:00,2025-09-12T01:55:03+00:00,1724
c043b7,CYYZ,YYZ,Toronto,CYUL,CYYZ,CYYZ,CYUL,1757645397,1757691002,2025-09-12T02:49:57+00:00,2025-09-12T15:30:02+00:00,760
c043b7,CYUL,YUL,Montreal,CYYZ,CYUL,CYUL,CYYZ,1757694206,1757698384,2025-09-12T16:23:26+00:00,2025-09-12T17:33:04+00:00,69
c043b7,CYYZ,YYZ,Toronto,CYUL,CYYZ,CYYZ,CYUL,1757701435,1757707360,2025-09-12T18:23:55+00:00,2025-09-12T20:02:40+00:00,98
c043b7,CYUL,YUL,Montreal,CYYZ,CYUL,CYUL,CYYZ,1757711360,1757815002,2025-09-12T21:09:20+00:00,2025-09-14T01:56:42+00:00,1727
c043b7,CYYZ,YYZ,Toronto,CYUL,CYYZ,CYYZ,CYUL,1757818435,1757865133,2025-09-14T02:53:55+00:00,2025-09-14T15:52:13+00:00,778
c043b7,CYUL,YUL,Montreal,CYYZ,CYUL,CYUL,CYYZ,1757868851,1757873677,2025-09-14T16:54:11+00:00,2025-09-14T18:14:37+00:00,80
c043b7,CYYZ,YYZ,Toronto,CYUL,CYYZ,CYYZ,CYUL,1757877089,1757880467,2025-09-14T19:11:29+00:00,2025-09-14T20:07:47+00:00,56
c038c3,CYYC,YYC,Calgary,CYVR,CYYC,CYYC,CYVR,1757023685,1757218923,2025-09-04T22:08:05+00:00,2025-09-07T04:22:03+00:00,3253
c038c3,CYVR,YVR,Vancouver,CYYC,CYVR,CYVR,CYYC,1757222801,1757305905,2025-09-07T05:26:41+00:00,2025-09-08T04:31:45+00:00,1385
c05007,CYVR,YVR,Vancouver,CYYZ,CYVR,CYVR,CYYZ,1757101856,1757310098,2025-09-05T19:50:56+00:00,2025-09-08T05:41:38+00:00,3470
c05007,CYYC,YYC,Calgary,CYVR,CYYC,CYYC,CYYZ,1757477974,1757486047,2025-09-10T04:19:34+00:00,2025-09-10T06:34:07+00:00,134
c05007,CYYC,YYC,Calgary,CYVR,CYYC,CYYC,CYUL,1757571899,1757592795,2025-09-11T06:24:59+00:00,2025-09-11T12:13:15+00:00,348
c05007,CYUL,YUL,Montreal,CYYC,CYUL,CYUL,CYEG,1757605766,1757613048,2025-09-11T15:49:26+00:00,2025-09-11T17:50:48+00:00,121
c056c6,CYVR,YVR,Vancouver,CYYC,CYVR,CYVR,CYYC,1757011032,1757016150,2025-09-04T18:37:12+00:00,2025-09-04T20:02:30+00:00,85
c056c6,CYYC,YYC,Calgary,CYVR,CYYC,CYYC,CYVR,1757443330,1757452351,2025-09-09T18:42:10+00:00,2025-09-09T21:12:31+00:00,150
c056c6,CYYC,YYC,Calgary,CYEG,CYYC,CYYC,CYEG,1757552006,1757621141,2025-09-11T00:53:26+00:00,2025-09-11T20:05:41+00:00,1152
c056c6,CYVR,YVR,Vancouver,CYYZ,CYVR,CYVR,CYYZ,1757782642,1757788664,2025-09-13T16:57:22+00:00,2025-09-13T18:37:44+00:00,100
c056c6,CYYZ,YYZ,Toronto,CYVR,CYYZ,CYYZ,CYYC,1757803853,1757808135,2025-09-13T22:50:53+00:00,2025-09-14T00:02:15+00:00,71
c06183,CYYZ,YYZ,Toronto,CYVR,CYYZ,CYYZ,CYYC,1757012481,1757179650,2025-09-04T19:01:21+00:00,2025-09-06T17:27:30+00:00,2786
c06183,CYUL,YUL,Montreal,CYYZ,CYUL,CYUL,CYYZ,1757305966,1757329246,2025-09-08T04:32:46+00:00,2025-09-08T11:00:46+00:00,388
c06183,CYYZ,YYZ,Toronto,CYUL,CYYZ,CYYZ,CYUL,1757332709,1757677175,2025-09-08T11:58:29+00:00,2025-09-12T11:39:35+00:00,5741
c06183,CYUL,YUL,Montreal,CYYZ,CYUL,CYUL,CYYZ,1757681086,1757686191,2025-09-12T12:44:46+00:00,2025-09-12T14:09:51+00:00,85
c06183,CYYZ,YYZ,Toronto,CYUL,CYYZ,CYYZ,CYVR,1757689645,1757861035,2025-09-12T15:07:25+00:00,2025-09-14T14:43:55+00:00,2856
c06183,CYUL,YUL,Montreal,CYYZ,CYUL,CYUL,CYVR,1757911969,1757934274,2025-09-15T04:52:49+00:00,2025-09-15T11:04:34+00:00,371
c06183,CYVR,YVR,Vancouver,CYUL,CYVR,CYVR,CYYZ,1757951566,1757958074,2025-09-15T15:52:46+00:00,2025-09-15T17:41:14+00:00,108
c05edd,CYYC,YYC,Calgary,CYVR,CYYC,CYYC,CYVR,1756998237,1757003213,2025-09-04T15:03:57+00:00,2025-09-04T16:26:53+00:00,82
c05edd,CYUL,YUL,Montreal,CYYZ,CYUL,CYUL,CYYZ,1757468170,1757502480,2025-09-10T01:36:10+00:00,2025-09-10T11:08:00+00:00,571
c083aa,CYYC,YYC,Calgary,CYYZ,CYYC,CYYC,CYYZ,1757606217,1757612610,2025-09-11T15:56:57+00:00,2025-09-11T17:43:30+00:00,106
c04fff,CYYC,YYC,Calgary,CYVR,CYYC,CYYC,CYVR,1756957646,1756990950,2025-09-04T03:47:26+00:00,2025-09-04T13:02:30+00:00,555
c04fff,CYVR,YVR,Vancouver,CYYC,CYVR,CYVR,CYYC,1756994878,1757136416,2025-09-04T14:07:58+00:00,2025-09-06T05:26:56+00:00,2358
c04fff,CYYC,YYC,Calgary,CYVR,CYYC,CYYC,CYVR,1757140161,1757161285,2025-09-06T06:29:21+00:00,2025-09-06T12:21:25+00:00,352
c04fff,CYVR,YVR,Vancouver,CYYC,CYVR,CYVR,CYYZ,1757165218,1757423730,2025-09-06T13:26:58+00:00,2025-09-09T13:15:30+00:00,4308
c04fff,CYYZ,YYZ,Toronto,CYVR,CYYZ,CYYZ,CYEG,1757438995,1757443385,2025-09-09T17:29:55+00:00,2025-09-09T18:43:05+00:00,73
c04fff,CYYC,YYC,Calgary,CYYZ,CYYC,CYYC,CYVR,1757827010,1757860631,2025-09-14T05:16:50+00:00,2025-09-14T14:37:11+00:00,560
c04fff,CYVR,YVR,Vancouver,CYYC,CYVR,CYVR,CYYC,1757864654,1757870372,2025-09-14T15:44:14+00:00,2025-09-14T17:19:32+00:00,95
c04fff,CYYC,YYC,Calgary,CYVR,CYYC,CYYC,CYVR,1757874318,1757879378,2025-09-14T18:25:18+00:00,2025-09-14T19:49:38+00:00,84
c04fff,CYUL,YUL,Montreal,CYYZ,CYUL,CYUL,CYYZ,1757937881,1757943255,2025-09-15T12:04:41+00:00,2025-09-15T13:34:15+00:00,89
c04fff,CYYZ,YYZ,Toronto,CYUL,CYYZ,CYYZ,CYVR,1757946597,1757952275,2025-09-15T14:29:57+00:00,2025-09-15T16:04:35+00:00,94
c01c28,CYYC,YYC,Calgary,CYVR,CYYC,CYYC,CYUL,1756957319,1757089800,2025-09-04T03:41:59+00:00,2025-09-05T16:30:00+00:00,2208
c01c28,CYYC,YYC,Calgary,CYEG,CYYC,CYYC,CYVR,1757543839,1757704689,2025-09-10T22:37:19+00:00,2025-09-12T19:18:09+00:00,2680
c01c28,CYVR,YVR,Vancouver,CYYC,CYVR,CYVR,CYYC,1757708393,1757713727,2025-09-12T20:19:53+00:00,2025-09-12T21:48:47+00:00,88
c01c28,CYYC,YYC,Calgary,CYVR,CYYC,CYYC,CYVR,1757717649,1757779434,2025-09-12T22:54:09+00:00,2025-09-13T16:03:54+00:00,1029
c01c28,CYVR,YVR,Vancouver,CYYC,CYVR,CYVR,CYYC,1757783369,1757789374,2025-09-13T17:09:29+00:00,2025-09-13T18:49:34+00:00,100
c02067,CYYC,YYC,Calgary,CYVR,CYYC,CYYC,CYYZ,1756955742,1756960939,2025-09-04T03:15:42+00:00,2025-09-04T04:42:19+00:00,86
c02067,CYYC,YYC,Calgary,CYVR,CYYC,CYYC,CYVR,1757127523,1757329122,2025-09-06T02:58:43+00:00,2025-09-08T10:58:42+00:00,3359
c02067,CYVR,YVR,Vancouver,CYYC,CYVR,CYVR,CYYZ,1757332758,1757384501,2025-09-08T11:59:18+00:00,2025-09-09T02:21:41+00:00,862
c02067,CYYZ,YYZ,Toronto,CYVR,CYYZ,CYYZ,CYYC,1757399397,1757654029,2025-09-09T06:29:57+00:00,2025-09-12T05:13:49+00:00,4243
c02067,CYYC,YYC,Calgary,CYYZ,CYYC,CYYC,CYVR,1757667793,1757673516,2025-09-12T09:03:13+00:00,2025-09-12T10:38:36+00:00,95
c069d8,CYYZ,YYZ,Toronto,CYYC,CYYZ,CYYZ,CYYC,1757045246,1757081315,2025-09-05T04:07:26+00:00,2025-09-05T14:08:35+00:00,601
c069d8,CYYC,YYC,Calgary,CYYZ,CYYC,CYYC,CYEG,1757094466,1757104299,2025-09-05T17:47:46+00:00,2025-09-05T20:31:39+00:00,163
c069d8,CYYC,YYC,Calgary,CYYZ,CYYC,CYYC,CYVR,1757369056,1757475104,2025-09-08T22:04:16+00:00,2025-09-10T03:31:44+00:00,1767
c069d8,CYVR,YVR,Vancouver,CYYC,CYVR,CYVR,CYYC,1757478869,1757540769,2025-09-10T04:34:29+00:00,2025-09-10T21:46:09+00:00,1031
c069d8,CYYC,YYC,Calgary,CYVR,CYYC,CYYC,CYVR,1757544935,1757553124,2025-09-10T22:55:35+00:00,2025-09-11T01:12:04+00:00,136
c069d8,CYVR,YVR,Vancouver,CYYC,CYVR,CYVR,CYYZ,1757556689,1757607455,2025-09-11T02:11:29+00:00,2025-09-11T16:17:35+00:00,846
c069d8,CYYZ,YYZ,Toronto,CYVR,CYYZ,CYYZ,CYVR,1757623138,1757817412,2025-09-11T20:38:58+00:00,2025-09-14T02:36:52+00:00,3237
c069d8,CYVR,YVR,Vancouver,CYYZ,CYVR,CYVR,CYYC,1757833932,1757855914,2025-09-14T07:12:12+00:00,2025-09-14T13:18:34+00:00,366
c07f02,CYYC,YYC,Calgary,CYEG,CYYC,CYYC,CYVR,1757046972,1757272592,2025-09-05T04:36:12+00:00,2025-09-07T19:16:32+00:00,3760
c07f02,CYVR,YVR,Vancouver,CYYC,CYVR,CYVR,CYEG,1757276567,1757344844,2025-09-07T20:22:47+00:00,2025-09-08T15:20:44+00:00,1137
c05eb7,CYYZ,YYZ,Toronto,CYYC,CYYZ,CYYZ,CYYC,1757046056,1757078649,2025-09-05T04:20:56+00:00,2025-09-05T13:24:09+00:00,543
c05eb7,CYYC,YYC,Calgary,CYYZ,CYYC,CYYC,CYYZ,1757092120,1757098266,2025-09-05T17:08:40+00:00,2025-09-05T18:51:06+00:00,102
c05eb7,CYYZ,YYZ,Toronto,CYYC,CYYZ,CYYZ,CYVR,1757111499,1757116844,2025-09-05T22:31:39+00:00,2025-09-06T00:00:44+00:00,89
c05eb7,CYVR,YVR,Vancouver,CYYZ,CYVR,CYVR,CYYZ,1757133641,1757169619,2025-09-06T04:40:41+00:00,2025-09-06T14:40:19+00:00,599
c05eb7,CYYZ,YYZ,Toronto,CYYC,CYYZ,CYYZ,CYVR,1757220928,1757295279,2025-09-07T04:55:28+00:00,2025-09-08T01:34:39+00:00,1239
c05eb7,CYVR,YVR,Vancouver,CYYZ,CYVR,CYVR,CYYZ,1757311674,1757317007,2025-09-08T06:07:54+00:00,2025-09-08T07:36:47+00:00,88
c05eb7,CYYZ,YYZ,Toronto,CYVR,CYYZ,CYYZ,CYYC,1757331713,1757336820,2025-09-08T11:41:53+00:00,2025-09-08T13:07:00+00:00,85
c05eb7,CYYC,YYC,Calgary,CYYZ,CYYC,CYYC,CYYZ,1757351636,1757356620,2025-09-08T17:13:56+00:00,2025-09-08T18:37:00+00:00,83
c05eb7,CYYZ,YYZ,Toronto,CYYC,CYYZ,CYYZ,CYUL,1757369097,1757436750,2025-09-08T22:04:57+00:00,2025-09-09T16:52:30+00:00,1127
c05eb7,CYUL,YUL,Montreal,CYYZ,CYUL,CYUL,CYYZ,1757440885,1757450250,2025-09-09T18:01:25+00:00,2025-09-09T20:37:30+00:00,156
c05eb7,CYYZ,YYZ,Toronto,CYUL,CYYZ,CYYZ,CYVR,1757453491,1757593413,2025-09-09T21:31:31+00:00,2025-09-11T12:23:33+00:00,2332
c05eb7,CYVR,YVR,Vancouver,CYYZ,CYVR,CYVR,CYYZ,1757609474,1757616473,2025-09-11T16:51:14+00:00,2025-09-11T18:47:53+00:00,116
c05eb7,CYYZ,YYZ,Toronto,CYVR,CYYZ,CYYZ,CYVR,1757631513,1757689779,2025-09-11T22:58:33+00:00,2025-09-12T15:09:39+00:00,971
ada1de,CYYC,YYC,Calgary,CYYZ,CYYC,CYYC,CYVR,1756976427,1756981661,2025-09-04T09:00:27+00:00,2025-09-04T10:27:41+00:00,87
ada1de,CYVR,YVR,Vancouver,CYYC,CYVR,CYVR,CYYC,1756985289,1757037862,2025-09-04T11:28:09+00:00,2025-09-05T02:04:22+00:00,876
ada1de,CYYC,YYC,Calgary,CYVR,CYYC,CYYC,CYYZ,1757041648,1757045821,2025-09-05T03:07:28+00:00,2025-09-05T04:17:01+00:00,69
c0614d,CYVR,YVR,Vancouver,CYYC,CYVR,CYVR,CYYC,1756960586,1757282160,2025-09-04T04:36:26+00:00,2025-09-07T21:56:00+00:00,5359
c0614d,CYYC,YYC,Calgary,CYVR,CYYC,CYYC,CYYZ,1757285783,1757445344,2025-09-07T22:56:23+00:00,2025-09-09T19:15:44+00:00,2659
c0614d,CYYZ,YYZ,Toronto,CYYC,CYYZ,CYYZ,CYYC,1757458448,1757513595,2025-09-09T22:54:08+00:00,2025-09-10T14:13:15+00:00,919
c0614d,CYYC,YYC,Calgary,CYVR,CYYC,CYYC,CYEG,1757795243,1757816892,2025-09-13T20:27:23+00:00,2025-09-14T02:28:12+00:00,360
c0614d,CYYC,YYC,Calgary,CYVR,CYYC,CYYC,CYVR,1757954362,1757960580,2025-09-15T16:39:22+00:00,2025-09-15T18:23:00+00:00,103
c07bc7,CYYZ,YYZ,Toronto,CYEG,CYYZ,CYYZ,CYVR,1757065246,1757181931,2025-09-05T09:40:46+00:00,2025-09-06T18:05:31+00:00,1944
c07bc7,CYVR,YVR,Vancouver,CYYZ,CYVR,CYVR,CYYC,1757198849,1757212862,2025-09-06T22:47:29+00:00,2025-09-07T02:41:02+00:00,233
c07bc7,CYYC,YYC,Calgary,CYVR,CYYC,CYYC,CYYZ,1757216729,1757267050,2025-09-07T03:45:29+00:00,2025-09-07T17:44:10+00:00,838
c07bc7,CYYZ,YYZ,Toronto,CYYC,CYYZ,CYYZ,CYYC,1757278926,1757957377,2025-09-07T21:02:06+00:00,2025-09-15T17:29:37+00:00,11307
a0cb44,CYYC,YYC,Calgary,CYEG,CYYC,CYYC,CYUL,1757022339,1757086476,2025-09-04T21:45:39+00:00,2025-09-05T15:34:36+00:00,1068
c07646,CYYC,YYC,Calgary,CYEG,CYYC,CYYC,CYYZ,1757021885,1757349811,2025-09-04T21:38:05+00:00,2025-09-08T16:43:31+00:00,5465
c07646,CYYZ,YYZ,Toronto,CYYC,CYYZ,CYYZ,CYYC,1757361099,1757523114,2025-09-08T19:51:39+00:00,2025-09-10T16:51:54+00:00,2700
c04852,CYYC,YYC,Calgary,CYEG,CYYC,CYYC,CYEG,1757014248,1757705250,2025-09-04T19:30:48+00:00,2025-09-12T19:27:30+00:00,11516
c07aa4,CYYC,YYC,Calgary,CYEG,CYYC,CYYC,CYYZ,1756996799,1757313208,2025-09-04T14:39:59+00:00,2025-09-08T06:33:28+00:00,5273
c01ec6,CYVR,YVR,Vancouver,CYEG,CYVR,CYVR,CYEG,1756995144,1757172365,2025-09-04T14:12:24+00:00,2025-09-06T15:26:05+00:00,2953
c01ec6,CYYZ,YYZ,Toronto,CYYC,CYYZ,CYYZ,CYYC,1757735755,1757875951,2025-09-13T03:55:55+00:00,2025-09-14T18:52:31+00:00,2336
c01ec6,CYYC,YYC,Calgary,CYYZ,CYYC,CYYC,CYYZ,1757890185,1757895989,2025-09-14T22:49:45+00:00,2025-09-15T00:26:29+00:00,96
c03bf2,CYVR,YVR,Vancouver,CYEG,CYVR,CYVR,CYYC,1756993109,1757036179,2025-09-04T13:38:29+00:00,2025-09-05T01:36:19+00:00,717
c03bf2,CYYC,YYC,Calgary,CYVR,CYYC,CYYC,CYYZ,1757040080,1757315400,2025-09-05T02:41:20+00:00,2025-09-08T07:10:00+00:00,4588
c03bf2,CYYZ,YYZ,Toronto,CYYC,CYYZ,CYYZ,CYYC,1757328246,1757336741,2025-09-08T10:44:06+00:00,2025-09-08T13:05:41+00:00,141
c03bf2,CYYC,YYC,Calgary,CYYZ,CYYC,CYYC,CYVR,1757351336,1757356186,2025-09-08T17:08:56+00:00,2025-09-08T18:29:46+00:00,80
c03bf2,CYVR,YVR,Vancouver,CYYC,CYVR,CYVR,CYYZ,1757359879,1757376665,2025-09-08T19:31:19+00:00,2025-09-09T00:11:05+00:00,279
c03bf2,CYYZ,YYZ,Toronto,CYVR,CYYZ,CYYZ,CYYC,1757392401,1757413860,2025-09-09T04:33:21+00:00,2025-09-09T10:31:00+00:00,357
c03bf2,CYVR,YVR,Vancouver,CYYZ,CYVR,CYVR,CYYZ,1757630309,1757635844,2025-09-11T22:38:29+00:00,2025-09-12T00:10:44+00:00,92
c03bf2,CYYZ,YYZ,Toronto,CYVR,CYYZ,CYYZ,CYYC,1757651834,1757678622,2025-09-12T04:37:14+00:00,2025-09-12T12:03:42+00:00,446
c03bf2,CYYC,YYC,Calgary,CYYZ,CYYC,CYYC,CYYZ,1757692940,1757699017,2025-09-12T16:02:20+00:00,2025-09-12T17:43:37+00:00,101
c088fb,CYYZ,YYZ,Toronto,CYEG,CYYZ,CYYZ,CYYC,1756978829,1757084805,2025-09-04T09:40:29+00:00,2025-09-05T15:06:45+00:00,1766
c088fb,CYVR,YVR,Vancouver,CYYZ,CYVR,CYVR,CYYZ,1757696232,1757702323,2025-09-12T16:57:12+00:00,2025-09-12T18:38:43+00:00,101
c088fb,CYYZ,YYZ,Toronto,CYVR,CYYZ,CYYZ,CYEG,1757717468,1757730269,2025-09-12T22:51:08+00:00,2025-09-13T02:24:29+00:00,213
c05ed8,CYUL,YUL,Montreal,CYYZ,CYUL,CYUL,CYYZ,1757091327,1757096294,2025-09-05T16:55:27+00:00,2025-09-05T18:18:14+00:00,82
c05ed8,CYYZ,YYZ,Toronto,CYUL,CYYZ,CYYZ,CYUL,1757100234,1757355516,2025-09-05T19:23:54+00:00,2025-09-08T18:18:36+00:00,4254
c05ed8,CYUL,YUL,Montreal,CYYZ,CYUL,CYUL,CYYZ,1757359873,1757447325,2025-09-08T19:31:13+00:00,2025-09-09T19:48:45+00:00,1457
c05ed8,CYYZ,YYZ,Toronto,CYUL,CYYZ,CYYZ,CYUL,1757450687,1757791595,2025-09-09T20:44:47+00:00,2025-09-13T19:26:35+00:00,5681
c05ed8,CYUL,YUL,Montreal,CYYZ,CYUL,CYUL,CYYZ,1757813818,1757848699,2025-09-14T01:36:58+00:00,2025-09-14T11:18:19+00:00,581
c03cc6,CYYC,YYC,Calgary,CYYZ,CYYC,CYYC,CYYZ,1757018099,1757081703,2025-09-04T20:34:59+00:00,2025-09-05T14:15:03+00:00,1060
c03ba4,CYYZ,YYZ,Toronto,CYUL,CYYZ,CYYZ,CYUL,1756986239,1757001840,2025-09-04T11:43:59+00:00,2025-09-04T16:04:00+00:00,260
c0797b,CYYC,YYC,Calgary,CYYZ,CYYC,CYYC,CYYZ,1757012428,1757052249,2025-09-04T19:00:28+00:00,2025-09-05T06:04:09+00:00,663
c0797b,CYYZ,YYZ,Toronto,CYYC,CYYZ,CYYZ,CYUL,1757064535,1757636708,2025-09-05T09:28:55+00:00,2025-09-12T00:25:08+00:00,9536
c0797b,CYYC,YYC,Calgary,CYVR,CYYC,CYYC,CYVR,1757776147,1757780541,2025-09-13T15:09:07+00:00,2025-09-13T16:22:21+00:00,73
c05ee1,CYUL,YUL,Montreal,CYYZ,CYUL,CYUL,CYYZ,1756992345,1756996028,2025-09-04T13:25:45+00:00,2025-09-04T14:27:08+00:00,61
c05ee1,CYYC,YYC,Calgary,CYVR,CYYC,CYYC,CYVR,1757949147,1757953772,2025-09-15T15:12:27+00:00,2025-09-15T16:29:32+00:00,77
c0527b,CYUL,YUL,Montreal,CYYZ,CYUL,CYUL,CYYZ,1756991295,1757016825,2025-09-04T13:08:15+00:00,2025-09-04T20:13:45+00:00,425
c035f8,CYUL,YUL,Montreal,CYYZ,CYUL,CYUL,CYYZ,1756961390,1756983930,2025-09-04T04:49:50+00:00,2025-09-04T11:05:30+00:00,375
c035f8,CYYZ,YYZ,Toronto,CYUL,CYYZ,CYYZ,CYYC,1756988068,1757077630,2025-09-04T12:14:28+00:00,2025-09-05T13:07:10+00:00,1492
c035f8,CYYC,YYC,Calgary,CYYZ,CYYC,CYYC,CYEG,1757091179,1757210055,2025-09-05T16:52:59+00:00,2025-09-07T01:54:15+00:00,1981
c035f8,CYEG,YEG,Edmonton,CYYC,CYEG,CYEG,CYYZ,1757212018,1757520354,2025-09-07T02:26:58+00:00,2025-09-10T16:05:54+00:00,5138
c035f8,CYYZ,YYZ,Toronto,CYEG,CYYZ,CYYZ,CYVR,1757532838,1757607219,2025-09-10T19:33:58+00:00,2025-09-11T16:13:39+00:00,1239
c07e2c,CYUL,YUL,Montreal,CYYZ,CYUL,CYUL,CYYZ,1757294364,1757341742,2025-09-08T01:19:24+00:00,2025-09-08T14:29:02+00:00,789
c08335,CYYC,YYC,Calgary,CYYZ,CYYC,CYYC,CYUL,1756958699,1757349073,2025-09-04T04:04:59+00:00,2025-09-08T16:31:13+00:00,6506
c08335,CYVR,YVR,Vancouver,CYYC,CYVR,CYVR,CYYC,1757400719,1757423280,2025-09-09T06:51:59+00:00,2025-09-09T13:08:00+00:00,376
c08335,CYYC,YYC,Calgary,CYVR,CYYC,CYYC,CYEG,1757427162,1757707861,2025-09-09T14:12:42+00:00,2025-09-12T20:11:01+00:00,4678
c08335,CYVR,YVR,Vancouver,CYYC,CYVR,CYVR,CYYC,1757878489,1757885933,2025-09-14T19:34:49+00:00,2025-09-14T21:38:53+00:00,124
c08335,CYYC,YYC,Calgary,CYVR,CYYC,CYYC,CYVR,1757889871,1757895011,2025-09-14T22:44:31+00:00,2025-09-15T00:10:11+00:00,85
c08335,CYVR,YVR,Vancouver,CYYC,CYVR,CYVR,CYYC,1757898887,1757904095,2025-09-15T01:14:47+00:00,2025-09-15T02:41:35+00:00,86
c08335,CYYC,YYC,Calgary,CYVR,CYYC,CYYC,CYVR,1757908049,1757916496,2025-09-15T03:47:29+00:00,2025-09-15T06:08:16+00:00,140
c08335,CYVR,YVR,Vancouver,CYYC,CYVR,CYVR,CYYZ,1757920304,1757941831,2025-09-15T07:11:44+00:00,2025-09-15T13:10:31+00:00,358
c05840,CYYZ,YYZ,Toronto,CYUL,CYYZ,CYYZ,CYUL,1757022023,1757275520,2025-09-04T21:40:23+00:00,2025-09-07T20:05:20+00:00,4224
c05840,CYUL,YUL,Montreal,CYYZ,CYUL,CYUL,CYYZ,1757280072,1757366350,2025-09-07T21:21:12+00:00,2025-09-08T21:19:10+00:00,1437
c05840,CYYC,YYC,Calgary,CYUL,CYYC,CYYC,CYUL,1757747656,1757753451,2025-09-13T07:14:16+00:00,2025-09-13T08:50:51+00:00,96
c05840,CYUL,YUL,Montreal,CYYC,CYUL,CYUL,CYYZ,1757766170,1757969043,2025-09-13T12:22:50+00:00,2025-09-15T20:44:03+00:00,3381
c06a88,CYYZ,YYZ,Toronto,CYUL,CYYZ,CYYZ,CYUL,1757020805,1757277720,2025-09-04T21:20:05+00:00,2025-09-07T20:42:00+00:00,4281
c06a88,CYUL,YUL,Montreal,CYYZ,CYUL,CYUL,CYYZ,1757281508,1757621101,2025-09-07T21:45:08+00:00,2025-09-11T20:05:01+00:00,5659
c06a88,CYYZ,YYZ,Toronto,CYUL,CYYZ,CYYZ,CYUL,1757624373,1757708160,2025-09-11T20:59:33+00:00,2025-09-12T20:16:00+00:00,1396
c018c8,CYYZ,YYZ,Toronto,CYUL,CYYZ,CYYZ,CYUL,1756980537,1757133340,2025-09-04T10:08:57+00:00,2025-09-06T04:35:40+00:00,2546
c018c8,CYUL,YUL,Montreal,CYYZ,CYUL,CYUL,CYYZ,1757136249,1757149873,2025-09-06T05:24:09+00:00,2025-09-06T09:11:13+00:00,227
c04e21,CYYZ,YYZ,Toronto,CYUL,CYYZ,CYYZ,CYUL,1756947866,1757299145,2025-09-04T01:04:26+00:00,2025-09-08T02:39:05+00:00,5854
c04e21,CYUL,YUL,Montreal,CYYZ,CYUL,CYUL,CYYZ,1757302373,1757412847,2025-09-08T03:32:53+00:00,2025-09-09T10:14:07+00:00,1841
c04e21,CYYZ,YYZ,Toronto,CYUL,CYYZ,CYYZ,CYUL,1757415942,1757420079,2025-09-09T11:05:42+00:00,2025-09-09T12:14:39+00:00,68
c02655,CYVR,YVR,Vancouver,CYYZ,CYVR,CYVR,CYYZ,1757056334,1757088964,2025-09-05T07:12:14+00:00,2025-09-05T16:16:04+00:00,543
c02655,CYYZ,YYZ,Toronto,CYVR,CYYZ,CYYZ,CYYC,1757105087,1757949280,2025-09-05T20:44:47+00:00,2025-09-15T15:14:40+00:00,14069
c066b0,CYVR,YVR,Vancouver,CYYC,CYVR,CYVR,CYYC,1757051216,1757081582,2025-09-05T05:46:56+00:00,2025-09-05T14:13:02+00:00,506
c0817c,CYYC,YYC,Calgary,CYVR,CYYC,CYYC,CYUL,1757079405,1757293168,2025-09-05T13:36:45+00:00,2025-09-08T00:59:28+00:00,3562
c0817c,CYUL,YUL,Montreal,CYYC,CYUL,CYUL,CYYC,1757306092,1757329981,2025-09-08T04:34:52+00:00,2025-09-08T11:13:01+00:00,398
c0817c,CYYC,YYC,Calgary,CYUL,CYYC,CYYC,CYVR,1757345332,1757820480,2025-09-08T15:28:52+00:00,2025-09-14T03:28:00+00:00,7919
c0817c,CYVR,YVR,Vancouver,CYYC,CYVR,CYVR,CYYC,1757824242,1757864885,2025-09-14T04:30:42+00:00,2025-09-14T15:48:05+00:00,677
c0817c,CYYC,YYC,Calgary,CYVR,CYYC,CYYC,CYVR,1757868582,1757874125,2025-09-14T16:49:42+00:00,2025-09-14T18:22:05+00:00,92
c0884e,CYYZ,YYZ,Toronto,CYVR,CYYZ,CYYZ,CYUL,1757064232,1757072584,2025-09-05T09:23:52+00:00,2025-09-05T11:43:04+00:00,139
c0884e,CYUL,YUL,Montreal,CYYZ,CYUL,CYUL,CYYZ,1757075722,1757081553,2025-09-05T12:35:22+00:00,2025-09-05T14:12:33+00:00,97
c0884e,CYYZ,YYZ,Toronto,CYUL,CYYZ,CYYZ,CYVR,1757085052,1757123465,2025-09-05T15:10:52+00:00,2025-09-06T01:51:05+00:00,640
c0884e,CYVR,YVR,Vancouver,CYYZ,CYVR,CYVR,CYUL,1757140247,1757171880,2025-09-06T06:30:47+00:00,2025-09-06T15:18:00+00:00,527
c0884e,CYUL,YUL,Montreal,CYVR,CYUL,CYUL,CYVR,1757188299,1757243560,2025-09-06T19:51:39+00:00,2025-09-07T11:12:40+00:00,921
c03bf1,CYYC,YYC,Calgary,CYYZ,CYYC,CYYC,CYEG,1757175639,1757482729,2025-09-06T16:20:39+00:00,2025-09-10T05:38:49+00:00,5118
c07d20,CYYC,YYC,Calgary,CYEG,CYYC,CYYC,CYEG,1757093238,1757097320,2025-09-05T17:27:18+00:00,2025-09-05T18:35:20+00:00,68
c07d20,CYEG,YEG,Edmonton,CYYC,CYEG,CYEG,CYYC,1757099511,1757102910,2025-09-05T19:11:51+00:00,2025-09-05T20:08:30+00:00,56
c07d20,CYYC,YYC,Calgary,CYEG,CYYC,CYYC,CYEG,1757104839,1757109378,2025-09-05T20:40:39+00:00,2025-09-05T21:56:18+00:00,75
c07d20,CYEG,YEG,Edmonton,CYYC,CYEG,CYEG,CYYC,1757212428,1757265510,2025-09-07T02:33:48+00:00,2025-09-07T17:18:30+00:00,884
c02294,CYEG,YEG,Edmonton,CYYC,CYEG,CYEG,CYYC,1757252705,1757272232,2025-09-07T13:45:05+00:00,2025-09-07T19:10:32+00:00,325
c06e85,CYVR,YVR,Vancouver,CYYC,CYVR,CYVR,CYYC,1757099475,1757434957,2025-09-05T19:11:15+00:00,2025-09-09T16:22:37+00:00,5591
c06e85,CYYC,YYC,Calgary,CYVR,CYYC,CYYC,CYEG,1757445854,1757596026,2025-09-09T19:24:14+00:00,2025-09-11T13:07:06+00:00,2502
c025d2,CYYC,YYC,Calgary,CYEG,CYYC,CYYC,CYEG,1757032267,1757087310,2025-09-05T00:31:07+00:00,2025-09-05T15:48:30+00:00,917
c030eb,CYYC,YYC,Calgary,CYYZ,CYYC,CYYC,CYUL,1757058786,1757074560,2025-09-05T07:53:06+00:00,2025-09-05T12:16:00+00:00,262
c030eb,CYUL,YUL,Montreal,CYYC,CYUL,CYUL,CYEG,1757088142,1757094062,2025-09-05T16:02:22+00:00,2025-09-05T17:41:02+00:00,98
c030eb,CYYZ,YYZ,Toronto,CYUL,CYYZ,CYYZ,CYVR,1757164375,1757172480,2025-09-06T13:12:55+00:00,2025-09-06T15:28:00+00:00,135
c030eb,CYVR,YVR,Vancouver,CYYZ,CYVR,CYVR,CYYZ,1757189097,1757223784,2025-09-06T20:04:57+00:00,2025-09-07T05:43:04+00:00,578
c030eb,CYYZ,YYZ,Toronto,CYVR,CYYZ,CYYZ,CYUL,1757238739,1757243342,2025-09-07T09:52:19+00:00,2025-09-07T11:09:02+00:00,76
c030eb,CYUL,YUL,Montreal,CYYZ,CYUL,CYUL,CYYZ,1757246560,1757250970,2025-09-07T12:02:40+00:00,2025-09-07T13:16:10+00:00,73
c030eb,CYYZ,YYZ,Toronto,CYUL,CYYZ,CYYZ,CYVR,1757254467,1757261231,2025-09-07T14:14:27+00:00,2025-09-07T16:07:11+00:00,112
c030eb,CYYZ,YYZ,Toronto,CYUL,CYYZ,CYYZ,CYUL,1757524044,1757532621,2025-09-10T17:07:24+00:00,2025-09-10T19:30:21+00:00,142
c030eb,CYYC,YYC,Calgary,CYYZ,CYYC,CYYC,CYVR,1757573669,1757595923,2025-09-11T06:54:29+00:00,2025-09-11T13:05:23+00:00,370
c030eb,CYVR,YVR,Vancouver,CYYC,CYVR,CYVR,CYYC,1757599498,1757641149,2025-09-11T14:04:58+00:00,2025-09-12T01:39:09+00:00,694
c030eb,CYYC,YYC,Calgary,CYVR,CYYC,CYYC,CYVR,1757645207,1757687503,2025-09-12T02:46:47+00:00,2025-09-12T14:31:43+00:00,704
c030eb,CYVR,YVR,Vancouver,CYYC,CYVR,CYVR,CYYC,1757691268,1757707705,2025-09-12T15:34:28+00:00,2025-09-12T20:08:25+00:00,273
c030eb,CYYC,YYC,Calgary,CYVR,CYYC,CYYC,CYVR,1757731550,1757769315,2025-09-13T02:45:50+00:00,2025-09-13T13:15:15+00:00,629
c02028,CYYC,YYC,Calgary,CYYZ,CYYC,CYYC,CYVR,1757062409,1757068630,2025-09-05T08:53:29+00:00,2025-09-05T10:37:10+00:00,103
c02028,CYVR,YVR,Vancouver,CYYC,CYVR,CYVR,CYYC,1757072281,1757383128,2025-09-05T11:38:01+00:00,2025-09-09T01:58:48+00:00,5180
c02028,CYYC,YYC,Calgary,CYVR,CYYC,CYYC,CYYZ,1757387043,1757392306,2025-09-09T03:04:03+00:00,2025-09-09T04:31:46+00:00,87
c02028,CYYZ,YYZ,Toronto,CYYC,CYYZ,CYYZ,CYYC,1757404302,1757433282,2025-09-09T07:51:42+00:00,2025-09-09T15:54:42+00:00,483
c004f3,CYYC,YYC,Calgary,CYYZ,CYYC,CYYC,CYUL,1757255724,1757263472,2025-09-07T14:35:24+00:00,2025-09-07T16:44:32+00:00,129
c004f3,CYUL,YUL,Montreal,CYYC,CYUL,CYUL,CYYZ,1757565401,1757588511,2025-09-11T04:36:41+00:00,2025-09-11T11:01:51+00:00,385
c004f3,CYYZ,YYZ,Toronto,CYUL,CYYZ,CYYZ,CYVR,1757592148,1757685815,2025-09-11T12:02:28+00:00,2025-09-12T14:03:35+00:00,1561
c004f3,CYYC,YYC,Calgary,CYYZ,CYYC,CYYC,CYVR,1757803761,1757812496,2025-09-13T22:49:21+00:00,2025-09-14T01:14:56+00:00,145
c05a0a,CYYC,YYC,Calgary,CYEG,CYYC,CYYC,CYEG,1757044889,1757332390,2025-09-05T04:01:29+00:00,2025-09-08T11:53:10+00:00,4791
c05a0a,CYEG,YEG,Edmonton,CYYC,CYEG,CYEG,CYYC,1757333996,1757521231,2025-09-08T12:19:56+00:00,2025-09-10T16:20:31+00:00,3120
c030f7,CYVR,YVR,Vancouver,CYEG,CYVR,CYVR,CYYC,1757039377,1757301608,2025-09-05T02:29:37+00:00,2025-09-08T03:20:08+00:00,4370
c030f7,CYYC,YYC,Calgary,CYVR,CYYC,CYYC,CYYZ,1757305639,1757313413,2025-09-08T04:27:19+00:00,2025-09-08T06:36:53+00:00,129
c030f7,CYYZ,YYZ,Toronto,CYYC,CYYZ,CYYZ,CYUL,1757325354,1757329247,2025-09-08T09:55:54+00:00,2025-09-08T11:00:47+00:00,64
c030f7,CYUL,YUL,Montreal,CYYZ,CYUL,CYUL,CYYZ,1757333272,1757338470,2025-09-08T12:07:52+00:00,2025-09-08T13:34:30+00:00,86
c030f7,CYYZ,YYZ,Toronto,CYUL,CYYZ,CYYZ,CYYC,1757341936,1757347598,2025-09-08T14:32:16+00:00,2025-09-08T16:06:38+00:00,94
c05d56,CYVR,YVR,Vancouver,CYEG,CYVR,CYVR,CYEG,1757035044,1757117587,2025-09-05T01:17:24+00:00,2025-09-06T00:13:07+00:00,1375
c051d1,CYUL,YUL,Montreal,CYYZ,CYUL,CYUL,CYYZ,1757112908,1757204175,2025-09-05T22:55:08+00:00,2025-09-07T00:16:15+00:00,1521
c051d1,CYYZ,YYZ,Toronto,CYUL,CYYZ,CYYZ,CYUL,1757208118,1757466839,2025-09-07T01:21:58+00:00,2025-09-10T01:13:59+00:00,4312
c051d1,CYUL,YUL,Montreal,CYYZ,CYUL,CYUL,CYYZ,1757470363,1757549786,2025-09-10T02:12:43+00:00,2025-09-11T00:16:26+00:00,1323
c06a39,CYUL,YUL,Montreal,CYYZ,CYUL,CYUL,CYYC,1757110663,1757551873,2025-09-05T22:17:43+00:00,2025-09-11T00:51:13+00:00,7353
c06a39,CYYC,YYC,Calgary,CYUL,CYYC,CYYC,CYUL,1757566041,1757575510,2025-09-11T04:47:21+00:00,2025-09-11T07:25:10+00:00,157
c060c1,CYUL,YUL,Montreal,CYYZ,CYUL,CYUL,CYYZ,1757045726,1757070099,2025-09-05T04:15:26+00:00,2025-09-05T11:01:39+00:00,406
c060c1,CYYZ,YYZ,Toronto,CYUL,CYYZ,CYYZ,CYUL,1757073401,1757105075,2025-09-05T11:56:41+00:00,2025-09-05T20:44:35+00:00,527
c060c1,CYYZ,YYZ,Toronto,CYYC,CYYZ,CYYZ,CYYC,1757695196,1757700552,2025-09-12T16:39:56+00:00,2025-09-12T18:09:12+00:00,89
c0248c,CYUL,YUL,Montreal,CYYZ,CYUL,CYUL,CYYZ,1757081108,1757085681,2025-09-05T14:05:08+00:00,2025-09-05T15:21:21+00:00,76
c0248c,CYYZ,YYZ,Toronto,CYUL,CYYZ,CYYZ,CYUL,1757089525,1757095209,2025-09-05T16:25:25+00:00,2025-09-05T18:00:09+00:00,94
c0248c,CYUL,YUL,Montreal,CYYZ,CYUL,CYUL,CYYZ,1757098792,1757103134,2025-09-05T18:59:52+00:00,2025-09-05T20:12:14+00:00,72
c0248c,CYYZ,YYZ,Toronto,CYUL,CYYZ,CYYZ,CYUL,1757107304,1757164823,2025-09-05T21:21:44+00:00,2025-09-06T13:20:23+00:00,958
c0248c,CYUL,YUL,Montreal,CYYZ,CYUL,CYUL,CYYZ,1757168174,1757172277,2025-09-06T14:16:14+00:00,2025-09-06T15:24:37+00:00,68
c0248c,CYYZ,YYZ,Toronto,CYUL,CYYZ,CYYZ,CYUL,1757176066,1757248104,2025-09-06T16:27:46+00:00,2025-09-07T12:28:24+00:00,1200
c0248c,CYUL,YUL,Montreal,CYYZ,CYUL,CYUL,CYYZ,1757251407,1757254789,2025-09-07T13:23:27+00:00,2025-09-07T14:19:49+00:00,56
c0248c,CYYZ,YYZ,Toronto,CYUL,CYYZ,CYYZ,CYUL,1757258263,1757265032,2025-09-07T15:17:43+00:00,2025-09-07T17:10:32+00:00,112
c0248c,CYUL,YUL,Montreal,CYYZ,CYUL,CYUL,CYYZ,1757268628,1757274666,2025-09-07T18:10:28+00:00,2025-09-07T19:51:06+00:00,100
c0248c,CYYZ,YYZ,Toronto,CYUL,CYYZ,CYYZ,CYUL,1757278084,1757419272,2025-09-07T20:48:04+00:00,2025-09-09T12:01:12+00:00,2353
c0506b,CYVR,YVR,Vancouver,CYYZ,CYVR,CYVR,CYEG,1757104936,1757131999,2025-09-05T20:42:16+00:00,2025-09-06T04:13:19+00:00,451
c0506b,CYEG,YEG,Edmonton,CYVR,CYEG,CYEG,CYUL,1757136038,1757267317,2025-09-06T05:20:38+00:00,2025-09-07T17:48:37+00:00,2187
c0506b,CYUL,YUL,Montreal,CYYZ,CYUL,CYUL,CYYZ,1757678169,1757683690,2025-09-12T11:56:09+00:00,2025-09-12T13:28:10+00:00,92
c0506b,CYYC,YYC,Calgary,CYVR,CYYC,CYYC,CYYZ,1757902949,1757918012,2025-09-15T02:22:29+00:00,2025-09-15T06:33:32+00:00,251
c08537,CYYC,YYC,Calgary,CYYZ,CYYC,CYYC,CYYZ,1757096655,1757138402,2025-09-05T18:24:15+00:00,2025-09-06T06:00:02+00:00,695
c08537,CYYZ,YYZ,Toronto,CYYC,CYYZ,CYYZ,CYUL,1757150870,1757156588,2025-09-06T09:27:50+00:00,2025-09-06T11:03:08+00:00,95
c08537,CYUL,YUL,Montreal,CYYZ,CYUL,CYUL,CYYZ,1757159846,1757165190,2025-09-06T11:57:26+00:00,2025-09-06T13:26:30+00:00,89
c08537,CYYZ,YYZ,Toronto,CYUL,CYYZ,CYYZ,CYYC,1757168917,1757255820,2025-09-06T14:28:37+00:00,2025-09-07T14:37:00+00:00,1448
c08537,CYYC,YYC,Calgary,CYYZ,CYYC,CYYC,CYYZ,1757269976,1757311608,2025-09-07T18:32:56+00:00,2025-09-08T06:06:48+00:00,693
c08537,CYYZ,YYZ,Toronto,CYYC,CYYZ,CYYZ,CYUL,1757323398,1757845177,2025-09-08T09:23:18+00:00,2025-09-14T10:19:37+00:00,8696
c02ee9,CYUL,YUL,Montreal,CYYZ,CYUL,CYUL,CYYZ,1757606445,1757617142,2025-09-11T16:00:45+00:00,2025-09-11T18:59:02+00:00,178
c07f01,CYVR,YVR,Vancouver,CYYZ,CYVR,CYVR,CYEG,1757084984,1757336768,2025-09-05T15:09:44+00:00,2025-09-08T13:06:08+00:00,4196
c052e0,CYUL,YUL,Montreal,CYYZ,CYUL,CYUL,CYYZ,1757050649,1757063538,2025-09-05T05:37:29+00:00,2025-09-05T09:12:18+00:00,214
c07996,CYYZ,YYZ,Toronto,CYUL,CYYZ,CYYZ,CYUL,1757112055,1757722886,2025-09-05T22:40:55+00:00,2025-09-13T00:21:26+00:00,10180
c06120,CYYZ,YYZ,Toronto,CYUL,CYYZ,CYYZ,CYUL,1757107155,1757365921,2025-09-05T21:19:15+00:00,2025-09-08T21:12:01+00:00,4312
c066f0,CYVR,YVR,Vancouver,CYUL,CYVR,CYVR,CYUL,1757371318,1757376015,2025-09-08T22:41:58+00:00,2025-09-09T00:00:15+00:00,78
c066f0,CYUL,YUL,Montreal,CYVR,CYUL,CYUL,CYYZ,1757391929,1757413116,2025-09-09T04:25:29+00:00,2025-09-09T10:18:36+00:00,353
c066f0,CYYZ,YYZ,Toronto,CYUL,CYYZ,CYYZ,CYUL,1757416457,1757561708,2025-09-09T11:14:17+00:00,2025-09-11T03:35:08+00:00,2420
c066f0,CYUL,YUL,Montreal,CYYZ,CYUL,CYUL,CYYZ,1757564896,1757585482,2025-09-11T04:28:16+00:00,2025-09-11T10:11:22+00:00,343
c066f0,CYYZ,YYZ,Toronto,CYUL,CYYZ,CYYZ,CYUL,1757589386,1757595577,2025-09-11T11:16:26+00:00,2025-09-11T12:59:37+00:00,103
c066f0,CYUL,YUL,Montreal,CYYZ,CYUL,CYUL,CYYZ,1757599163,1757603959,2025-09-11T13:59:23+00:00,2025-09-11T15:19:19+00:00,79
c066f0,CYYZ,YYZ,Toronto,CYUL,CYYZ,CYYZ,CYUL,1757607169,1757704217,2025-09-11T16:12:49+00:00,2025-09-12T19:10:17+00:00,1617
c066f0,CYUL,YUL,Montreal,CYYZ,CYUL,CYUL,CYYZ,1757708006,1757712136,2025-09-12T20:13:26+00:00,2025-09-12T21:22:16+00:00,68
c066f0,CYYZ,YYZ,Toronto,CYUL,CYYZ,CYYZ,CYUL,1757715660,1757823465,2025-09-12T22:21:00+00:00,2025-09-14T04:17:45+00:00,1796
c066f0,CYUL,YUL,Montreal,CYYZ,CYUL,CYUL,CYYZ,1757827074,1757885057,2025-09-14T05:17:54+00:00,2025-09-14T21:24:17+00:00,966
c066f0,CYYZ,YYZ,Toronto,CYUL,CYYZ,CYYZ,CYUL,1757888287,1757963762,2025-09-14T22:18:07+00:00,2025-09-15T19:16:02+00:00,1257
c066f0,CYUL,YUL,Montreal,CYYZ,CYUL,CYUL,CYYZ,1757967524,1757972130,2025-09-15T20:18:44+00:00,2025-09-15T21:35:30+00:00,76
c03487,CYYZ,YYZ,Toronto,CYEG,CYYZ,CYYZ,CYYC,1757305461,1757644430,2025-09-08T04:24:21+00:00,2025-09-12T02:33:50+00:00,5649
c03487,CYYC,YYC,Calgary,CYYZ,CYYC,CYYC,CYYZ,1757658124,1757680429,2025-09-12T06:22:04+00:00,2025-09-12T12:33:49+00:00,371
c03487,CYYZ,YYZ,Toronto,CYYC,CYYZ,CYYZ,CYYC,1757693068,1757855135,2025-09-12T16:04:28+00:00,2025-09-14T13:05:35+00:00,2701
c03487,CYYC,YYC,Calgary,CYYZ,CYYC,CYYC,CYYZ,1757868359,1757877240,2025-09-14T16:45:59+00:00,2025-09-14T19:14:00+00:00,148
c0884f,CYVR,YVR,Vancouver,CYYZ,CYVR,CYVR,CYUL,1757177546,1757183614,2025-09-06T16:52:26+00:00,2025-09-06T18:33:34+00:00,101
c0884f,CYUL,YUL,Montreal,CYVR,CYUL,CYUL,CYYZ,1757199592,1757205077,2025-09-06T22:59:52+00:00,2025-09-07T00:31:17+00:00,91
c06189,CYUL,YUL,Montreal,CYYZ,CYUL,CYUL,CYVR,1757120900,1757157529,2025-09-06T01:08:20+00:00,2025-09-06T11:18:49+00:00,610
c06189,CYVR,YVR,Vancouver,CYUL,CYVR,CYVR,CYYZ,1757175496,1757180342,2025-09-06T16:18:16+00:00,2025-09-06T17:39:02+00:00,80
c06189,CYYZ,YYZ,Toronto,CYVR,CYYZ,CYYZ,CYEG,1757194792,1757612054,2025-09-06T21:39:52+00:00,2025-09-11T17:34:14+00:00,6954
c0371f,CYVR,YVR,Vancouver,CYYC,CYVR,CYVR,CYYC,1757122941,1757175180,2025-09-06T01:42:21+00:00,2025-09-06T16:13:00+00:00,870
c0371f,CYYC,YYC,Calgary,CYVR,CYYC,CYYC,CYVR,1757179079,1757183211,2025-09-06T17:17:59+00:00,2025-09-06T18:26:51+00:00,68
c0371f,CYVR,YVR,Vancouver,CYYC,CYVR,CYVR,CYYC,1757187011,1757366029,2025-09-06T19:30:11+00:00,2025-09-08T21:13:49+00:00,2983
c0371f,CYVR,YVR,Vancouver,CYYC,CYVR,CYVR,CYYZ,1757859239,1757869710,2025-09-14T14:13:59+00:00,2025-09-14T17:08:30+00:00,174
c023bd,CYUL,YUL,Montreal,CYVR,CYUL,CYUL,CYYZ,1757189948,1757443488,2025-09-06T20:19:08+00:00,2025-09-09T18:44:48+00:00,4225
c023bd,CYYZ,YYZ,Toronto,CYUL,CYYZ,CYYZ,CYUL,1757446808,1757703393,2025-09-09T19:40:08+00:00,2025-09-12T18:56:33+00:00,4276
c027d1,CYYZ,YYZ,Toronto,CYVR,CYYZ,CYYZ,CYVR,1757151357,1757295686,2025-09-06T09:35:57+00:00,2025-09-08T01:41:26+00:00,2405
c027d1,CYVR,YVR,Vancouver,CYYZ,CYVR,CYVR,CYYZ,1757313380,1757320560,2025-09-08T06:36:20+00:00,2025-09-08T08:36:00+00:00,119
c05186,CYYC,YYC,Calgary,CYVR,CYYC,CYYC,CYVR,1757128125,1757692534,2025-09-06T03:08:45+00:00,2025-09-12T15:55:34+00:00,9406
c05818,CYEG,YEG,Edmonton,CYVR,CYEG,CYEG,CYVR,1757125660,1757264763,2025-09-06T02:27:40+00:00,2025-09-07T17:06:03+00:00,2318
c043cb,CYYC,YYC,Calgary,CYYZ,CYYC,CYYC,CYYZ,1757178625,1757186090,2025-09-06T17:10:25+00:00,2025-09-06T19:14:50+00:00,124
c043cb,CYYZ,YYZ,Toronto,CYYC,CYYZ,CYYZ,CYYC,1757198050,1757203734,2025-09-06T22:34:10+00:00,2025-09-07T00:08:54+00:00,94
c043cb,CYYC,YYC,Calgary,CYYZ,CYYC,CYYC,CYEG,1757217099,1757359084,2025-09-07T03:51:39+00:00,2025-09-08T19:18:04+00:00,2366
c043cb,CYYZ,YYZ,Toronto,CYVR,CYYZ,CYYZ,CYYC,1757565231,1757586978,2025-09-11T04:33:51+00:00,2025-09-11T10:36:18+00:00,362
c043cb,CYYC,YYC,Calgary,CYYZ,CYYC,CYYC,CYYZ,1757601824,1757607092,2025-09-11T14:43:44+00:00,2025-09-11T16:11:32+00:00,87
c043cb,CYYZ,YYZ,Toronto,CYVR,CYYZ,CYYZ,CYVR,1757671012,1757903554,2025-09-12T09:56:52+00:00,2025-09-15T02:32:34+00:00,3875
c043cb,CYVR,YVR,Vancouver,CYYZ,CYVR,CYVR,CYYZ,1757919502,1757956517,2025-09-15T06:58:22+00:00,2025-09-15T17:15:17+00:00,616
c017d7,CYVR,YVR,Vancouver,CYEG,CYVR,CYVR,CYYC,1757535986,1757622306,2025-09-10T20:26:26+00:00,2025-09-11T20:25:06+00:00,1438
c046f7,CYYZ,YYZ,Toronto,CYYC,CYYZ,CYYZ,CYYC,1757192605,1757557964,2025-09-06T21:03:25+00:00,2025-09-11T02:32:44+00:00,6089
c046f7,CYYC,YYC,Calgary,CYYZ,CYYC,CYYC,CYUL,1757571596,1757867303,2025-09-11T06:19:56+00:00,2025-09-14T16:28:23+00:00,4928
c01a05,CYEG,YEG,Edmonton,CYYC,CYEG,CYEG,CYYC,1757425517,1757959476,2025-09-09T13:45:17+00:00,2025-09-15T18:04:36+00:00,8899
c060ca,CYYZ,YYZ,Toronto,CYYC,CYYZ,CYYZ,CYUL,1757176288,1757181306,2025-09-06T16:31:28+00:00,2025-09-06T17:55:06+00:00,83
c060ca,CYYZ,YYZ,Toronto,CYVR,CYYZ,CYYZ,CYYC,1757281938,1757424275,2025-09-07T21:52:18+00:00,2025-09-09T13:24:35+00:00,2372
c060ca,CYYC,YYC,Calgary,CYYZ,CYYC,CYYC,CYYZ,1757438271,1757443481,2025-09-09T17:17:51+00:00,2025-09-09T18:44:41+00:00,86
c060ca,CYYZ,YYZ,Toronto,CYYC,CYYZ,CYYZ,CYYC,1757455975,1757466833,2025-09-09T22:12:55+00:00,2025-09-10T01:13:53+00:00,180
c060ca,CYYC,YYC,Calgary,CYYZ,CYYC,CYYC,CYYZ,1757480147,1757509860,2025-09-10T04:55:47+00:00,2025-09-10T13:11:00+00:00,495
c060ca,CYYZ,YYZ,Toronto,CYYC,CYYZ,CYYZ,CYYC,1757522239,1757597349,2025-09-10T16:37:19+00:00,2025-09-11T13:29:09+00:00,1251
c060ca,CYYC,YYC,Calgary,CYYZ,CYYC,CYYC,CYYZ,1757611013,1757616601,2025-09-11T17:16:53+00:00,2025-09-11T18:50:01+00:00,93
c058be,CYUL,YUL,Montreal,CYYZ,CYUL,CYUL,CYYZ,1757367551,1757793930,2025-09-08T21:39:11+00:00,2025-09-13T20:05:30+00:00,7106
c058be,CYYZ,YYZ,Toronto,CYUL,CYYZ,CYYZ,CYVR,1757884356,1757931937,2025-09-14T21:12:36+00:00,2025-09-15T10:25:37+00:00,793
c06a7f,CYUL,YUL,Montreal,CYYZ,CYUL,CYUL,CYYZ,1757193719,1757377136,2025-09-06T21:21:59+00:00,2025-09-09T00:18:56+00:00,3056
c06a7f,CYYZ,YYZ,Toronto,CYUL,CYYZ,CYYZ,CYUL,1757380212,1757793875,2025-09-09T01:10:12+00:00,2025-09-13T20:04:35+00:00,6894
c0193b,CYUL,YUL,Montreal,CYYZ,CYUL,CYUL,CYYZ,1757195623,1757212141,2025-09-06T21:53:43+00:00,2025-09-07T02:29:01+00:00,275
c08853,CYYC,YYC,Calgary,CYYZ,CYYC,CYYC,CYYZ,1757352368,1757357882,2025-09-08T17:26:08+00:00,2025-09-08T18:58:02+00:00,91
c08853,CYYZ,YYZ,Toronto,CYYC,CYYZ,CYYZ,CYVR,1757369906,1757601333,2025-09-08T22:18:26+00:00,2025-09-11T14:35:33+00:00,3857
c08853,CYUL,YUL,Montreal,CYYZ,CYUL,CYUL,CYYZ,1757650753,1757675042,2025-09-12T04:19:13+00:00,2025-09-12T11:04:02+00:00,404
c08853,CYYZ,YYZ,Toronto,CYUL,CYYZ,CYYZ,CYYC,1757678489,1757683302,2025-09-12T12:01:29+00:00,2025-09-12T13:21:42+00:00,80
c08853,CYYC,YYC,Calgary,CYYZ,CYYC,CYYC,CYYZ,1757697608,1757702792,2025-09-12T17:20:08+00:00,2025-09-12T18:46:32+00:00,86
c0617a,CYUL,YUL,Montreal,CYYZ,CYUL,CYUL,CYYZ,1757181190,1757186176,2025-09-06T17:53:10+00:00,2025-09-06T19:16:16+00:00,83
c0617a,CYYZ,YYZ,Toronto,CYUL,CYYZ,CYYZ,CYUL,1757189999,1757363982,2025-09-06T20:19:59+00:00,2025-09-08T20:39:42+00:00,2899
c00e6c,CYVR,YVR,Vancouver,CYYZ,CYVR,CYVR,CYYZ,1757916656,1757921206,2025-09-15T06:10:56+00:00,2025-09-15T07:26:46+00:00,75
c07a14,CYYZ,YYZ,Toronto,CYUL,CYYZ,CYYZ,CYUL,1757195414,1757376549,2025-09-06T21:50:14+00:00,2025-09-09T00:09:09+00:00,3018
c008a9,CYYC,YYC,Calgary,CYUL,CYYC,CYYC,CYUL,1757480759,1757489090,2025-09-10T05:05:59+00:00,2025-09-10T07:24:50+00:00,138
c008a9,CYUL,YUL,Montreal,CYYC,CYUL,CYUL,CYVR,1757502581,1757591384,2025-09-10T11:09:41+00:00,2025-09-11T11:49:44+00:00,1480
c008a9,CYYC,YYC,Calgary,CYUL,CYYC,CYYC,CYUL,1757912244,1757920720,2025-09-15T04:57:24+00:00,2025-09-15T07:18:40+00:00,141
c05060,CYVR,YVR,Vancouver,CYUL,CYVR,CYVR,CYUL,1757142106,1757225486,2025-09-06T07:01:46+00:00,2025-09-07T06:11:26+00:00,1389
c05060,CYUL,YUL,Montreal,CYVR,CYUL,CYUL,CYEG,1757241479,1757419878,2025-09-07T10:37:59+00:00,2025-09-09T12:11:18+00:00,2973
c05060,CYUL,YUL,Montreal,CYYC,CYUL,CYUL,CYVR,1757519816,1757642950,2025-09-10T15:56:56+00:00,2025-09-12T02:09:10+00:00,2052
c00fe2,CYYC,YYC,Calgary,CYVR,CYYC,CYYC,CYEG,1757267410,1757340019,2025-09-07T17:50:10+00:00,2025-09-08T14:00:19+00:00,1210
c00f34,CYYC,YYC,Calgary,CYVR,CYYC,CYYC,CYVR,1757226035,1757233083,2025-09-07T06:20:35+00:00,2025-09-07T08:18:03+00:00,117
c07866,CYYZ,YYZ,Toronto,CYYC,CYYZ,CYYZ,CYYC,1757279487,1757696812,2025-09-07T21:11:27+00:00,2025-09-12T17:06:52+00:00,6955
c0759f,CYYZ,YYZ,Toronto,CYYC,CYYZ,CYYZ,CYYC,1757276919,1757349134,2025-09-07T20:28:39+00:00,2025-09-08T16:32:14+00:00,1203
c05f01,CYYC,YYC,Calgary,CYEG,CYYC,CYYC,CYEG,1757278226,1757381166,2025-09-07T20:50:26+00:00,2025-09-09T01:26:06+00:00,1715
c05f01,CYEG,YEG,Edmonton,CYYC,CYEG,CYEG,CYYC,1757456999,1757523400,2025-09-09T22:29:59+00:00,2025-09-10T16:56:40+00:00,1106
c05f01,CYYC,YYC,Calgary,CYEG,CYYC,CYYC,CYEG,1757550768,1757615910,2025-09-11T00:32:48+00:00,2025-09-11T18:38:30+00:00,1085
c04d0a,CYYC,YYC,Calgary,CYVR,CYYC,CYYC,CYVR,1757792806,1757865160,2025-09-13T19:46:46+00:00,2025-09-14T15:52:40+00:00,1205
c02358,CYUL,YUL,Montreal,CYYZ,CYUL,CYUL,CYYZ,1757223016,1757237317,2025-09-07T05:30:16+00:00,2025-09-07T09:28:37+00:00,238
c02358,CYYZ,YYZ,Toronto,CYUL,CYYZ,CYYZ,CYUL,1757240996,1757910313,2025-09-07T10:29:56+00:00,2025-09-15T04:25:13+00:00,11155
c02358,CYUL,YUL,Montreal,CYYZ,CYUL,CYUL,CYYZ,1757913748,1757927584,2025-09-15T05:22:28+00:00,2025-09-15T09:13:04+00:00,230
c0584f,CYUL,YUL,Montreal,CYYZ,CYUL,CYUL,CYYZ,1757543488,1757623360,2025-09-10T22:31:28+00:00,2025-09-11T20:42:40+00:00,1331
c0584f,CYYZ,YYZ,Toronto,CYUL,CYYZ,CYYZ,CYUL,1757626583,1757970167,2025-09-11T21:36:23+00:00,2025-09-15T21:02:47+00:00,5726
c02fe7,CYYC,YYC,Calgary,CYVR,CYYC,CYYC,CYVR,1757386573,1757510154,2025-09-09T02:56:13+00:00,2025-09-10T13:15:54+00:00,2059
c02fe7,CYVR,YVR,Vancouver,CYYC,CYVR,CYVR,CYYZ,1757513969,1757596800,2025-09-10T14:19:29+00:00,2025-09-11T13:20:00+00:00,1380
c071a4,CYUL,YUL,Montreal,CYVR,CYUL,CYUL,CYVR,1757330264,1757335029,2025-09-08T11:17:44+00:00,2025-09-08T12:37:09+00:00,79
c071a4,CYVR,YVR,Vancouver,CYUL,CYVR,CYVR,CYEG,1757353044,1757359404,2025-09-08T17:37:24+00:00,2025-09-08T19:23:24+00:00,106
c052d7,CYVR,YVR,Vancouver,CYYZ,CYVR,CYVR,CYYZ,1757315919,1757348014,2025-09-08T07:18:39+00:00,2025-09-08T16:13:34+00:00,534
c080db,CYYC,YYC,Calgary,CYVR,CYYC,CYYC,CYVR,1757344464,1757350661,2025-09-08T15:14:24+00:00,2025-09-08T16:57:41+00:00,103
c080db,CYVR,YVR,Vancouver,CYEG,CYVR,CYVR,CYYC,1757471957,1757513670,2025-09-10T02:39:17+00:00,2025-09-10T14:14:30+00:00,695
c080db,CYYC,YYC,Calgary,CYVR,CYYC,CYYC,CYVR,1757517591,1757522102,2025-09-10T15:19:51+00:00,2025-09-10T16:35:02+00:00,75
c080db,CYYC,YYC,Calgary,CYYZ,CYYC,CYYC,CYYZ,1757787068,1757830236,2025-09-13T18:11:08+00:00,2025-09-14T06:10:36+00:00,719
c04aca,CYVR,YVR,Vancouver,CYYC,CYVR,CYVR,CYYC,1757306245,1757317118,2025-09-08T04:37:25+00:00,2025-09-08T07:38:38+00:00,181
c055f5,CYEG,YEG,Edmonton,CYYC,CYEG,CYEG,CYYC,1757876907,1757969729,2025-09-14T19:08:27+00:00,2025-09-15T20:55:29+00:00,1547
c011b6,CYVR,YVR,Vancouver,CYYC,CYVR,CYVR,CYYC,1757539966,1757733824,2025-09-10T21:32:46+00:00,2025-09-13T03:23:44+00:00,3230
c050b7,CYVR,YVR,Vancouver,CYYC,CYVR,CYVR,CYYC,1757629969,1757649965,2025-09-11T22:32:49+00:00,2025-09-12T04:06:05+00:00,333
c050b7,CYYC,YYC,Calgary,CYVR,CYYC,CYYC,CYVR,1757653751,1757959407,2025-09-12T05:09:11+00:00,2025-09-15T18:03:27+00:00,5094
c07525,CYYZ,YYZ,Toronto,CYYC,CYYZ,CYYZ,CYUL,1757369950,1757539267,2025-09-08T22:19:10+00:00,2025-09-10T21:21:07+00:00,2821
c07686,CYEG,YEG,Edmonton,CYYC,CYEG,CYEG,CYYC,1757358650,1757537510,2025-09-08T19:10:50+00:00,2025-09-10T20:51:50+00:00,2981
c07686,CYYC,YYC,Calgary,CYEG,CYYC,CYYC,CYVR,1757539753,1757593595,2025-09-10T21:29:13+00:00,2025-09-11T12:26:35+00:00,897
c07686,CYVR,YVR,Vancouver,CYYC,CYVR,CYVR,CYEG,1757599154,1757695162,2025-09-11T13:59:14+00:00,2025-09-12T16:39:22+00:00,1600
c07686,CYEG,YEG,Edmonton,CYVR,CYEG,CYEG,CYYC,1757701433,1757714210,2025-09-12T18:23:53+00:00,2025-09-12T21:56:50+00:00,212
c07686,CYYC,YYC,Calgary,CYEG,CYYC,CYYC,CYEG,1757716603,1757790874,2025-09-12T22:36:43+00:00,2025-09-13T19:14:34+00:00,1237
c07686,CYEG,YEG,Edmonton,CYYC,CYEG,CYEG,CYYC,1757818919,1757820253,2025-09-14T03:01:59+00:00,2025-09-14T03:24:13+00:00,22
c08177,CYYC,YYC,Calgary,CYYZ,CYYC,CYYC,CYYZ,1757350556,1757354986,2025-09-08T16:55:56+00:00,2025-09-08T18:09:46+00:00,73
c00899,CYVR,YVR,Vancouver,CYYZ,CYVR,CYVR,CYYC,1757429575,1757434881,2025-09-09T14:52:55+00:00,2025-09-09T16:21:21+00:00,88
c00899,CYYC,YYC,Calgary,CYVR,CYYC,CYYC,CYVR,1757438615,1757442351,2025-09-09T17:23:35+00:00,2025-09-09T18:25:51+00:00,62
c00899,CYVR,YVR,Vancouver,CYYC,CYVR,CYVR,CYYC,1757564171,1757599594,2025-09-11T04:16:11+00:00,2025-09-11T14:06:34+00:00,590
c00899,CYYC,YYC,Calgary,CYVR,CYYC,CYYC,CYVR,1757603579,1757608063,2025-09-11T15:12:59+00:00,2025-09-11T16:27:43+00:00,74
c00899,CYVR,YVR,Vancouver,CYYC,CYVR,CYVR,CYEG,1757611548,1757616158,2025-09-11T17:25:48+00:00,2025-09-11T18:42:38+00:00,76
c00899,CYVR,YVR,Vancouver,CYYC,CYVR,CYVR,CYEG,1757649868,1757691752,2025-09-12T04:04:28+00:00,2025-09-12T15:42:32+00:00,698
c00899,CYYC,YYC,Calgary,CYVR,CYYC,CYYC,CYVR,1757787553,1757792112,2025-09-13T18:19:13+00:00,2025-09-13T19:35:12+00:00,75
c00899,CYVR,YVR,Vancouver,CYYC,CYVR,CYVR,CYEG,1757796057,1757861046,2025-09-13T20:40:57+00:00,2025-09-14T14:44:06+00:00,1083
c00899,CYYC,YYC,Calgary,CYVR,CYYC,CYYC,CYVR,1757960609,1757965502,2025-09-15T18:23:29+00:00,2025-09-15T19:45:02+00:00,81
c0617c,CYUL,YUL,Montreal,CYVR,CYUL,CYUL,CYVR,1757535632,1757589014,2025-09-10T20:20:32+00:00,2025-09-11T11:10:14+00:00,889
c0617c,CYVR,YVR,Vancouver,CYUL,CYVR,CYVR,CYYZ,1757607464,1757612319,2025-09-11T16:17:44+00:00,2025-09-11T17:38:39+00:00,80
c0617c,CYYZ,YYZ,Toronto,CYVR,CYYZ,CYYZ,CYVR,1757628210,1757901152,2025-09-11T22:03:30+00:00,2025-09-15T01:52:32+00:00,4549
c0617c,CYVR,YVR,Vancouver,CYYZ,CYVR,CYVR,CYUL,1757917610,1757949634,2025-09-15T06:26:50+00:00,2025-09-15T15:20:34+00:00,533
740823,CYYZ,YYZ,Toronto,CYUL,CYYZ,CYYZ,CYUL,1757338703,1757345761,2025-09-08T13:38:23+00:00,2025-09-08T15:36:01+00:00,117
740823,CYUL,YUL,Montreal,CYYZ,CYUL,CYUL,CYYZ,1757348987,1757679940,2025-09-08T16:29:47+00:00,2025-09-12T12:25:40+00:00,5515
740823,CYYZ,YYZ,Toronto,CYUL,CYYZ,CYYZ,CYUL,1757683315,1757691690,2025-09-12T13:21:55+00:00,2025-09-12T15:41:30+00:00,139
740823,CYUL,YUL,Montreal,CYYZ,CYUL,CYUL,CYYZ,1757694899,1757939593,2025-09-12T16:34:59+00:00,2025-09-15T12:33:13+00:00,4078
740823,CYYZ,YYZ,Toronto,CYUL,CYYZ,CYYZ,CYUL,1757943237,1757950209,2025-09-15T13:33:57+00:00,2025-09-15T15:30:09+00:00,116
c0220d,CYUL,YUL,Montreal,CYYZ,CYUL,CYUL,CYYZ,1757391028,1757415633,2025-09-09T04:10:28+00:00,2025-09-09T11:00:33+00:00,410
c0220d,CYVR,YVR,Vancouver,CYUL,CYVR,CYVR,CYYC,1757957638,1757969054,2025-09-15T17:33:58+00:00,2025-09-15T20:44:14+00:00,190
c0424e,CYUL,YUL,Montreal,CYYZ,CYUL,CYUL,CYYZ,1757332092,1757520282,2025-09-08T11:48:12+00:00,2025-09-10T16:04:42+00:00,3136
c05dd8,CYUL,YUL,Montreal,CYYZ,CYUL,CYUL,CYYZ,1757308843,1757322822,2025-09-08T05:20:43+00:00,2025-09-08T09:13:42+00:00,232
c05dd8,CYYZ,YYZ,Toronto,CYUL,CYYZ,CYYZ,CYUL,1757326372,1757478992,2025-09-08T10:12:52+00:00,2025-09-10T04:36:32+00:00,2543
c05dd8,CYUL,YUL,Montreal,CYYZ,CYUL,CYUL,CYYZ,1757482327,1757495284,2025-09-10T05:32:07+00:00,2025-09-10T09:08:04+00:00,215
c058dd,CYYZ,YYZ,Toronto,CYUL,CYYZ,CYYZ,CYUL,1757365846,1757968272,2025-09-08T21:10:46+00:00,2025-09-15T20:31:12+00:00,10040
c06aac,CYYZ,YYZ,Toronto,CYUL,CYYZ,CYYZ,CYUL,1757294517,1757967000,2025-09-08T01:21:57+00:00,2025-09-15T20:10:00+00:00,11208
c01f1e,CYVR,YVR,Vancouver,CYYZ,CYVR,CYVR,CYYC,1757434794,1757444442,2025-09-09T16:19:54+00:00,2025-09-09T19:00:42+00:00,160
c01f1e,CYYZ,YYZ,Toronto,CYVR,CYYZ,CYYZ,CYEG,1757677408,1757687735,2025-09-12T11:43:28+00:00,2025-09-12T14:35:35+00:00,172
c01f1e,CYVR,YVR,Vancouver,CYYZ,CYVR,CYVR,CYYZ,1757802682,1757808555,2025-09-13T22:31:22+00:00,2025-09-14T00:09:15+00:00,97
c01f1e,CYYZ,YYZ,Toronto,CYVR,CYYZ,CYYZ,CYYC,1757823958,1757859548,2025-09-14T04:25:58+00:00,2025-09-14T14:19:08+00:00,593
c01dac,CYEG,YEG,Edmonton,CYVR,CYEG,CYEG,CYVR,1757436292,1757473418,2025-09-09T16:44:52+00:00,2025-09-10T03:03:38+00:00,618
c01dac,CYVR,YVR,Vancouver,CYEG,CYVR,CYVR,CYYZ,1757477504,1757484025,2025-09-10T04:11:44+00:00,2025-09-10T06:00:25+00:00,108
c01dac,CYYZ,YYZ,Toronto,CYVR,CYYZ,CYYZ,CYVR,1757499716,1757505889,2025-09-10T10:21:56+00:00,2025-09-10T12:04:49+00:00,102
c01dac,CYVR,YVR,Vancouver,CYYZ,CYVR,CYVR,CYYC,1757521857,1757531079,2025-09-10T16:30:57+00:00,2025-09-10T19:04:39+00:00,153
c01dac,CYYC,YYC,Calgary,CYYZ,CYYC,CYYC,CYYZ,1757655749,1757660751,2025-09-12T05:42:29+00:00,2025-09-12T07:05:51+00:00,83
c01dac,CYYZ,YYZ,Toronto,CYYC,CYYZ,CYYZ,CYYC,1757673562,1757703190,2025-09-12T10:39:22+00:00,2025-09-12T18:53:10+00:00,493
a500fa,CYYC,YYC,Calgary,CYVR,CYYC,CYYC,CYVR,1757428160,1757792901,2025-09-09T14:29:20+00:00,2025-09-13T19:48:21+00:00,6079
c051ec,CYYC,YYC,Calgary,CYYZ,CYYC,CYYC,CYYZ,1757428938,1757436870,2025-09-09T14:42:18+00:00,2025-09-09T16:54:30+00:00,132
c06c94,CYVR,YVR,Vancouver,CYYC,CYVR,CYVR,CYYC,1757693579,1757701624,2025-09-12T16:12:59+00:00,2025-09-12T18:27:04+00:00,134
c051e2,CYYC,YYC,Calgary,CYUL,CYYC,CYYC,CYUL,1757394790,1757402891,2025-09-09T05:13:10+00:00,2025-09-09T07:28:11+00:00,135
a5949e,CYEG,YEG,Edmonton,CYYC,CYEG,CYEG,CYYC,1757381426,1757949316,2025-09-09T01:30:26+00:00,2025-09-15T15:15:16+00:00,9464
c04fe4,CYUL,YUL,Montreal,CYYZ,CYUL,CYUL,CYVR,1757457458,1757504592,2025-09-09T22:37:38+00:00,2025-09-10T11:43:12+00:00,785
c06aaa,CYUL,YUL,Montreal,CYYZ,CYUL,CYUL,CYYZ,1757452773,1757723092,2025-09-09T21:19:33+00:00,2025-09-13T00:24:52+00:00,4505
c05ba9,CYVR,YVR,Vancouver,CYYZ,CYVR,CYVR,CYYZ,1757517372,1757524202,2025-09-10T15:16:12+00:00,2025-09-10T17:10:02+00:00,113
c04681,CYUL,YUL,Montreal,CYYZ,CYUL,CYUL,CYYZ,1757435572,1757878170,2025-09-09T16:32:52+00:00,2025-09-14T19:29:30+00:00,7376
c00ae5,CYYZ,YYZ,Toronto,CYUL,CYYZ,CYYZ,CYUL,1757422016,1757427186,2025-09-09T12:46:56+00:00,2025-09-09T14:13:06+00:00,86
c0172e,CYVR,YVR,Vancouver,CYYZ,CYVR,CYVR,CYYZ,1757435666,1757952843,2025-09-09T16:34:26+00:00,2025-09-15T16:14:03+00:00,8619
c0307a,CYYZ,YYZ,Toronto,CYVR,CYYZ,CYYZ,CYUL,1757498802,1757505789,2025-09-10T10:06:42+00:00,2025-09-10T12:03:09+00:00,116
c0307a,CYUL,YUL,Montreal,CYYZ,CYUL,CYUL,CYYZ,1757509821,1757514305,2025-09-10T13:10:21+00:00,2025-09-10T14:25:05+00:00,74
c0307a,CYYZ,YYZ,Toronto,CYUL,CYYZ,CYYZ,CYYC,1757517683,1757524452,2025-09-10T15:21:23+00:00,2025-09-10T17:14:12+00:00,112
c0307a,CYVR,YVR,Vancouver,CYYZ,CYVR,CYVR,CYYC,1757612272,1757654550,2025-09-11T17:37:52+00:00,2025-09-12T05:22:30+00:00,704
c0307a,CYYC,YYC,Calgary,CYVR,CYYC,CYYC,CYUL,1757658308,1757678790,2025-09-12T06:25:08+00:00,2025-09-12T12:06:30+00:00,341
c0307a,CYUL,YUL,Montreal,CYYC,CYUL,CYUL,CYEG,1757692362,1757698896,2025-09-12T15:52:42+00:00,2025-09-12T17:41:36+00:00,108
c0314c,CYYC,YYC,Calgary,CYEG,CYYC,CYYC,CYVR,1757541137,1757595375,2025-09-10T21:52:17+00:00,2025-09-11T12:56:15+00:00,903
c052ca,CYVR,YVR,Vancouver,CYYC,CYVR,CYVR,CYYC,1757543174,1757637839,2025-09-10T22:26:14+00:00,2025-09-12T00:43:59+00:00,1577
c052ca,CYYC,YYC,Calgary,CYVR,CYYC,CYYC,CYEG,1757642239,1757656339,2025-09-12T01:57:19+00:00,2025-09-12T05:52:19+00:00,235
c052ca,CYVR,YVR,Vancouver,CYYZ,CYVR,CYVR,CYEG,1757717515,1757863906,2025-09-12T22:51:55+00:00,2025-09-14T15:31:46+00:00,2439
c02fe9,CYYC,YYC,Calgary,CYEG,CYYC,CYYC,CYYZ,1757474679,1757951912,2025-09-10T03:24:39+00:00,2025-09-15T15:58:32+00:00,7953
c063c0,CYYC,YYC,Calgary,CYEG,CYYC,CYYC,CYEG,1757471548,1757624320,2025-09-10T02:32:28+00:00,2025-09-11T20:58:40+00:00,2546
c0706f,CYYZ,YYZ,Toronto,CYUL,CYYZ,CYYZ,CYUL,1757508235,1757535841,2025-09-10T12:43:55+00:00,2025-09-10T20:24:01+00:00,460
c0226c,CYYC,YYC,Calgary,CYYZ,CYYC,CYYC,CYYZ,1757538990,1757618343,2025-09-10T21:16:30+00:00,2025-09-11T19:19:03+00:00,1322
c0226c,CYYZ,YYZ,Toronto,CYYC,CYYZ,CYYZ,CYVR,1757630527,1757730663,2025-09-11T22:42:07+00:00,2025-09-13T02:31:03+00:00,1668
c0226c,CYVR,YVR,Vancouver,CYYZ,CYVR,CYVR,CYYZ,1757747428,1757771521,2025-09-13T07:10:28+00:00,2025-09-13T13:52:01+00:00,401
c0226c,CYYZ,YYZ,Toronto,CYVR,CYYZ,CYYZ,CYVR,1757786697,1757932566,2025-09-13T18:04:57+00:00,2025-09-15T10:36:06+00:00,2431
740828,CYYZ,YYZ,Toronto,CYUL,CYYZ,CYYZ,CYUL,1757511262,1757518473,2025-09-10T13:34:22+00:00,2025-09-10T15:34:33+00:00,120
c0648b,CYYZ,YYZ,Toronto,CYUL,CYYZ,CYYZ,CYUL,1757515501,1757871791,2025-09-10T14:45:01+00:00,2025-09-14T17:43:11+00:00,5938
c04d70,CYYC,YYC,Calgary,CYVR,CYYC,CYYC,CYVR,1757624231,1757911784,2025-09-11T20:57:11+00:00,2025-09-15T04:49:44+00:00,4792
c01fb9,CYYC,YYC,Calgary,CYVR,CYYC,CYYC,CYYZ,1757559799,1757564911,2025-09-11T03:03:19+00:00,2025-09-11T04:28:31+00:00,85
c01fb9,CYYC,YYC,Calgary,CYVR,CYYC,CYYC,CYVR,1757734089,1757933463,2025-09-13T03:28:09+00:00,2025-09-15T10:51:03+00:00,3322
c02039,CYYC,YYC,Calgary,CYYZ,CYYC,CYYC,CYVR,1757580236,1757585523,2025-09-11T08:43:56+00:00,2025-09-11T10:12:03+00:00,88
c02039,CYVR,YVR,Vancouver,CYYC,CYVR,CYVR,CYYZ,1757589008,1757642853,2025-09-11T11:10:08+00:00,2025-09-12T02:07:33+00:00,897
c060c7,CYUL,YUL,Montreal,CYVR,CYUL,CYUL,CYYZ,1757792972,1757858742,2025-09-13T19:49:32+00:00,2025-09-14T14:05:42+00:00,1096
c07c7a,CYUL,YUL,Montreal,CYYZ,CYUL,CYUL,CYYZ,1757685505,1757690872,2025-09-12T13:58:25+00:00,2025-09-12T15:27:52+00:00,89
c059df,CYUL,YUL,Montreal,CYYZ,CYUL,CYUL,CYYZ,1757600488,1757612393,2025-09-11T14:21:28+00:00,2025-09-11T17:39:53+00:00,198
c01a5c,CYUL,YUL,Montreal,CYYZ,CYUL,CYUL,CYYZ,1757567818,1757582072,2025-09-11T05:16:58+00:00,2025-09-11T09:14:32+00:00,237
c055c6,CYYC,YYC,Calgary,CYVR,CYYC,CYYC,CYVR,1757711152,1757811431,2025-09-12T21:05:52+00:00,2025-09-14T00:57:11+00:00,1671
c023b7,CYUL,YUL,Montreal,CYVR,CYUL,CYUL,CYYZ,1757709210,1757886425,2025-09-12T20:33:30+00:00,2025-09-14T21:47:05+00:00,2953
c023b7,CYYZ,YYZ,Toronto,CYUL,CYYZ,CYYZ,CYUL,1757889423,1757958532,2025-09-14T22:37:03+00:00,2025-09-15T17:48:52+00:00,1151
c01530,CYVR,YVR,Vancouver,CYYC,CYVR,CYVR,CYYC,1757712781,1757879532,2025-09-12T21:33:01+00:00,2025-09-14T19:52:12+00:00,2779
c063eb,CYUL,YUL,Montreal,CYYC,CYUL,CYUL,CYYZ,1757710307,1757934205,2025-09-12T20:51:47+00:00,2025-09-15T11:03:25+00:00,3731
c078c0,CYVR,YVR,Vancouver,CYYC,CYVR,CYVR,CYYC,1757696548,1757902772,2025-09-12T17:02:28+00:00,2025-09-15T02:19:32+00:00,3437
c051c6,CYUL,YUL,Montreal,CYYZ,CYUL,CYUL,CYYZ,1757717992,1757810422,2025-09-12T22:59:52+00:00,2025-09-14T00:40:22+00:00,1540
c013c3,CYUL,YUL,Montreal,CYYZ,CYUL,CYUL,CYYZ,1757651117,1757675267,2025-09-12T04:25:17+00:00,2025-09-12T11:07:47+00:00,402
c013c3,CYYZ,YYZ,Toronto,CYUL,CYYZ,CYYZ,CYEG,1757678697,1757688842,2025-09-12T12:04:57+00:00,2025-09-12T14:54:02+00:00,169
c013c3,CYUL,YUL,Montreal,CYYZ,CYUL,CYUL,CYVR,1757726999,1757870390,2025-09-13T01:29:59+00:00,2025-09-14T17:19:50+00:00,2389
c013c3,CYVR,YVR,Vancouver,CYUL,CYVR,CYVR,CYUL,1757888282,1757894530,2025-09-14T22:18:02+00:00,2025-09-15T00:02:10+00:00,104
c013c3,CYUL,YUL,Montreal,CYVR,CYUL,CYUL,CYYZ,1757911181,1757934631,2025-09-15T04:39:41+00:00,2025-09-15T11:10:31+00:00,390
c03f02,CYYC,YYC,Calgary,CYYZ,CYYC,CYYC,CYEG,1757688159,1757742737,2025-09-12T14:42:39+00:00,2025-09-13T05:52:17+00:00,909
c05aac,CYYZ,YYZ,Toronto,CYUL,CYYZ,CYYZ,CYUL,1757704428,1757731405,2025-09-12T19:13:48+00:00,2025-09-13T02:43:25+00:00,449
c01ca9,CYVR,YVR,Vancouver,CYYC,CYVR,CYVR,CYYC,1757791431,1757866981,2025-09-13T19:23:51+00:00,2025-09-14T16:23:01+00:00,1259
c053f6,CYUL,YUL,Montreal,CYYZ,CYUL,CYUL,CYYC,1757802065,1757811281,2025-09-13T22:21:05+00:00,2025-09-14T00:54:41+00:00,153
c053f6,CYYC,YYC,Calgary,CYUL,CYYC,CYYC,CYUL,1757825154,1757834453,2025-09-14T04:45:54+00:00,2025-09-14T07:20:53+00:00,154
c05d3c,CYUL,YUL,Montreal,CYYZ,CYUL,CYUL,CYYZ,1757741366,1757754369,2025-09-13T05:29:26+00:00,2025-09-13T09:06:09+00:00,216
c04af4,CYYC,YYC,Calgary,CYVR,CYYC,CYYC,CYVR,1757862594,1757867794,2025-09-14T15:09:54+00:00,2025-09-14T16:36:34+00:00,86
c04ff7,CYYC,YYC,Calgary,CYVR,CYYC,CYYC,CYYZ,1757820967,1757831462,2025-09-14T03:36:07+00:00,2025-09-14T06:31:02+00:00,174
c04ff7,CYYZ,YYZ,Toronto,CYYC,CYYZ,CYYZ,CYUL,1757843818,1757851569,2025-09-14T09:56:58+00:00,2025-09-14T12:06:09+00:00,129
c04ff7,CYUL,YUL,Montreal,CYYZ,CYUL,CYUL,CYYZ,1757855411,1757859592,2025-09-14T13:10:11+00:00,2025-09-14T14:19:52+00:00,69
c04ff7,CYYZ,YYZ,Toronto,CYUL,CYYZ,CYYZ,CYYC,1757862719,1757869771,2025-09-14T15:11:59+00:00,2025-09-14T17:09:31+00:00,117
c04ff7,CYYC,YYC,Calgary,CYYZ,CYYC,CYYC,CYVR,1757921366,1757947096,2025-09-15T07:29:26+00:00,2025-09-15T14:38:16+00:00,428
c0850c,CYYC,YYC,Calgary,CYVR,CYYC,CYYC,CYVR,1757953554,1757971489,2025-09-15T16:25:54+00:00,2025-09-15T21:24:49+00:00,298
c05f0e,CYEG,YEG,Edmonton,CYYC,CYEG,CYEG,CYYC,1757912273,1757955573,2025-09-15T04:57:53+00:00,2025-09-15T16:59:33+00:00,721
c01f60,CYUL,YUL,Montreal,CYYZ,CYUL,CYUL,CYYZ,1757944724,1757963236,2025-09-15T13:58:44+00:00,2025-09-15T19:07:16+00:00,308
c02d5d,CYUL,YUL,Montreal,CYYZ,CYUL,CYUL,CYYZ,1757936517,1757940554,2025-09-15T11:41:57+00:00,2025-09-15T12:49:14+00:00,67
